step,tokens_seen,loss,learning_rate,gradient_norm_before_clipping,step_seconds,timestamp_utc
0,262144,10.9874,1.06e-06,24.295,3.8,2026-09-20T06:14:04.713670+00:00
1,524288,10.8801,2.12e-06,23.501,1.4,2026-09-20T06:14:06.099320+00:00
2,786432,10.6905,3.18e-06,21.14,1.1,2026-09-20T06:14:07.167580+00:00
3,1048576,10.4256,4.24e-06,18.262,1.0,2026-09-20T06:14:08.126161+00:00
4,1310720,10.1649,5.3e-06,14.519,0.9,2026-09-20T06:14:09.005122+00:00
5,1572864,9.9022,6.36e-06,12.597,0.8,2026-09-20T06:14:09.849212+00:00
6,1835008,9.6745,7.42e-06,11.381,0.8,2026-09-20T06:14:10.667981+00:00
7,2097152,9.4973,8.48e-06,10.219,0.8,2026-09-20T06:14:11.477867+00:00
8,2359296,9.2599,9.54e-06,9.664,0.8,2026-09-20T06:14:12.269295+00:00
9,2621440,9.0518,1.06e-05,9.321,0.8,2026-09-20T06:14:13.063165+00:00
10,2883584,8.8664,1.17e-05,9.184,0.8,2026-09-20T06:14:13.854956+00:00
11,3145728,8.7215,1.27e-05,9.169,0.8,2026-09-20T06:14:14.653106+00:00
12,3407872,8.476,1.38e-05,9.451,0.8,2026-09-20T06:14:15.444706+00:00
13,3670016,8.1344,1.48e-05,9.461,0.8,2026-09-20T06:14:16.231042+00:00
14,3932160,7.9934,1.59e-05,8.49,0.8,2026-09-20T06:14:17.007740+00:00
15,4194304,7.8508,1.7e-05,7.042,0.8,2026-09-20T06:14:17.790970+00:00
16,4456448,7.6629,1.8e-05,5.71,0.8,2026-09-20T06:14:18.570056+00:00
17,4718592,7.463,1.91e-05,4.908,0.8,2026-09-20T06:14:19.354787+00:00
18,4980736,7.4376,2.01e-05,4.451,0.8,2026-09-20T06:14:20.134337+00:00
19,5242880,7.1743,2.12e-05,4.093,0.8,2026-09-20T06:14:20.918552+00:00
20,5505024,7.0917,2.23e-05,3.528,0.8,2026-09-20T06:14:21.701150+00:00
21,5767168,6.9155,2.33e-05,3.542,0.8,2026-09-20T06:14:22.483289+00:00
22,6029312,6.8391,2.44e-05,3.061,0.8,2026-09-20T06:14:23.273863+00:00
23,6291456,6.6977,2.54e-05,3.098,0.8,2026-09-20T06:14:24.060689+00:00
24,6553600,6.6939,2.65e-05,3.02,0.8,2026-09-20T06:14:24.841761+00:00
25,6815744,6.7194,2.76e-05,2.916,0.8,2026-09-20T06:14:25.627769+00:00
26,7077888,6.5769,2.86e-05,2.184,0.8,2026-09-20T06:14:26.409372+00:00
27,7340032,6.4353,2.97e-05,2.241,0.8,2026-09-20T06:14:27.191579+00:00
28,7602176,6.5124,3.07e-05,2.12,0.8,2026-09-20T06:14:27.973740+00:00
29,7864320,6.4815,3.18e-05,2.539,0.8,2026-09-20T06:14:28.755858+00:00
30,8126464,6.4075,3.29e-05,2.198,0.8,2026-09-20T06:14:29.533513+00:00
31,8388608,6.4124,3.39e-05,2.425,0.8,2026-09-20T06:14:30.318151+00:00
32,8650752,6.3466,3.5e-05,2.394,0.8,2026-09-20T06:14:31.096398+00:00
33,8912896,6.2555,3.6e-05,2.804,0.8,2026-09-20T06:14:31.874012+00:00
34,9175040,6.2796,3.71e-05,1.815,0.8,2026-09-20T06:14:32.655304+00:00
35,9437184,6.3034,3.82e-05,1.775,0.8,2026-09-20T06:14:33.433546+00:00
36,9699328,6.1905,3.92e-05,1.929,0.8,2026-09-20T06:14:34.212934+00:00
37,9961472,6.0332,4.03e-05,2.048,0.8,2026-09-20T06:14:35.000510+00:00
38,10223616,6.0032,4.13e-05,1.958,0.8,2026-09-20T06:14:35.780817+00:00
39,10485760,6.0261,4.24e-05,1.724,0.8,2026-09-20T06:14:36.568340+00:00
40,10747904,5.9945,4.35e-05,2.118,0.8,2026-09-20T06:14:37.360578+00:00
41,11010048,5.9544,4.45e-05,2.712,0.8,2026-09-20T06:14:38.154607+00:00
42,11272192,5.9081,4.56e-05,2.068,0.8,2026-09-20T06:14:38.946097+00:00
43,11534336,6.0263,4.66e-05,1.981,0.8,2026-09-20T06:14:39.737444+00:00
44,11796480,5.7722,4.77e-05,1.789,0.8,2026-09-20T06:14:40.543356+00:00
45,12058624,5.8308,4.88e-05,2.023,0.8,2026-09-20T06:14:41.365103+00:00
46,12320768,5.7186,4.98e-05,2.284,0.8,2026-09-20T06:14:42.165437+00:00
47,12582912,5.6332,5.09e-05,1.948,0.8,2026-09-20T06:14:42.963669+00:00
48,12845056,5.5773,5.19e-05,1.593,0.8,2026-09-20T06:14:43.759561+00:00
49,13107200,5.6252,5.3e-05,1.474,0.8,2026-09-20T06:14:44.551938+00:00
50,13369344,5.4627,5.41e-05,1.454,0.8,2026-09-20T06:15:00.406524+00:00
51,13631488,5.6537,5.51e-05,1.809,0.8,2026-09-20T06:15:01.194447+00:00
52,13893632,5.4277,5.62e-05,2.923,0.8,2026-09-20T06:15:01.991123+00:00
53,14155776,5.4274,5.72e-05,1.669,0.8,2026-09-20T06:15:02.782101+00:00
54,14417920,5.3229,5.83e-05,2.213,0.8,2026-09-20T06:15:03.566969+00:00
55,14680064,5.4214,5.94e-05,1.565,0.8,2026-09-20T06:15:04.354496+00:00
56,14942208,5.2732,6.04e-05,1.531,0.8,2026-09-20T06:15:05.134444+00:00
57,15204352,5.2996,6.15e-05,2.095,0.8,2026-09-20T06:15:05.911838+00:00
58,15466496,5.2235,6.25e-05,1.487,0.8,2026-09-20T06:15:06.689821+00:00
59,15728640,5.1889,6.36e-05,1.804,0.8,2026-09-20T06:15:07.469758+00:00
60,15990784,5.2269,6.47e-05,1.71,0.8,2026-09-20T06:15:08.251287+00:00
61,16252928,5.0365,6.57e-05,1.51,0.8,2026-09-20T06:15:09.032110+00:00
62,16515072,5.1001,6.68e-05,1.563,0.8,2026-09-20T06:15:09.820934+00:00
63,16777216,5.0295,6.78e-05,1.838,0.8,2026-09-20T06:15:10.601285+00:00
64,17039360,5.0163,6.89e-05,2.042,0.8,2026-09-20T06:15:11.382306+00:00
65,17301504,5.017,7e-05,1.8,0.8,2026-09-20T06:15:12.165313+00:00
66,17563648,4.9857,7.1e-05,1.304,0.8,2026-09-20T06:15:12.947029+00:00
67,17825792,4.8265,7.21e-05,1.512,0.8,2026-09-20T06:15:13.726433+00:00
68,18087936,4.9108,7.31e-05,1.447,0.8,2026-09-20T06:15:14.505427+00:00
69,18350080,4.8735,7.42e-05,1.316,0.8,2026-09-20T06:15:15.284318+00:00
70,18612224,4.891,7.53e-05,1.385,0.8,2026-09-20T06:15:16.065955+00:00
71,18874368,4.8927,7.63e-05,1.563,0.8,2026-09-20T06:15:16.844420+00:00
72,19136512,4.7914,7.74e-05,1.693,0.8,2026-09-20T06:15:17.622317+00:00
73,19398656,4.6386,7.84e-05,1.542,0.8,2026-09-20T06:15:18.400379+00:00
74,19660800,4.6978,7.95e-05,1.67,0.8,2026-09-20T06:15:19.178946+00:00
75,19922944,4.6529,8.06e-05,1.19,0.8,2026-09-20T06:15:19.956848+00:00
76,20185088,4.6631,8.16e-05,1.265,0.8,2026-09-20T06:15:20.735765+00:00
77,20447232,4.4701,8.27e-05,1.759,0.8,2026-09-20T06:15:21.515058+00:00
78,20709376,4.5057,8.37e-05,1.263,0.8,2026-09-20T06:15:22.293021+00:00
79,20971520,4.5492,8.48e-05,1.063,0.8,2026-09-20T06:15:23.076571+00:00
80,21233664,4.5009,8.59e-05,1.633,0.8,2026-09-20T06:15:23.855718+00:00
81,21495808,4.5573,8.69e-05,1.089,0.8,2026-09-20T06:15:24.633835+00:00
82,21757952,4.3834,8.8e-05,1.606,0.8,2026-09-20T06:15:25.411478+00:00
83,22020096,4.4791,8.9e-05,1.328,0.8,2026-09-20T06:15:26.189428+00:00
84,22282240,4.4061,9.01e-05,1.906,0.8,2026-09-20T06:15:26.967861+00:00
85,22544384,4.5401,9.12e-05,1.419,0.8,2026-09-20T06:15:27.746550+00:00
86,22806528,4.2946,9.22e-05,1.496,0.8,2026-09-20T06:15:28.527817+00:00
87,23068672,4.4768,9.33e-05,1.423,0.8,2026-09-20T06:15:29.306208+00:00
88,23330816,4.3936,9.43e-05,1.557,0.8,2026-09-20T06:15:30.084880+00:00
89,23592960,4.3245,9.54e-05,1.128,0.8,2026-09-20T06:15:30.863523+00:00
90,23855104,4.4346,9.65e-05,1.038,0.8,2026-09-20T06:15:31.641400+00:00
91,24117248,4.2497,9.75e-05,1.294,0.8,2026-09-20T06:15:32.419326+00:00
92,24379392,4.3181,9.86e-05,1.212,0.8,2026-09-20T06:15:33.197225+00:00
93,24641536,4.2832,9.96e-05,1.295,0.8,2026-09-20T06:15:33.975831+00:00
94,24903680,4.1803,0.000101,1.085,0.8,2026-09-20T06:15:34.755258+00:00
95,25165824,4.3266,0.000102,1.908,0.8,2026-09-20T06:15:35.534162+00:00
96,25427968,4.3028,0.000103,0.905,0.8,2026-09-20T06:15:36.312635+00:00
97,25690112,4.1913,0.000104,1.785,0.8,2026-09-20T06:15:37.091188+00:00
98,25952256,4.2894,0.000105,1.434,0.8,2026-09-20T06:15:37.869511+00:00
99,26214400,4.1406,0.000106,1.177,0.8,2026-09-20T06:15:38.648407+00:00
100,26476544,4.226,0.000107,1.81,0.8,2026-09-20T06:15:57.513157+00:00
101,26738688,4.2348,0.000108,1.026,0.8,2026-09-20T06:15:58.294377+00:00
102,27000832,4.151,0.000109,1.36,0.8,2026-09-20T06:15:59.071856+00:00
103,27262976,4.2119,0.00011,0.959,0.8,2026-09-20T06:15:59.848344+00:00
104,27525120,4.1734,0.000111,0.787,0.8,2026-09-20T06:16:00.626939+00:00
105,27787264,4.0845,0.000112,1.032,0.8,2026-09-20T06:16:01.404604+00:00
106,28049408,4.1917,0.000113,1.509,0.8,2026-09-20T06:16:02.183144+00:00
107,28311552,4.1258,0.000114,1.706,0.8,2026-09-20T06:16:02.961754+00:00
108,28573696,4.1192,0.000116,1.767,0.8,2026-09-20T06:16:03.742373+00:00
109,28835840,4.1009,0.000117,0.967,0.8,2026-09-20T06:16:04.522544+00:00
110,29097984,4.0117,0.000118,0.95,0.8,2026-09-20T06:16:05.302165+00:00
111,29360128,4.1444,0.000119,1.104,0.8,2026-09-20T06:16:06.081890+00:00
112,29622272,4.0866,0.00012,1.439,0.8,2026-09-20T06:16:06.859853+00:00
113,29884416,3.9807,0.000121,1.112,0.8,2026-09-20T06:16:07.638199+00:00
114,30146560,4.0803,0.000122,1.344,0.8,2026-09-20T06:16:08.416118+00:00
115,30408704,4.117,0.000123,1.584,0.8,2026-09-20T06:16:09.194315+00:00
116,30670848,3.9798,0.000124,1.265,0.8,2026-09-20T06:16:09.973444+00:00
117,30932992,3.9976,0.000125,1.347,0.8,2026-09-20T06:16:10.751474+00:00
118,31195136,4.0432,0.000126,1.231,0.8,2026-09-20T06:16:11.531281+00:00
119,31457280,4.0282,0.000127,1.24,0.8,2026-09-20T06:16:12.314929+00:00
120,31719424,4.0747,0.000128,1.157,0.8,2026-09-20T06:16:13.093172+00:00
121,31981568,3.9577,0.000129,2.249,0.8,2026-09-20T06:16:13.871800+00:00
122,32243712,3.9798,0.00013,1.25,0.8,2026-09-20T06:16:14.649698+00:00
123,32505856,3.9736,0.000131,1.561,0.8,2026-09-20T06:16:15.431810+00:00
124,32768000,3.9683,0.000133,1.624,0.8,2026-09-20T06:16:16.210790+00:00
125,33030144,3.9728,0.000134,1.031,0.8,2026-09-20T06:16:16.990492+00:00
126,33292288,3.9958,0.000135,1.289,0.8,2026-09-20T06:16:17.768625+00:00
127,33554432,3.9244,0.000136,1.894,0.8,2026-09-20T06:16:18.546543+00:00
128,33816576,3.9454,0.000137,1.104,0.8,2026-09-20T06:16:19.324688+00:00
129,34078720,3.8758,0.000138,1.272,0.8,2026-09-20T06:16:20.102518+00:00
130,34340864,3.9222,0.000139,1.687,0.8,2026-09-20T06:16:20.881001+00:00
131,34603008,3.9041,0.00014,0.989,0.8,2026-09-20T06:16:21.658597+00:00
132,34865152,3.8281,0.000141,1.537,0.8,2026-09-20T06:16:22.437562+00:00
133,35127296,3.8823,0.000142,0.982,0.8,2026-09-20T06:16:23.216013+00:00
134,35389440,3.8918,0.000143,1.586,0.8,2026-09-20T06:16:23.993988+00:00
135,35651584,3.8025,0.000144,1.237,0.8,2026-09-20T06:16:24.772187+00:00
136,35913728,3.7956,0.000145,1.396,0.8,2026-09-20T06:16:25.550311+00:00
137,36175872,3.8641,0.000146,1.153,0.8,2026-09-20T06:16:26.328374+00:00
138,36438016,3.877,0.000147,0.847,0.8,2026-09-20T06:16:27.107401+00:00
139,36700160,3.9141,0.000148,0.971,0.8,2026-09-20T06:16:27.886052+00:00
140,36962304,3.8784,0.000149,1.349,0.8,2026-09-20T06:16:28.664961+00:00
141,37224448,3.8755,0.000151,1.17,0.8,2026-09-20T06:16:29.442940+00:00
142,37486592,3.9137,0.000152,1.972,0.8,2026-09-20T06:16:30.222589+00:00
143,37748736,3.7997,0.000153,1.219,0.8,2026-09-20T06:16:31.000298+00:00
144,38010880,3.7525,0.000154,0.994,0.8,2026-09-20T06:16:31.779323+00:00
145,38273024,3.8901,0.000155,1.441,0.8,2026-09-20T06:16:32.561002+00:00
146,38535168,3.773,0.000156,1.219,0.8,2026-09-20T06:16:33.340665+00:00
147,38797312,3.809,0.000157,1.873,0.8,2026-09-20T06:16:34.119815+00:00
148,39059456,3.8896,0.000158,1.169,0.8,2026-09-20T06:16:34.904887+00:00
149,39321600,3.8773,0.000159,1.186,0.8,2026-09-20T06:16:35.683064+00:00
150,39583744,3.8776,0.00016,1.233,0.8,2026-09-20T06:16:54.803497+00:00
151,39845888,3.7747,0.000161,1.152,0.8,2026-09-20T06:16:55.580135+00:00
152,40108032,3.7679,0.000162,1.126,0.8,2026-09-20T06:16:56.357846+00:00
153,40370176,3.7481,0.000163,1.211,0.8,2026-09-20T06:16:57.137814+00:00
154,40632320,3.7464,0.000164,0.944,0.8,2026-09-20T06:16:57.916594+00:00
155,40894464,3.8543,0.000165,1.135,0.8,2026-09-20T06:16:58.696177+00:00
156,41156608,3.7123,0.000166,1.012,0.8,2026-09-20T06:16:59.473667+00:00
157,41418752,3.7503,0.000167,0.654,0.8,2026-09-20T06:17:00.251381+00:00
158,41680896,3.7646,0.000169,0.893,0.8,2026-09-20T06:17:01.030282+00:00
159,41943040,3.7021,0.00017,1.821,0.8,2026-09-20T06:17:01.811431+00:00
160,42205184,3.7437,0.000171,2.053,0.8,2026-09-20T06:17:02.590590+00:00
161,42467328,3.8146,0.000172,0.901,0.8,2026-09-20T06:17:03.368571+00:00
162,42729472,3.7086,0.000173,1.417,0.8,2026-09-20T06:17:04.147653+00:00
163,42991616,3.6982,0.000174,2.05,0.8,2026-09-20T06:17:04.925801+00:00
164,43253760,3.7574,0.000175,1.765,0.8,2026-09-20T06:17:05.703867+00:00
165,43515904,3.7025,0.000176,1.357,0.8,2026-09-20T06:17:06.482303+00:00
166,43778048,3.6261,0.000177,1.297,0.8,2026-09-20T06:17:07.260515+00:00
167,44040192,3.71,0.000178,0.952,0.8,2026-09-20T06:17:08.038483+00:00
168,44302336,3.8195,0.000179,1.906,0.8,2026-09-20T06:17:08.816427+00:00
169,44564480,3.6627,0.00018,2.283,0.8,2026-09-20T06:17:09.595206+00:00
170,44826624,3.7107,0.000181,1.196,0.8,2026-09-20T06:17:10.373126+00:00
171,45088768,3.7137,0.000182,1.239,0.8,2026-09-20T06:17:11.152987+00:00
172,45350912,3.7019,0.000183,2.97,0.8,2026-09-20T06:17:11.933686+00:00
173,45613056,3.6901,0.000184,2.307,0.8,2026-09-20T06:17:12.715541+00:00
174,45875200,3.5926,0.000186,0.826,0.8,2026-09-20T06:17:13.494525+00:00
175,46137344,3.7096,0.000187,0.933,0.8,2026-09-20T06:17:14.273442+00:00
176,46399488,3.6433,0.000188,0.881,0.8,2026-09-20T06:17:15.051700+00:00
177,46661632,3.6449,0.000189,2.416,0.8,2026-09-20T06:17:15.829749+00:00
178,46923776,3.8964,0.00019,7.015,0.8,2026-09-20T06:17:16.608027+00:00
179,47185920,3.7621,0.000191,2.934,0.8,2026-09-20T06:17:17.385762+00:00
180,47448064,3.8022,0.000192,2.824,0.8,2026-09-20T06:17:18.163881+00:00
181,47710208,3.6809,0.000193,1.514,0.8,2026-09-20T06:17:18.942637+00:00
182,47972352,3.6036,0.000194,1.614,0.8,2026-09-20T06:17:19.721704+00:00
183,48234496,3.593,0.000195,0.853,0.8,2026-09-20T06:17:20.499992+00:00
184,48496640,3.6725,0.000196,1.262,0.8,2026-09-20T06:17:21.280103+00:00
185,48758784,3.7017,0.000197,0.91,0.8,2026-09-20T06:17:22.057813+00:00
186,49020928,3.5903,0.000198,1.501,0.8,2026-09-20T06:17:22.836793+00:00
187,49283072,3.7921,0.000199,0.973,0.8,2026-09-20T06:17:23.615276+00:00
188,49545216,3.6125,0.0002,1.096,0.8,2026-09-20T06:17:24.396406+00:00
189,49807360,3.6615,0.000201,0.844,0.8,2026-09-20T06:17:25.175243+00:00
190,50069504,3.6527,0.000202,0.874,0.8,2026-09-20T06:17:25.954017+00:00
191,50331648,3.6392,0.000204,0.794,0.8,2026-09-20T06:17:26.731657+00:00
192,50593792,3.6464,0.000205,0.91,0.8,2026-09-20T06:17:27.511852+00:00
193,50855936,3.642,0.000206,1.185,0.8,2026-09-20T06:17:28.291713+00:00
194,51118080,3.6262,0.000207,1.486,0.8,2026-09-20T06:17:29.074195+00:00
195,51380224,3.6065,0.000208,0.797,0.8,2026-09-20T06:17:29.851100+00:00
196,51642368,3.5752,0.000209,1.734,0.8,2026-09-20T06:17:30.629973+00:00
197,51904512,3.7252,0.00021,2.351,0.8,2026-09-20T06:17:31.408446+00:00
198,52166656,3.5995,0.000211,0.857,0.8,2026-09-20T06:17:32.188291+00:00
199,52428800,3.6556,0.000212,1.515,0.8,2026-09-20T06:17:32.967936+00:00
200,52690944,3.4583,0.000213,0.788,0.8,2026-09-20T06:17:53.029195+00:00
201,52953088,3.6716,0.000214,0.962,0.8,2026-09-20T06:17:53.808422+00:00
202,53215232,3.663,0.000215,0.956,0.8,2026-09-20T06:17:54.586678+00:00
203,53477376,3.5324,0.000216,0.84,0.8,2026-09-20T06:17:55.366245+00:00
204,53739520,3.5723,0.000217,0.847,0.8,2026-09-20T06:17:56.144377+00:00
205,54001664,3.5968,0.000218,0.839,0.8,2026-09-20T06:17:56.924028+00:00
206,54263808,3.5875,0.000219,0.82,0.8,2026-09-20T06:17:57.702779+00:00
207,54525952,3.495,0.00022,0.878,0.8,2026-09-20T06:17:58.484976+00:00
208,54788096,3.5877,0.000222,0.749,0.8,2026-09-20T06:17:59.263049+00:00
209,55050240,3.577,0.000223,0.9,0.8,2026-09-20T06:18:00.041247+00:00
210,55312384,3.5427,0.000224,0.692,0.8,2026-09-20T06:18:00.819251+00:00
211,55574528,3.5169,0.000225,0.66,0.8,2026-09-20T06:18:01.597851+00:00
212,55836672,3.5992,0.000226,0.662,0.8,2026-09-20T06:18:02.375826+00:00
213,56098816,3.5182,0.000227,0.815,0.8,2026-09-20T06:18:03.154127+00:00
214,56360960,3.608,0.000228,0.779,0.8,2026-09-20T06:18:03.933458+00:00
215,56623104,3.5955,0.000229,0.558,0.8,2026-09-20T06:18:04.711575+00:00
216,56885248,3.5493,0.00023,0.712,0.8,2026-09-20T06:18:05.489728+00:00
217,57147392,3.5244,0.000231,1.118,0.8,2026-09-20T06:18:06.267783+00:00
218,57409536,3.4629,0.000232,0.979,0.8,2026-09-20T06:18:07.045856+00:00
219,57671680,3.3662,0.000233,0.746,0.8,2026-09-20T06:18:07.824568+00:00
220,57933824,3.4724,0.000234,0.714,0.8,2026-09-20T06:18:08.603600+00:00
221,58195968,3.5961,0.000235,0.771,0.8,2026-09-20T06:18:09.382777+00:00
222,58458112,3.5065,0.000236,0.78,0.8,2026-09-20T06:18:10.162308+00:00
223,58720256,3.5653,0.000237,0.759,0.8,2026-09-20T06:18:10.940542+00:00
224,58982400,3.5193,0.000239,0.759,0.8,2026-09-20T06:18:11.718942+00:00
225,59244544,3.5186,0.00024,1.179,0.8,2026-09-20T06:18:12.497838+00:00
226,59506688,3.4737,0.000241,0.554,0.8,2026-09-20T06:18:13.276311+00:00
227,59768832,3.4986,0.000242,0.746,0.8,2026-09-20T06:18:14.054826+00:00
228,60030976,3.538,0.000243,0.718,0.8,2026-09-20T06:18:14.833952+00:00
229,60293120,3.488,0.000244,0.631,0.8,2026-09-20T06:18:15.613361+00:00
230,60555264,3.5397,0.000245,0.673,0.8,2026-09-20T06:18:16.392567+00:00
231,60817408,3.4432,0.000246,0.679,0.8,2026-09-20T06:18:17.171892+00:00
232,61079552,3.5934,0.000247,0.742,0.8,2026-09-20T06:18:17.951028+00:00
233,61341696,3.532,0.000248,0.66,0.8,2026-09-20T06:18:18.734029+00:00
234,61603840,3.4999,0.000249,0.566,0.8,2026-09-20T06:18:19.512676+00:00
235,61865984,3.5081,0.00025,0.514,0.8,2026-09-20T06:18:20.291488+00:00
236,62128128,3.4911,0.000251,0.432,0.8,2026-09-20T06:18:21.070167+00:00
237,62390272,3.5377,0.000252,0.651,0.8,2026-09-20T06:18:21.848764+00:00
238,62652416,3.4805,0.000253,0.51,0.8,2026-09-20T06:18:22.626495+00:00
239,62914560,3.4781,0.000254,0.495,0.8,2026-09-20T06:18:23.404838+00:00
240,63176704,3.4625,0.000255,0.464,0.8,2026-09-20T06:18:24.184815+00:00
241,63438848,3.5526,0.000257,0.542,0.8,2026-09-20T06:18:24.965061+00:00
242,63700992,3.5303,0.000258,0.551,0.8,2026-09-20T06:18:25.743389+00:00
243,63963136,3.3885,0.000259,0.779,0.8,2026-09-20T06:18:26.522016+00:00
244,64225280,3.4831,0.00026,0.962,0.8,2026-09-20T06:18:27.302658+00:00
245,64487424,3.6068,0.000261,0.642,0.8,2026-09-20T06:18:28.081060+00:00
246,64749568,3.5233,0.000262,0.633,0.8,2026-09-20T06:18:28.860178+00:00
247,65011712,3.4595,0.000263,0.562,0.8,2026-09-20T06:18:29.638193+00:00
248,65273856,3.4292,0.000264,0.52,0.8,2026-09-20T06:18:30.417300+00:00
249,65536000,3.5055,0.000265,0.706,0.8,2026-09-20T06:18:31.195936+00:00
250,65798144,3.3695,0.000266,0.909,0.8,2026-09-20T06:18:47.861327+00:00
251,66060288,3.5378,0.000267,1.014,0.8,2026-09-20T06:18:48.639325+00:00
252,66322432,3.5813,0.000268,1.617,0.8,2026-09-20T06:18:49.417376+00:00
253,66584576,3.5723,0.000269,1.251,0.8,2026-09-20T06:18:50.196312+00:00
254,66846720,3.4829,0.00027,0.893,0.8,2026-09-20T06:18:50.976505+00:00
255,67108864,3.449,0.000271,0.773,0.8,2026-09-20T06:18:51.755549+00:00
256,67371008,3.4682,0.000272,0.845,0.8,2026-09-20T06:18:52.534464+00:00
257,67633152,3.4476,0.000273,0.758,0.8,2026-09-20T06:18:53.312941+00:00
258,67895296,3.4904,0.000275,1.106,0.8,2026-09-20T06:18:54.091842+00:00
259,68157440,3.4852,0.000276,0.879,0.8,2026-09-20T06:18:54.871052+00:00
260,68419584,3.3948,0.000277,0.831,0.8,2026-09-20T06:18:55.657430+00:00
261,68681728,3.4504,0.000278,0.535,0.8,2026-09-20T06:18:56.437694+00:00
262,68943872,3.5358,0.000279,0.927,0.8,2026-09-20T06:18:57.221614+00:00
263,69206016,3.4145,0.00028,0.565,0.8,2026-09-20T06:18:58.002227+00:00
264,69468160,3.4175,0.000281,0.794,0.8,2026-09-20T06:18:58.781062+00:00
265,69730304,3.464,0.000282,0.557,0.8,2026-09-20T06:18:59.560864+00:00
266,69992448,3.4435,0.000283,0.512,0.8,2026-09-20T06:19:00.340422+00:00
267,70254592,3.44,0.000284,0.649,0.8,2026-09-20T06:19:01.118936+00:00
268,70516736,3.3853,0.000285,1.03,0.8,2026-09-20T06:19:01.898794+00:00
269,70778880,3.4458,0.000286,0.644,0.8,2026-09-20T06:19:02.678421+00:00
270,71041024,3.4186,0.000287,0.619,0.8,2026-09-20T06:19:03.458132+00:00
271,71303168,3.4619,0.000288,0.607,0.8,2026-09-20T06:19:04.237372+00:00
272,71565312,3.4741,0.000289,0.673,0.8,2026-09-20T06:19:05.016998+00:00
273,71827456,3.4524,0.00029,0.741,0.8,2026-09-20T06:19:05.795866+00:00
274,72089600,3.4046,0.000292,0.867,0.8,2026-09-20T06:19:06.576144+00:00
275,72351744,3.4437,0.000293,0.782,0.8,2026-09-20T06:19:07.355680+00:00
276,72613888,3.4605,0.000294,0.698,0.8,2026-09-20T06:19:08.135607+00:00
277,72876032,3.3874,0.000295,0.705,0.8,2026-09-20T06:19:08.916394+00:00
278,73138176,3.4773,0.000296,0.783,0.8,2026-09-20T06:19:09.695580+00:00
279,73400320,3.3875,0.000297,0.914,0.8,2026-09-20T06:19:10.474414+00:00
280,73662464,3.4467,0.000298,0.778,0.8,2026-09-20T06:19:11.254412+00:00
281,73924608,3.508,0.000299,0.521,0.8,2026-09-20T06:19:12.035509+00:00
282,74186752,3.4272,0.0003,0.59,0.8,2026-09-20T06:19:12.815938+00:00
283,74448896,3.433,0.000301,0.915,0.8,2026-09-20T06:19:13.594929+00:00
284,74711040,3.4775,0.000302,0.694,0.8,2026-09-20T06:19:14.377503+00:00
285,74973184,3.443,0.000303,0.504,0.8,2026-09-20T06:19:15.171662+00:00
286,75235328,3.4776,0.000304,0.422,0.8,2026-09-20T06:19:15.957104+00:00
287,75497472,3.3658,0.000305,0.476,0.8,2026-09-20T06:19:16.736561+00:00
288,75759616,3.3852,0.000306,0.511,0.8,2026-09-20T06:19:17.515987+00:00
289,76021760,3.4491,0.000307,0.366,0.8,2026-09-20T06:19:18.296570+00:00
290,76283904,3.444,0.000308,0.452,0.8,2026-09-20T06:19:19.078809+00:00
291,76546048,3.3108,0.00031,0.462,0.8,2026-09-20T06:19:19.857220+00:00
292,76808192,3.4156,0.000311,0.541,0.8,2026-09-20T06:19:20.636502+00:00
293,77070336,3.4092,0.000312,0.545,0.8,2026-09-20T06:19:21.417054+00:00
294,77332480,3.35,0.000313,0.467,0.8,2026-09-20T06:19:22.197412+00:00
295,77594624,3.3171,0.000314,0.368,0.8,2026-09-20T06:19:22.976878+00:00
296,77856768,3.3282,0.000315,0.53,0.8,2026-09-20T06:19:23.756520+00:00
297,78118912,3.3096,0.000316,0.551,0.8,2026-09-20T06:19:24.536834+00:00
298,78381056,3.4254,0.000317,0.545,0.8,2026-09-20T06:19:25.316639+00:00
299,78643200,3.3319,0.000318,0.462,0.8,2026-09-20T06:19:26.096936+00:00
300,78905344,3.3836,0.000319,0.614,0.8,2026-09-20T06:19:45.643584+00:00
301,79167488,3.395,0.00032,0.563,0.8,2026-09-20T06:19:46.426067+00:00
302,79429632,3.3943,0.000321,0.606,0.8,2026-09-20T06:19:47.203460+00:00
303,79691776,3.3669,0.000322,0.655,0.8,2026-09-20T06:19:47.982121+00:00
304,79953920,3.3895,0.000323,0.721,0.8,2026-09-20T06:19:48.760682+00:00
305,80216064,3.3484,0.000324,0.721,0.8,2026-09-20T06:19:49.538338+00:00
306,80478208,3.3183,0.000325,0.629,0.8,2026-09-20T06:19:50.316942+00:00
307,80740352,3.3798,0.000327,0.518,0.8,2026-09-20T06:19:51.094729+00:00
308,81002496,3.3361,0.000328,0.543,0.8,2026-09-20T06:19:51.873560+00:00
309,81264640,3.3723,0.000329,0.465,0.8,2026-09-20T06:19:52.652414+00:00
310,81526784,3.4088,0.00033,0.388,0.8,2026-09-20T06:19:53.431715+00:00
311,81788928,3.2735,0.000331,0.567,0.8,2026-09-20T06:19:54.210677+00:00
312,82051072,3.3833,0.000332,0.572,0.8,2026-09-20T06:19:54.989959+00:00
313,82313216,3.4247,0.000333,0.788,0.8,2026-09-20T06:19:55.768966+00:00
314,82575360,3.3081,0.000334,0.968,0.8,2026-09-20T06:19:56.548238+00:00
315,82837504,3.3981,0.000335,0.79,0.8,2026-09-20T06:19:57.327549+00:00
316,83099648,3.3488,0.000336,0.676,0.8,2026-09-20T06:19:58.109081+00:00
317,83361792,3.3483,0.000337,0.572,0.8,2026-09-20T06:19:58.890898+00:00
318,83623936,3.3659,0.000338,0.508,0.8,2026-09-20T06:19:59.669812+00:00
319,83886080,3.3903,0.000339,0.592,0.8,2026-09-20T06:20:00.448632+00:00
320,84148224,3.3216,0.00034,0.503,0.8,2026-09-20T06:20:01.228155+00:00
321,84410368,3.3539,0.000341,0.795,0.8,2026-09-20T06:20:02.007737+00:00
322,84672512,3.3736,0.000342,1.073,0.8,2026-09-20T06:20:02.786652+00:00
323,84934656,3.3766,0.000343,0.417,0.8,2026-09-20T06:20:03.566301+00:00
324,85196800,3.3519,0.000345,0.412,0.8,2026-09-20T06:20:04.347037+00:00
325,85458944,3.2509,0.000346,0.438,0.8,2026-09-20T06:20:05.125418+00:00
326,85721088,3.3196,0.000347,0.424,0.8,2026-09-20T06:20:05.907374+00:00
327,85983232,3.3382,0.000348,0.364,0.8,2026-09-20T06:20:06.686115+00:00
328,86245376,3.2655,0.000349,0.398,0.8,2026-09-20T06:20:07.465313+00:00
329,86507520,3.3712,0.00035,0.668,0.8,2026-09-20T06:20:08.244594+00:00
330,86769664,3.3831,0.000351,0.433,0.8,2026-09-20T06:20:09.025929+00:00
331,87031808,3.3528,0.000352,0.57,0.8,2026-09-20T06:20:09.804777+00:00
332,87293952,3.3189,0.000353,0.935,0.8,2026-09-20T06:20:10.585147+00:00
333,87556096,3.3532,0.000354,0.788,0.8,2026-09-20T06:20:11.363785+00:00
334,87818240,3.3378,0.000355,0.585,0.8,2026-09-20T06:20:12.143583+00:00
335,88080384,3.3416,0.000356,0.576,0.8,2026-09-20T06:20:12.923308+00:00
336,88342528,3.3537,0.000357,0.615,0.8,2026-09-20T06:20:13.703341+00:00
337,88604672,3.3591,0.000358,0.548,0.8,2026-09-20T06:20:14.481988+00:00
338,88866816,3.3171,0.000359,0.588,0.8,2026-09-20T06:20:15.261453+00:00
339,89128960,3.2074,0.00036,0.641,0.8,2026-09-20T06:20:16.041001+00:00
340,89391104,3.3234,0.000361,0.528,0.8,2026-09-20T06:20:16.819005+00:00
341,89653248,3.2385,0.000363,0.367,0.8,2026-09-20T06:20:17.597436+00:00
342,89915392,3.3229,0.000364,0.371,0.8,2026-09-20T06:20:18.378295+00:00
343,90177536,3.3546,0.000365,0.378,0.8,2026-09-20T06:20:19.157839+00:00
344,90439680,3.247,0.000366,0.433,0.8,2026-09-20T06:20:19.936582+00:00
345,90701824,3.3101,0.000367,0.377,0.8,2026-09-20T06:20:20.718431+00:00
346,90963968,3.2477,0.000368,0.55,0.8,2026-09-20T06:20:21.512314+00:00
347,91226112,3.2384,0.000369,0.432,0.8,2026-09-20T06:20:22.291991+00:00
348,91488256,3.2441,0.00037,0.436,0.8,2026-09-20T06:20:23.072629+00:00
349,91750400,3.3708,0.000371,0.582,0.8,2026-09-20T06:20:23.855147+00:00
350,92012544,3.3629,0.000372,0.754,0.8,2026-09-20T06:20:46.165251+00:00
351,92274688,3.2208,0.000373,0.725,0.8,2026-09-20T06:20:46.952432+00:00
352,92536832,3.3523,0.000374,0.506,0.8,2026-09-20T06:20:47.742833+00:00
353,92798976,3.2821,0.000375,0.507,0.8,2026-09-20T06:20:48.534263+00:00
354,93061120,3.1909,0.000376,0.526,0.8,2026-09-20T06:20:49.327877+00:00
355,93323264,3.4003,0.000377,0.584,0.8,2026-09-20T06:20:50.116796+00:00
356,93585408,3.3075,0.000378,0.622,0.8,2026-09-20T06:20:50.909026+00:00
357,93847552,3.2735,0.00038,0.587,0.8,2026-09-20T06:20:51.689479+00:00
358,94109696,3.3304,0.000381,0.709,0.8,2026-09-20T06:20:52.468494+00:00
359,94371840,3.2579,0.000382,0.433,0.8,2026-09-20T06:20:53.248860+00:00
360,94633984,3.2923,0.000383,0.618,0.8,2026-09-20T06:20:54.028692+00:00
361,94896128,3.2349,0.000384,0.772,0.8,2026-09-20T06:20:54.808704+00:00
362,95158272,3.2756,0.000385,1.085,0.8,2026-09-20T06:20:55.590401+00:00
363,95420416,3.321,0.000386,0.724,0.8,2026-09-20T06:20:56.369091+00:00
364,95682560,3.3487,0.000387,0.819,0.8,2026-09-20T06:20:57.148384+00:00
365,95944704,3.3629,0.000388,0.621,0.8,2026-09-20T06:20:57.936594+00:00
366,96206848,3.3182,0.000389,0.45,0.8,2026-09-20T06:20:58.718394+00:00
367,96468992,3.2715,0.00039,0.475,0.8,2026-09-20T06:20:59.498260+00:00
368,96731136,3.3823,0.000391,0.548,0.8,2026-09-20T06:21:00.275974+00:00
369,96993280,3.3158,0.000392,0.542,0.8,2026-09-20T06:21:01.056025+00:00
370,97255424,3.2908,0.000393,0.506,0.8,2026-09-20T06:21:01.836280+00:00
371,97517568,3.2734,0.000394,0.576,0.8,2026-09-20T06:21:02.614270+00:00
372,97779712,3.2304,0.000395,0.415,0.8,2026-09-20T06:21:03.400065+00:00
373,98041856,3.2521,0.000396,0.405,0.8,2026-09-20T06:21:04.181615+00:00
374,98304000,3.2032,0.000398,0.388,0.8,2026-09-20T06:21:04.962712+00:00
375,98566144,3.2221,0.000399,0.469,0.8,2026-09-20T06:21:05.741861+00:00
376,98828288,3.3398,0.0004,0.374,0.8,2026-09-20T06:21:06.522471+00:00
377,99090432,3.2507,0.000401,0.432,0.8,2026-09-20T06:21:07.302439+00:00
378,99352576,3.2488,0.000402,0.458,0.8,2026-09-20T06:21:08.082510+00:00
379,99614720,3.2284,0.000403,0.534,0.8,2026-09-20T06:21:08.861752+00:00
380,99876864,3.3081,0.000404,0.63,0.8,2026-09-20T06:21:09.639875+00:00
381,100139008,3.3105,0.000405,0.422,0.8,2026-09-20T06:21:10.419148+00:00
382,100401152,3.2607,0.000406,0.394,0.8,2026-09-20T06:21:31.759344+00:00
383,100663296,3.2444,0.000407,0.531,0.8,2026-09-20T06:21:32.536711+00:00
384,100925440,3.1574,0.000408,0.394,0.8,2026-09-20T06:21:33.317267+00:00
385,101187584,3.2386,0.000409,0.635,0.8,2026-09-20T06:21:34.099793+00:00
386,101449728,3.3093,0.00041,0.375,0.8,2026-09-20T06:21:34.878412+00:00
387,101711872,3.2793,0.000411,0.418,0.8,2026-09-20T06:21:35.656215+00:00
388,101974016,3.2854,0.000412,0.541,0.8,2026-09-20T06:21:36.435065+00:00
389,102236160,3.2082,0.000413,0.929,0.8,2026-09-20T06:21:37.213275+00:00
390,102498304,3.2255,0.000414,1.242,0.8,2026-09-20T06:21:37.992390+00:00
391,102760448,3.2534,0.000416,0.906,0.8,2026-09-20T06:21:38.771694+00:00
392,103022592,3.3449,0.000417,0.996,0.8,2026-09-20T06:21:39.551293+00:00
393,103284736,3.2265,0.000418,0.667,0.8,2026-09-20T06:21:40.329294+00:00
394,103546880,3.3093,0.000419,0.666,0.8,2026-09-20T06:21:41.107278+00:00
395,103809024,3.2627,0.00042,0.62,0.8,2026-09-20T06:21:41.885797+00:00
396,104071168,3.3348,0.000421,0.659,0.8,2026-09-20T06:21:42.664377+00:00
397,104333312,3.2526,0.000422,0.504,0.8,2026-09-20T06:21:43.443291+00:00
398,104595456,3.2161,0.000423,0.54,0.8,2026-09-20T06:21:44.221794+00:00
399,104857600,3.2742,0.000424,0.521,0.8,2026-09-20T06:21:45.000736+00:00
400,105119744,3.1707,0.000425,0.499,0.8,2026-09-20T06:22:04.093552+00:00
401,105381888,3.3067,0.000426,0.551,0.8,2026-09-20T06:22:04.871355+00:00
402,105644032,3.2912,0.000427,0.371,0.8,2026-09-20T06:22:05.649142+00:00
403,105906176,3.1981,0.000428,0.441,0.8,2026-09-20T06:22:06.426857+00:00
404,106168320,3.2077,0.000429,0.511,0.8,2026-09-20T06:22:07.210125+00:00
405,106430464,3.249,0.00043,0.594,0.8,2026-09-20T06:22:07.994791+00:00
406,106692608,3.2453,0.000431,0.501,0.8,2026-09-20T06:22:08.777191+00:00
407,106954752,3.3227,0.000433,0.485,0.8,2026-09-20T06:22:09.555476+00:00
408,107216896,3.2114,0.000434,0.577,0.8,2026-09-20T06:22:10.337389+00:00
409,107479040,3.2373,0.000435,0.519,0.8,2026-09-20T06:22:11.118372+00:00
410,107741184,3.2541,0.000436,0.501,0.8,2026-09-20T06:22:11.898236+00:00
411,108003328,3.2193,0.000437,0.462,0.8,2026-09-20T06:22:12.677304+00:00
412,108265472,3.1976,0.000438,0.42,0.8,2026-09-20T06:22:13.456550+00:00
413,108527616,3.1912,0.000439,0.424,0.8,2026-09-20T06:22:14.235436+00:00
414,108789760,3.2487,0.00044,0.452,0.8,2026-09-20T06:22:15.014953+00:00
415,109051904,3.2572,0.000441,0.426,0.8,2026-09-20T06:22:15.794882+00:00
416,109314048,3.2006,0.000442,0.354,0.8,2026-09-20T06:22:16.576151+00:00
417,109576192,3.2203,0.000443,0.42,0.8,2026-09-20T06:22:17.359732+00:00
418,109838336,3.1781,0.000444,0.468,0.8,2026-09-20T06:22:18.142485+00:00
419,110100480,3.1491,0.000445,0.463,0.8,2026-09-20T06:22:18.921389+00:00
420,110362624,3.1101,0.000446,0.6,0.8,2026-09-20T06:22:19.700803+00:00
421,110624768,3.1922,0.000447,0.586,0.8,2026-09-20T06:22:20.479122+00:00
422,110886912,3.1315,0.000448,0.53,0.8,2026-09-20T06:22:21.257811+00:00
423,111149056,3.1892,0.000449,0.605,0.8,2026-09-20T06:22:22.036509+00:00
424,111411200,3.2317,0.000451,0.544,0.8,2026-09-20T06:22:22.814939+00:00
425,111673344,3.181,0.000452,0.536,0.8,2026-09-20T06:22:23.593720+00:00
426,111935488,3.1539,0.000453,0.437,0.8,2026-09-20T06:22:24.373431+00:00
427,112197632,3.205,0.000454,0.518,0.8,2026-09-20T06:22:25.152280+00:00
428,112459776,3.1997,0.000455,0.482,0.8,2026-09-20T06:22:25.934418+00:00
429,112721920,3.1873,0.000456,0.414,0.8,2026-09-20T06:22:26.713787+00:00
430,112984064,3.1767,0.000457,0.435,0.8,2026-09-20T06:22:27.496181+00:00
431,113246208,3.2386,0.000458,0.415,0.8,2026-09-20T06:22:28.276405+00:00
432,113508352,3.1991,0.000459,0.444,0.8,2026-09-20T06:22:29.055931+00:00
433,113770496,3.1698,0.00046,0.486,0.8,2026-09-20T06:22:29.834654+00:00
434,114032640,3.0845,0.000461,0.55,0.8,2026-09-20T06:22:30.614535+00:00
435,114294784,3.1688,0.000462,0.612,0.8,2026-09-20T06:22:31.394832+00:00
436,114556928,3.2006,0.000463,0.809,0.8,2026-09-20T06:22:32.179143+00:00
437,114819072,3.2458,0.000464,0.602,0.8,2026-09-20T06:22:32.961652+00:00
438,115081216,3.0837,0.000465,0.462,0.8,2026-09-20T06:22:33.741730+00:00
439,115343360,3.0979,0.000466,0.553,0.8,2026-09-20T06:22:34.520337+00:00
440,115605504,3.1305,0.000467,0.479,0.8,2026-09-20T06:22:35.299867+00:00
441,115867648,3.1654,0.000469,0.383,0.8,2026-09-20T06:22:36.079221+00:00
442,116129792,3.1156,0.00047,0.693,0.8,2026-09-20T06:22:36.858430+00:00
443,116391936,3.1279,0.000471,0.405,0.8,2026-09-20T06:22:37.636383+00:00
444,116654080,3.1715,0.000472,0.726,0.8,2026-09-20T06:22:38.415927+00:00
445,116916224,3.1971,0.000473,0.605,0.8,2026-09-20T06:22:39.195017+00:00
446,117178368,3.0907,0.000474,0.712,0.8,2026-09-20T06:22:39.973825+00:00
447,117440512,3.2237,0.000475,0.738,0.8,2026-09-20T06:22:40.753354+00:00
448,117702656,3.1777,0.000476,0.867,0.8,2026-09-20T06:22:41.533125+00:00
449,117964800,3.2042,0.000477,0.771,0.8,2026-09-20T06:22:42.315570+00:00
450,118226944,3.1954,0.000478,0.827,0.8,2026-09-20T06:22:43.094868+00:00
451,118489088,3.0856,0.000479,0.598,0.8,2026-09-20T06:22:43.874405+00:00
452,118751232,3.1235,0.00048,0.461,0.8,2026-09-20T06:22:44.654536+00:00
453,119013376,3.1984,0.000481,0.625,0.8,2026-09-20T06:22:45.434589+00:00
454,119275520,3.1545,0.000482,0.886,0.8,2026-09-20T06:22:46.214614+00:00
455,119537664,3.1857,0.000483,0.922,0.8,2026-09-20T06:22:46.994277+00:00
456,119799808,3.223,0.000484,0.754,0.8,2026-09-20T06:22:47.774070+00:00
457,120061952,3.1596,0.000486,0.719,0.8,2026-09-20T06:22:48.552585+00:00
458,120324096,3.189,0.000487,0.801,0.8,2026-09-20T06:22:49.332049+00:00
459,120586240,3.1084,0.000488,0.565,0.8,2026-09-20T06:22:50.111025+00:00
460,120848384,3.1431,0.000489,0.53,0.8,2026-09-20T06:22:50.893134+00:00
461,121110528,3.1657,0.00049,0.504,0.8,2026-09-20T06:22:51.671402+00:00
462,121372672,3.1841,0.000491,0.602,0.8,2026-09-20T06:22:52.450192+00:00
463,121634816,3.1449,0.000492,0.395,0.8,2026-09-20T06:22:53.230253+00:00
464,121896960,3.1535,0.000493,0.414,0.8,2026-09-20T06:22:54.010532+00:00
465,122159104,3.1472,0.000494,0.402,0.8,2026-09-20T06:22:54.793491+00:00
466,122421248,3.1341,0.000495,0.389,0.8,2026-09-20T06:22:55.572591+00:00
467,122683392,3.1404,0.000496,0.377,0.8,2026-09-20T06:22:56.351139+00:00
468,122945536,3.186,0.000497,0.46,0.8,2026-09-20T06:22:57.129284+00:00
469,123207680,3.1404,0.000498,0.446,0.8,2026-09-20T06:22:57.908552+00:00
470,123469824,3.0484,0.000499,0.478,0.8,2026-09-20T06:22:58.687855+00:00
471,123731968,3.1324,0.0005,0.467,0.8,2026-09-20T06:22:59.466351+00:00
472,123994112,3.0984,0.000501,0.471,0.8,2026-09-20T06:23:00.246388+00:00
473,124256256,3.1162,0.000502,0.496,0.8,2026-09-20T06:23:01.027921+00:00
474,124518400,3.0802,0.000504,0.416,0.8,2026-09-20T06:23:01.808546+00:00
475,124780544,3.141,0.000505,0.549,0.8,2026-09-20T06:23:02.588434+00:00
476,125042688,3.1024,0.000506,0.439,0.8,2026-09-20T06:23:03.367500+00:00
477,125304832,3.147,0.000507,0.553,0.8,2026-09-20T06:23:04.148205+00:00
478,125566976,3.1262,0.000508,0.567,0.8,2026-09-20T06:23:04.926821+00:00
479,125829120,3.0964,0.000509,0.54,0.8,2026-09-20T06:23:05.705171+00:00
480,126091264,3.1086,0.00051,0.545,0.8,2026-09-20T06:23:06.484293+00:00
481,126353408,3.088,0.000511,0.492,0.8,2026-09-20T06:23:07.264656+00:00
482,126615552,3.0664,0.000512,0.415,0.8,2026-09-20T06:23:08.044895+00:00
483,126877696,3.034,0.000513,0.514,0.8,2026-09-20T06:23:08.825976+00:00
484,127139840,3.1438,0.000514,0.486,0.8,2026-09-20T06:23:09.607195+00:00
485,127401984,3.1322,0.000515,0.652,0.8,2026-09-20T06:23:10.386098+00:00
486,127664128,3.1788,0.000516,0.666,0.8,2026-09-20T06:23:11.165572+00:00
487,127926272,3.1344,0.000517,2.157,0.8,2026-09-20T06:23:11.945318+00:00
488,128188416,3.1757,0.000518,0.665,0.8,2026-09-20T06:23:12.726293+00:00
489,128450560,3.212,0.000519,0.531,0.8,2026-09-20T06:23:13.505302+00:00
490,128712704,3.146,0.00052,0.554,0.8,2026-09-20T06:23:14.284738+00:00
491,128974848,3.0469,0.000522,0.555,0.8,2026-09-20T06:23:15.065630+00:00
492,129236992,3.1487,0.000523,0.518,0.8,2026-09-20T06:23:15.844722+00:00
493,129499136,3.0587,0.000524,0.378,0.8,2026-09-20T06:23:16.623556+00:00
494,129761280,3.1265,0.000525,0.459,0.8,2026-09-20T06:23:17.402104+00:00
495,130023424,3.0811,0.000526,0.529,0.8,2026-09-20T06:23:18.182144+00:00
496,130285568,3.1354,0.000527,0.334,0.8,2026-09-20T06:23:18.961454+00:00
497,130547712,3.0554,0.000528,0.458,0.8,2026-09-20T06:23:19.739453+00:00
498,130809856,3.1038,0.000529,0.418,0.8,2026-09-20T06:23:20.518504+00:00
499,131072000,3.0521,0.00053,0.652,0.8,2026-09-20T06:23:21.297437+00:00
500,131334144,3.0498,0.000531,0.59,0.8,2026-09-20T06:23:42.131854+00:00
501,131596288,3.0315,0.000532,0.619,0.8,2026-09-20T06:23:42.911203+00:00
502,131858432,3.0354,0.000533,0.857,0.8,2026-09-20T06:23:43.688581+00:00
503,132120576,3.1175,0.000534,0.625,0.8,2026-09-20T06:23:44.466705+00:00
504,132382720,3.1346,0.000535,0.661,0.8,2026-09-20T06:23:45.245221+00:00
505,132644864,3.0762,0.000536,0.697,0.8,2026-09-20T06:23:46.024324+00:00
506,132907008,3.0769,0.000537,0.935,0.8,2026-09-20T06:23:46.802656+00:00
507,133169152,3.0527,0.000539,0.792,0.8,2026-09-20T06:23:47.582512+00:00
508,133431296,3.1365,0.00054,0.653,0.8,2026-09-20T06:23:48.361447+00:00
509,133693440,3.1278,0.000541,0.494,0.8,2026-09-20T06:23:49.140472+00:00
510,133955584,3.0519,0.000542,0.467,0.8,2026-09-20T06:23:49.919867+00:00
511,134217728,3.1247,0.000543,0.47,0.8,2026-09-20T06:23:50.698040+00:00
512,134479872,3.1149,0.000544,0.478,0.8,2026-09-20T06:23:51.476561+00:00
513,134742016,2.9859,0.000545,0.454,0.8,2026-09-20T06:23:52.258849+00:00
514,135004160,2.9942,0.000546,0.412,0.8,2026-09-20T06:23:53.038454+00:00
515,135266304,3.1539,0.000547,0.608,0.8,2026-09-20T06:23:53.819099+00:00
516,135528448,3.1049,0.000548,0.358,0.8,2026-09-20T06:23:54.599282+00:00
517,135790592,3.1163,0.000549,0.469,0.8,2026-09-20T06:23:55.378789+00:00
518,136052736,3.1127,0.00055,0.66,0.8,2026-09-20T06:23:56.158194+00:00
519,136314880,3.0679,0.000551,0.629,0.8,2026-09-20T06:23:56.936936+00:00
520,136577024,3.0441,0.000552,0.497,0.8,2026-09-20T06:23:57.718433+00:00
521,136839168,3.1362,0.000553,0.414,0.8,2026-09-20T06:23:58.497274+00:00
522,137101312,3.1145,0.000554,0.562,0.8,2026-09-20T06:23:59.276829+00:00
523,137363456,3.1231,0.000555,0.407,0.8,2026-09-20T06:24:00.055931+00:00
524,137625600,3.0536,0.000557,0.392,0.8,2026-09-20T06:24:00.835794+00:00
525,137887744,3.0682,0.000558,0.354,0.8,2026-09-20T06:24:01.620557+00:00
526,138149888,3.0835,0.000559,0.524,0.8,2026-09-20T06:24:02.400572+00:00
527,138412032,3.0737,0.00056,0.745,0.8,2026-09-20T06:24:03.185190+00:00
528,138674176,3.0438,0.000561,0.496,0.8,2026-09-20T06:24:03.965358+00:00
529,138936320,3.0161,0.000562,0.441,0.8,2026-09-20T06:24:04.744022+00:00
530,139198464,3.0426,0.000563,0.493,0.8,2026-09-20T06:24:05.522130+00:00
531,139460608,3.0922,0.000564,0.56,0.8,2026-09-20T06:24:06.300550+00:00
532,139722752,3.0963,0.000565,0.62,0.8,2026-09-20T06:24:07.078728+00:00
533,139984896,3.0438,0.000566,0.653,0.8,2026-09-20T06:24:07.857931+00:00
534,140247040,2.9981,0.000567,0.675,0.8,2026-09-20T06:24:08.637189+00:00
535,140509184,3.0404,0.000568,0.845,0.8,2026-09-20T06:24:09.415345+00:00
536,140771328,3.1615,0.000569,0.511,0.8,2026-09-20T06:24:10.193725+00:00
537,141033472,3.0503,0.00057,0.47,0.8,2026-09-20T06:24:10.971986+00:00
538,141295616,3.0886,0.000571,0.424,0.8,2026-09-20T06:24:11.756705+00:00
539,141557760,3.0423,0.000572,0.497,0.8,2026-09-20T06:24:12.536343+00:00
540,141819904,3.0789,0.000573,0.489,0.8,2026-09-20T06:24:13.314867+00:00
541,142082048,3.0161,0.000575,0.488,0.8,2026-09-20T06:24:14.093922+00:00
542,142344192,2.9498,0.000576,0.427,0.8,2026-09-20T06:24:14.873344+00:00
543,142606336,3.1162,0.000577,0.439,0.8,2026-09-20T06:24:15.652338+00:00
544,142868480,2.9973,0.000578,0.451,0.8,2026-09-20T06:24:16.430807+00:00
545,143130624,3.0721,0.000579,0.387,0.8,2026-09-20T06:24:17.209191+00:00
546,143392768,3.0588,0.00058,0.426,0.8,2026-09-20T06:24:17.987573+00:00
547,143654912,3.0236,0.000581,0.587,0.8,2026-09-20T06:24:18.767213+00:00
548,143917056,3.0103,0.000582,0.524,0.8,2026-09-20T06:24:19.548591+00:00
549,144179200,3.0742,0.000583,0.411,0.8,2026-09-20T06:24:20.327606+00:00
550,144441344,2.9431,0.000584,0.481,0.8,2026-09-20T06:24:21.107749+00:00
551,144703488,3.0638,0.000585,0.537,0.8,2026-09-20T06:24:21.887193+00:00
552,144965632,3.0416,0.000586,0.373,0.8,2026-09-20T06:24:22.666742+00:00
553,145227776,3.0188,0.000587,0.339,0.8,2026-09-20T06:24:23.447397+00:00
554,145489920,3.0439,0.000588,0.36,0.8,2026-09-20T06:24:24.228455+00:00
555,145752064,3.0286,0.000589,0.514,0.8,2026-09-20T06:24:25.009317+00:00
556,146014208,2.9495,0.00059,0.68,0.8,2026-09-20T06:24:25.788937+00:00
557,146276352,3.0545,0.000592,0.522,0.8,2026-09-20T06:24:26.567852+00:00
558,146538496,3.0055,0.000593,0.597,0.8,2026-09-20T06:24:27.348426+00:00
559,146800640,3.0381,0.000594,0.642,0.8,2026-09-20T06:24:28.128438+00:00
560,147062784,2.9482,0.000595,0.8,0.8,2026-09-20T06:24:28.909888+00:00
561,147324928,3.0419,0.000596,0.653,0.8,2026-09-20T06:24:29.691912+00:00
562,147587072,3.0079,0.000597,0.717,0.8,2026-09-20T06:24:30.470480+00:00
563,147849216,3.0395,0.000598,0.514,0.8,2026-09-20T06:24:31.250899+00:00
564,148111360,3.001,0.000599,0.463,0.8,2026-09-20T06:24:32.031626+00:00
565,148373504,3.0127,0.0006,0.517,0.8,2026-09-20T06:24:32.813321+00:00
566,148635648,3.0622,0.0006,0.623,0.8,2026-09-20T06:24:33.593939+00:00
567,148897792,3.0781,0.0006,0.613,0.8,2026-09-20T06:24:34.375694+00:00
568,149159936,3.0006,0.0006,0.544,0.8,2026-09-20T06:24:35.154042+00:00
569,149422080,2.9621,0.0006,0.554,0.8,2026-09-20T06:24:35.933263+00:00
570,149684224,3.0675,0.0006,0.518,0.8,2026-09-20T06:24:36.712896+00:00
571,149946368,3.0274,0.0006,0.477,0.8,2026-09-20T06:24:37.493220+00:00
572,150208512,2.9977,0.0006,0.444,0.8,2026-09-20T06:24:38.273371+00:00
573,150470656,2.9873,0.0006,0.374,0.8,2026-09-20T06:24:39.056372+00:00
574,150732800,3.075,0.0006,0.458,0.8,2026-09-20T06:24:39.837919+00:00
575,150994944,3.0254,0.0006,0.518,0.8,2026-09-20T06:24:40.619292+00:00
576,151257088,2.9198,0.0006,0.411,0.8,2026-09-20T06:24:41.399880+00:00
577,151519232,3.0374,0.0006,0.436,0.8,2026-09-20T06:24:42.179399+00:00
578,151781376,3.0134,0.0006,0.416,0.8,2026-09-20T06:24:42.959578+00:00
579,152043520,3.0162,0.0006,0.384,0.8,2026-09-20T06:24:43.738867+00:00
580,152305664,2.9322,0.0006,0.362,0.8,2026-09-20T06:24:44.518345+00:00
581,152567808,3.0468,0.0006,0.516,0.8,2026-09-20T06:24:45.298408+00:00
582,152829952,2.9901,0.0006,0.767,0.8,2026-09-20T06:24:46.077965+00:00
583,153092096,3.031,0.0006,0.409,0.8,2026-09-20T06:24:46.856512+00:00
584,153354240,2.9863,0.0006,0.531,0.8,2026-09-20T06:24:47.636276+00:00
585,153616384,3.0442,0.0006,0.469,0.8,2026-09-20T06:24:48.416213+00:00
586,153878528,2.9724,0.0006,0.602,0.8,2026-09-20T06:24:49.195630+00:00
587,154140672,3.0497,0.0006,0.75,0.8,2026-09-20T06:24:49.976965+00:00
588,154402816,2.9789,0.0006,0.576,0.8,2026-09-20T06:24:50.758461+00:00
589,154664960,3.0562,0.0006,0.469,0.8,2026-09-20T06:24:51.537108+00:00
590,154927104,2.9715,0.0006,0.392,0.8,2026-09-20T06:24:52.317538+00:00
591,155189248,2.9893,0.0006,0.522,0.8,2026-09-20T06:24:53.102411+00:00
592,155451392,3.0097,0.0006,0.515,0.8,2026-09-20T06:24:53.882929+00:00
593,155713536,2.9771,0.0006,0.769,0.8,2026-09-20T06:24:54.661517+00:00
594,155975680,2.9805,0.0006,0.74,0.8,2026-09-20T06:24:55.440648+00:00
595,156237824,2.9992,0.0006,0.567,0.8,2026-09-20T06:24:56.220017+00:00
596,156499968,2.9559,0.0006,0.524,0.8,2026-09-20T06:24:57.001287+00:00
597,156762112,2.9841,0.0006,0.62,0.8,2026-09-20T06:24:57.781268+00:00
598,157024256,2.9999,0.0006,0.54,0.8,2026-09-20T06:24:58.561162+00:00
599,157286400,2.9823,0.0006,0.509,0.8,2026-09-20T06:24:59.340600+00:00
600,157548544,2.9532,0.0006,0.491,0.8,2026-09-20T06:25:23.871794+00:00
601,157810688,2.9777,0.0006,0.399,0.8,2026-09-20T06:25:24.649192+00:00
602,158072832,2.995,0.0006,0.366,0.8,2026-09-20T06:25:25.426765+00:00
603,158334976,2.9934,0.0006,0.426,0.8,2026-09-20T06:25:26.203361+00:00
604,158597120,2.9889,0.0006,0.587,0.8,2026-09-20T06:25:26.980974+00:00
605,158859264,3.0113,0.0006,0.633,0.8,2026-09-20T06:25:27.762788+00:00
606,159121408,2.9816,0.0006,0.581,0.8,2026-09-20T06:25:28.541189+00:00
607,159383552,2.8934,0.0006,0.577,0.8,2026-09-20T06:25:29.320439+00:00
608,159645696,3.0258,0.0006,0.448,0.8,2026-09-20T06:25:30.098365+00:00
609,159907840,2.9813,0.0006,0.357,0.8,2026-09-20T06:25:30.876752+00:00
610,160169984,2.9584,0.0006,0.362,0.8,2026-09-20T06:25:31.655864+00:00
611,160432128,3.0565,0.0006,0.434,0.8,2026-09-20T06:25:32.452624+00:00
612,160694272,2.9311,0.0006,0.592,0.8,2026-09-20T06:25:33.232383+00:00
613,160956416,2.9924,0.0006,0.374,0.8,2026-09-20T06:25:34.013447+00:00
614,161218560,3.0001,0.0006,0.415,0.8,2026-09-20T06:25:34.792748+00:00
615,161480704,2.9214,0.0006,0.407,0.8,2026-09-20T06:25:35.571420+00:00
616,161742848,3.0408,0.0006,0.334,0.8,2026-09-20T06:25:36.350974+00:00
617,162004992,2.9636,0.0006,0.369,0.8,2026-09-20T06:25:37.131933+00:00
618,162267136,2.8989,0.0006,0.401,0.8,2026-09-20T06:25:37.910942+00:00
619,162529280,2.9168,0.0006,0.385,0.8,2026-09-20T06:25:38.689561+00:00
620,162791424,2.9844,0.0006,0.504,0.8,2026-09-20T06:25:39.467474+00:00
621,163053568,2.9907,0.0006,0.567,0.8,2026-09-20T06:25:40.246390+00:00
622,163315712,3.0536,0.0006,0.668,0.8,2026-09-20T06:25:41.025999+00:00
623,163577856,2.9736,0.0006,0.48,0.8,2026-09-20T06:25:41.805284+00:00
624,163840000,3.014,0.0006,0.602,0.8,2026-09-20T06:25:42.584969+00:00
625,164102144,3.0204,0.0006,0.713,0.8,2026-09-20T06:25:43.364982+00:00
626,164364288,3.0249,0.0006,0.908,0.8,2026-09-20T06:25:44.143932+00:00
627,164626432,2.9598,0.0006,0.837,0.8,2026-09-20T06:25:44.923588+00:00
628,164888576,2.9795,0.0006,0.514,0.8,2026-09-20T06:25:45.704733+00:00
629,165150720,2.9278,0.0006,0.358,0.8,2026-09-20T06:25:46.490006+00:00
630,165412864,2.8934,0.0006,0.568,0.8,2026-09-20T06:25:47.284896+00:00
631,165675008,2.9012,0.0006,0.39,0.8,2026-09-20T06:25:48.080620+00:00
632,165937152,3.0225,0.0006,0.403,0.8,2026-09-20T06:25:48.876227+00:00
633,166199296,2.9029,0.0006,0.325,0.8,2026-09-20T06:25:49.668175+00:00
634,166461440,2.9262,0.0006,0.323,0.8,2026-09-20T06:25:50.460726+00:00
635,166723584,2.8172,0.0006,0.392,0.8,2026-09-20T06:25:51.254823+00:00
636,166985728,2.9425,0.0006,0.34,0.8,2026-09-20T06:25:52.048821+00:00
637,167247872,2.8877,0.0006,0.515,0.8,2026-09-20T06:25:52.843337+00:00
638,167510016,2.9715,0.0006,0.716,0.8,2026-09-20T06:25:53.638594+00:00
639,167772160,2.8949,0.0006,0.675,0.8,2026-09-20T06:25:54.441816+00:00
640,168034304,2.972,0.0006,0.44,0.8,2026-09-20T06:25:55.240222+00:00
641,168296448,2.9132,0.0006,0.407,0.8,2026-09-20T06:25:56.037001+00:00
642,168558592,2.9698,0.0006,0.3,0.8,2026-09-20T06:25:56.833748+00:00
643,168820736,2.9775,0.0006,0.34,0.8,2026-09-20T06:25:57.630186+00:00
644,169082880,2.9589,0.0006,0.499,0.8,2026-09-20T06:25:58.418932+00:00
645,169345024,2.9339,0.0006,0.451,0.8,2026-09-20T06:25:59.205165+00:00
646,169607168,2.8714,0.0006,0.327,0.8,2026-09-20T06:25:59.993590+00:00
647,169869312,2.8794,0.0006,0.338,0.8,2026-09-20T06:26:00.780220+00:00
648,170131456,2.9104,0.0006,0.442,0.8,2026-09-20T06:26:01.565635+00:00
649,170393600,2.9589,0.0006,0.577,0.8,2026-09-20T06:26:02.359397+00:00
650,170655744,2.9276,0.0006,0.681,0.8,2026-09-20T06:26:03.151493+00:00
651,170917888,3.0068,0.0006,0.699,0.8,2026-09-20T06:26:03.933805+00:00
652,171180032,2.961,0.0006,0.667,0.8,2026-09-20T06:26:04.716222+00:00
653,171442176,2.943,0.0006,0.499,0.8,2026-09-20T06:26:05.497472+00:00
654,171704320,2.94,0.0006,0.467,0.8,2026-09-20T06:26:06.275995+00:00
655,171966464,3.0019,0.0006,0.423,0.8,2026-09-20T06:26:07.055100+00:00
656,172228608,2.9764,0.0006,0.608,0.8,2026-09-20T06:26:07.834919+00:00
657,172490752,2.9671,0.0006,0.582,0.8,2026-09-20T06:26:08.615846+00:00
658,172752896,2.9518,0.0006,0.331,0.8,2026-09-20T06:26:09.396092+00:00
659,173015040,2.9077,0.0006,0.325,0.8,2026-09-20T06:26:10.175514+00:00
660,173277184,2.9453,0.0006,0.409,0.8,2026-09-20T06:26:10.954763+00:00
661,173539328,2.9686,0.0006,0.314,0.8,2026-09-20T06:26:11.733660+00:00
662,173801472,2.9395,0.0006,0.313,0.8,2026-09-20T06:26:12.514099+00:00
663,174063616,2.8432,0.0006,0.483,0.8,2026-09-20T06:26:13.292471+00:00
664,174325760,2.9178,0.0006,0.309,0.8,2026-09-20T06:26:14.070636+00:00
665,174587904,2.9599,0.0006,0.328,0.8,2026-09-20T06:26:14.849641+00:00
666,174850048,2.947,0.0006,0.348,0.8,2026-09-20T06:26:15.629299+00:00
667,175112192,2.9123,0.0006,0.328,0.8,2026-09-20T06:26:16.408726+00:00
668,175374336,2.9792,0.0006,0.438,0.8,2026-09-20T06:26:17.187603+00:00
669,175636480,2.8732,0.0006,0.428,0.8,2026-09-20T06:26:17.966676+00:00
670,175898624,2.8415,0.0006,0.504,0.8,2026-09-20T06:26:18.746339+00:00
671,176160768,2.9305,0.0006,0.391,0.8,2026-09-20T06:26:19.525767+00:00
672,176422912,2.8733,0.0006,0.337,0.8,2026-09-20T06:26:20.307753+00:00
673,176685056,2.8827,0.0006,0.449,0.8,2026-09-20T06:26:21.088850+00:00
674,176947200,2.9344,0.0006,0.331,0.8,2026-09-20T06:26:21.871200+00:00
675,177209344,2.922,0.0006,0.382,0.8,2026-09-20T06:26:22.651828+00:00
676,177471488,2.9834,0.0006,0.335,0.8,2026-09-20T06:26:23.432629+00:00
677,177733632,2.9907,0.0006,0.51,0.8,2026-09-20T06:26:24.225288+00:00
678,177995776,2.9504,0.0006,0.699,0.8,2026-09-20T06:26:25.010762+00:00
679,178257920,2.9161,0.0006,0.575,0.8,2026-09-20T06:26:25.797324+00:00
680,178520064,2.8611,0.0006,0.735,0.8,2026-09-20T06:26:26.585496+00:00
681,178782208,2.8722,0.0006,0.582,0.8,2026-09-20T06:26:27.375550+00:00
682,179044352,2.9419,0.0006,0.443,0.8,2026-09-20T06:26:28.163195+00:00
683,179306496,2.9227,0.0006,0.483,0.8,2026-09-20T06:26:28.947977+00:00
684,179568640,3.0158,0.0006,0.659,0.8,2026-09-20T06:26:29.735808+00:00
685,179830784,2.9586,0.0006,0.521,0.8,2026-09-20T06:26:30.525517+00:00
686,180092928,2.9057,0.0006,0.562,0.8,2026-09-20T06:26:31.316119+00:00
687,180355072,2.8851,0.0006,0.498,0.8,2026-09-20T06:26:32.101402+00:00
688,180617216,2.8885,0.0006,0.429,0.8,2026-09-20T06:26:32.890434+00:00
689,180879360,2.9204,0.0006,0.391,0.8,2026-09-20T06:26:33.677069+00:00
690,181141504,2.9583,0.0006,0.506,0.8,2026-09-20T06:26:34.462524+00:00
691,181403648,2.9025,0.0006,0.467,0.8,2026-09-20T06:26:35.248646+00:00
692,181665792,2.8206,0.0006,0.427,0.8,2026-09-20T06:26:36.028233+00:00
693,181927936,2.9113,0.0006,0.342,0.8,2026-09-20T06:26:36.809294+00:00
694,182190080,2.8739,0.0006,0.343,0.8,2026-09-20T06:26:37.589929+00:00
695,182452224,2.9231,0.0006,0.469,0.8,2026-09-20T06:26:38.371944+00:00
696,182714368,2.8842,0.0006,0.371,0.8,2026-09-20T06:26:39.164307+00:00
697,182976512,2.9788,0.0006,0.385,0.8,2026-09-20T06:26:39.955359+00:00
698,183238656,2.9777,0.0006,0.299,0.8,2026-09-20T06:26:40.736958+00:00
699,183500800,2.9679,0.0006,0.283,0.8,2026-09-20T06:26:41.518618+00:00
700,183762944,2.922,0.0006,0.409,0.8,2026-09-20T06:27:04.486056+00:00
701,184025088,2.8881,0.0006,0.442,0.8,2026-09-20T06:27:05.265432+00:00
702,184287232,2.9905,0.0006,0.358,0.8,2026-09-20T06:27:06.045689+00:00
703,184549376,2.8675,0.0006,0.31,0.8,2026-09-20T06:27:06.825463+00:00
704,184811520,2.8829,0.0006,0.946,0.8,2026-09-20T06:27:07.607300+00:00
705,185073664,2.8814,0.0006,0.505,0.8,2026-09-20T06:27:08.390450+00:00
706,185335808,2.8723,0.0006,0.402,0.8,2026-09-20T06:27:09.172408+00:00
707,185597952,2.9008,0.0006,0.422,0.8,2026-09-20T06:27:09.954645+00:00
708,185860096,2.8608,0.0006,0.476,0.8,2026-09-20T06:27:10.735211+00:00
709,186122240,2.8868,0.0006,0.571,0.8,2026-09-20T06:27:11.515795+00:00
710,186384384,2.9381,0.0006,0.571,0.8,2026-09-20T06:27:12.295932+00:00
711,186646528,2.8707,0.0006,0.489,0.8,2026-09-20T06:27:13.076941+00:00
712,186908672,2.831,0.0006,0.461,0.8,2026-09-20T06:27:13.857632+00:00
713,187170816,2.8959,0.0006,0.326,0.8,2026-09-20T06:27:14.638624+00:00
714,187432960,2.9254,0.0006,0.431,0.8,2026-09-20T06:27:15.419273+00:00
715,187695104,2.8844,0.0006,0.378,0.8,2026-09-20T06:27:16.199884+00:00
716,187957248,2.9197,0.0006,0.342,0.8,2026-09-20T06:27:16.978929+00:00
717,188219392,2.8488,0.0006,0.443,0.8,2026-09-20T06:27:17.761414+00:00
718,188481536,2.8492,0.0006,0.427,0.8,2026-09-20T06:27:18.545530+00:00
719,188743680,2.8589,0.0006,0.431,0.8,2026-09-20T06:27:19.332341+00:00
720,189005824,2.8918,0.0006,0.55,0.8,2026-09-20T06:27:20.121055+00:00
721,189267968,2.8407,0.0006,0.369,0.8,2026-09-20T06:27:20.911799+00:00
722,189530112,2.8042,0.0006,0.323,0.8,2026-09-20T06:27:21.701259+00:00
723,189792256,2.8793,0.0006,0.629,0.8,2026-09-20T06:27:22.487319+00:00
724,190054400,2.7763,0.0006,0.348,0.8,2026-09-20T06:27:23.275538+00:00
725,190316544,2.9446,0.0006,0.613,0.8,2026-09-20T06:27:24.060730+00:00
726,190578688,2.8396,0.0006,0.897,0.8,2026-09-20T06:27:24.847288+00:00
727,190840832,2.9697,0.0006,0.742,0.8,2026-09-20T06:27:25.634612+00:00
728,191102976,2.8749,0.0006,0.48,0.8,2026-09-20T06:27:26.420964+00:00
729,191365120,2.9165,0.0006,0.444,0.8,2026-09-20T06:27:27.207455+00:00
730,191627264,2.8605,0.0006,0.304,0.8,2026-09-20T06:27:27.995964+00:00
731,191889408,2.8771,0.0006,0.737,0.8,2026-09-20T06:27:28.782899+00:00
732,192151552,2.8089,0.0006,0.323,0.8,2026-09-20T06:27:29.568215+00:00
733,192413696,2.8884,0.0006,0.315,0.8,2026-09-20T06:27:30.354325+00:00
734,192675840,2.8465,0.0006,0.398,0.8,2026-09-20T06:27:31.141108+00:00
735,192937984,2.7828,0.0006,0.313,0.8,2026-09-20T06:27:31.925844+00:00
736,193200128,2.9121,0.0006,0.323,0.8,2026-09-20T06:27:32.713426+00:00
737,193462272,2.8481,0.0006,0.437,0.8,2026-09-20T06:27:33.497236+00:00
738,193724416,2.8331,0.0006,0.289,0.8,2026-09-20T06:27:34.283476+00:00
739,193986560,2.7821,0.0006,0.288,0.8,2026-09-20T06:27:35.069357+00:00
740,194248704,2.838,0.0006,0.316,0.8,2026-09-20T06:27:35.853721+00:00
741,194510848,2.9378,0.0006,0.444,0.8,2026-09-20T06:27:36.636489+00:00
742,194772992,2.7848,0.0006,0.258,0.8,2026-09-20T06:27:37.419640+00:00
743,195035136,2.8497,0.0006,0.291,0.8,2026-09-20T06:27:38.206941+00:00
744,195297280,2.8044,0.0006,0.338,0.8,2026-09-20T06:27:38.993215+00:00
745,195559424,2.8374,0.0006,0.328,0.8,2026-09-20T06:27:39.776685+00:00
746,195821568,2.7927,0.0006,0.297,0.8,2026-09-20T06:27:40.558730+00:00
747,196083712,2.8382,0.0006,0.413,0.8,2026-09-20T06:27:41.343198+00:00
748,196345856,2.8689,0.0006,0.646,0.8,2026-09-20T06:27:42.126570+00:00
749,196608000,2.9042,0.0006,0.314,0.8,2026-09-20T06:27:42.910420+00:00
750,196870144,2.8354,0.0006,0.374,0.8,2026-09-20T06:27:44.032305+00:00
751,197132288,2.8906,0.0006,0.37,0.8,2026-09-20T06:27:44.815050+00:00
752,197394432,2.8041,0.0006,0.299,0.8,2026-09-20T06:27:45.605443+00:00
753,197656576,2.8812,0.0006,0.538,0.8,2026-09-20T06:27:46.390567+00:00
754,197918720,2.8918,0.0006,0.802,0.8,2026-09-20T06:27:47.174488+00:00
755,198180864,2.8916,0.0006,0.448,0.8,2026-09-20T06:27:47.956671+00:00
756,198443008,2.9072,0.0006,0.479,0.8,2026-09-20T06:27:48.738655+00:00
757,198705152,2.8601,0.0006,0.605,0.8,2026-09-20T06:27:49.522657+00:00
758,198967296,2.8723,0.0006,1.109,0.8,2026-09-20T06:27:50.306381+00:00
759,199229440,2.7998,0.0006,0.598,0.8,2026-09-20T06:27:51.087042+00:00
760,199491584,2.9751,0.0006,0.446,0.8,2026-09-20T06:27:51.869937+00:00
761,199753728,2.8981,0.0006,0.688,0.8,2026-09-20T06:27:52.654757+00:00
762,200015872,2.7728,0.0006,0.73,0.8,2026-09-20T06:27:53.437939+00:00
763,200278016,2.8544,0.0006,0.342,0.8,2026-09-20T06:27:54.220439+00:00
764,200540160,2.8838,0.0006,0.57,0.8,2026-09-20T06:27:55.005855+00:00
765,200802304,2.8937,0.0006,0.494,0.8,2026-09-20T06:27:55.789396+00:00
766,201064448,2.9707,0.0006,0.716,0.8,2026-09-20T06:27:56.572762+00:00
767,201326592,2.837,0.0006,0.395,0.8,2026-09-20T06:27:57.364052+00:00
768,201588736,2.8349,0.0006,0.622,0.8,2026-09-20T06:27:58.149990+00:00
769,201850880,2.9153,0.0006,0.349,0.8,2026-09-20T06:27:58.939675+00:00
770,202113024,2.8741,0.0006,0.442,0.8,2026-09-20T06:27:59.723063+00:00
771,202375168,2.9364,0.0006,0.734,0.8,2026-09-20T06:28:00.515158+00:00
772,202637312,2.7929,0.0006,0.399,0.8,2026-09-20T06:28:01.304245+00:00
773,202899456,2.8591,0.0006,0.332,0.8,2026-09-20T06:28:02.089098+00:00
774,203161600,2.8544,0.0006,0.356,0.8,2026-09-20T06:28:02.873334+00:00
775,203423744,2.7964,0.000599,0.38,0.8,2026-09-20T06:28:03.659318+00:00
776,203685888,2.8687,0.000599,0.412,0.8,2026-09-20T06:28:04.441487+00:00
777,203948032,2.8554,0.000599,0.52,0.8,2026-09-20T06:28:05.222131+00:00
778,204210176,2.7848,0.000599,0.471,0.8,2026-09-20T06:28:06.005141+00:00
779,204472320,2.9012,0.000599,0.383,0.8,2026-09-20T06:28:06.785398+00:00
780,204734464,2.8451,0.000599,0.392,0.8,2026-09-20T06:28:07.564547+00:00
781,204996608,2.8898,0.000599,0.303,0.8,2026-09-20T06:28:08.344482+00:00
782,205258752,2.8333,0.000599,0.298,0.8,2026-09-20T06:28:09.128235+00:00
783,205520896,2.8709,0.000599,0.33,0.8,2026-09-20T06:28:09.912809+00:00
784,205783040,2.9089,0.000599,0.333,0.8,2026-09-20T06:28:10.697412+00:00
785,206045184,2.818,0.000599,0.429,0.8,2026-09-20T06:28:11.478925+00:00
786,206307328,2.8102,0.000599,0.335,0.8,2026-09-20T06:28:12.264705+00:00
787,206569472,2.823,0.000599,0.299,0.8,2026-09-20T06:28:13.050631+00:00
788,206831616,2.8001,0.000599,0.413,0.8,2026-09-20T06:28:13.837673+00:00
789,207093760,2.8357,0.000599,0.42,0.8,2026-09-20T06:28:14.621280+00:00
790,207355904,2.9106,0.000599,0.305,0.8,2026-09-20T06:28:15.406464+00:00
791,207618048,2.8199,0.000599,0.356,0.8,2026-09-20T06:28:16.190749+00:00
792,207880192,2.8245,0.000599,0.312,0.8,2026-09-20T06:28:16.972631+00:00
793,208142336,2.7819,0.000599,0.302,0.8,2026-09-20T06:28:17.758450+00:00
794,208404480,2.8873,0.000599,0.34,0.8,2026-09-20T06:28:18.540323+00:00
795,208666624,2.8818,0.000599,0.285,0.8,2026-09-20T06:28:19.327420+00:00
796,208928768,2.8179,0.000599,0.269,0.8,2026-09-20T06:28:20.111396+00:00
797,209190912,2.831,0.000599,0.305,0.8,2026-09-20T06:28:20.892403+00:00
798,209453056,2.8253,0.000599,0.449,0.8,2026-09-20T06:28:21.678396+00:00
799,209715200,2.866,0.000599,0.328,0.8,2026-09-20T06:28:22.462587+00:00
800,209977344,2.786,0.000599,0.395,0.8,2026-09-20T06:28:40.022776+00:00
801,210239488,2.8368,0.000599,0.285,0.8,2026-09-20T06:28:40.801441+00:00
802,210501632,2.8546,0.000599,0.383,0.8,2026-09-20T06:28:41.602238+00:00
803,210763776,2.8533,0.000599,0.511,0.8,2026-09-20T06:28:42.389545+00:00
804,211025920,2.8002,0.000599,0.49,0.8,2026-09-20T06:28:43.175431+00:00
805,211288064,2.8493,0.000599,0.368,0.8,2026-09-20T06:28:43.958184+00:00
806,211550208,2.7675,0.000599,0.375,0.8,2026-09-20T06:28:44.741877+00:00
807,211812352,2.7651,0.000599,0.317,0.8,2026-09-20T06:28:45.528865+00:00
808,212074496,2.8487,0.000599,0.485,0.8,2026-09-20T06:28:46.312214+00:00
809,212336640,2.7821,0.000599,0.266,0.8,2026-09-20T06:28:47.093350+00:00
810,212598784,2.8343,0.000599,0.377,0.8,2026-09-20T06:28:47.881632+00:00
811,212860928,2.8149,0.000599,0.407,0.8,2026-09-20T06:28:48.665370+00:00
812,213123072,2.8253,0.000599,0.317,0.8,2026-09-20T06:28:49.446006+00:00
813,213385216,2.8051,0.000599,0.484,0.8,2026-09-20T06:28:50.233975+00:00
814,213647360,2.9036,0.000599,0.324,0.8,2026-09-20T06:28:51.018451+00:00
815,213909504,2.8593,0.000599,0.549,0.8,2026-09-20T06:28:51.801843+00:00
816,214171648,2.8503,0.000599,0.336,0.8,2026-09-20T06:28:52.585639+00:00
817,214433792,2.8135,0.000599,0.404,0.8,2026-09-20T06:28:53.370132+00:00
818,214695936,2.8433,0.000599,0.395,0.8,2026-09-20T06:28:54.157976+00:00
819,214958080,2.8229,0.000599,0.343,0.8,2026-09-20T06:28:54.945417+00:00
820,215220224,2.7808,0.000599,0.249,0.8,2026-09-20T06:28:55.737319+00:00
821,215482368,2.7509,0.000599,0.329,0.8,2026-09-20T06:28:56.533583+00:00
822,215744512,2.8253,0.000599,0.396,0.8,2026-09-20T06:28:57.331391+00:00
823,216006656,2.6987,0.000599,0.379,0.8,2026-09-20T06:28:58.132026+00:00
824,216268800,2.8009,0.000599,0.559,0.8,2026-09-20T06:28:58.931993+00:00
825,216530944,2.8289,0.000599,0.512,0.8,2026-09-20T06:28:59.732857+00:00
826,216793088,2.7605,0.000599,0.413,0.8,2026-09-20T06:29:00.531870+00:00
827,217055232,2.7912,0.000599,0.391,0.8,2026-09-20T06:29:01.333118+00:00
828,217317376,2.8253,0.000599,0.685,0.8,2026-09-20T06:29:02.134506+00:00
829,217579520,2.8352,0.000599,0.469,0.8,2026-09-20T06:29:02.936484+00:00
830,217841664,2.7689,0.000599,0.363,0.8,2026-09-20T06:29:03.735842+00:00
831,218103808,2.8202,0.000599,0.4,0.8,2026-09-20T06:29:04.534270+00:00
832,218365952,2.8237,0.000599,0.391,0.8,2026-09-20T06:29:05.335796+00:00
833,218628096,2.7917,0.000599,0.33,0.8,2026-09-20T06:29:06.134654+00:00
834,218890240,2.7506,0.000599,0.345,0.8,2026-09-20T06:29:06.940390+00:00
835,219152384,2.769,0.000599,0.276,0.8,2026-09-20T06:29:07.740073+00:00
836,219414528,2.7755,0.000599,0.267,0.8,2026-09-20T06:29:08.531821+00:00
837,219676672,2.8269,0.000599,0.478,0.8,2026-09-20T06:29:09.334962+00:00
838,219938816,2.7318,0.000599,0.276,0.8,2026-09-20T06:29:10.134141+00:00
839,220200960,2.8477,0.000599,0.665,0.8,2026-09-20T06:29:10.932590+00:00
840,220463104,2.7901,0.000599,0.404,0.8,2026-09-20T06:29:11.715931+00:00
841,220725248,2.8163,0.000599,0.756,0.8,2026-09-20T06:29:12.502570+00:00
842,220987392,2.8552,0.000599,0.908,0.8,2026-09-20T06:29:13.292849+00:00
843,221249536,2.7784,0.000599,0.441,0.8,2026-09-20T06:29:14.081146+00:00
844,221511680,2.6994,0.000599,0.425,0.8,2026-09-20T06:29:14.864723+00:00
845,221773824,2.8298,0.000599,0.308,0.8,2026-09-20T06:29:15.654324+00:00
846,222035968,2.7485,0.000599,0.358,0.8,2026-09-20T06:29:16.444330+00:00
847,222298112,2.8325,0.000599,0.296,0.8,2026-09-20T06:29:17.230596+00:00
848,222560256,2.8015,0.000599,0.346,0.8,2026-09-20T06:29:18.015038+00:00
849,222822400,2.8091,0.000599,0.359,0.8,2026-09-20T06:29:18.799985+00:00
850,223084544,2.8499,0.000599,0.365,0.8,2026-09-20T06:29:19.583933+00:00
851,223346688,2.7582,0.000599,0.351,0.8,2026-09-20T06:29:20.370433+00:00
852,223608832,2.7437,0.000599,0.273,0.8,2026-09-20T06:29:21.155788+00:00
853,223870976,2.8032,0.000599,0.483,0.8,2026-09-20T06:29:21.941536+00:00
854,224133120,2.7477,0.000599,0.308,0.8,2026-09-20T06:29:22.728541+00:00
855,224395264,2.8501,0.000599,0.298,0.8,2026-09-20T06:29:23.513915+00:00
856,224657408,2.8225,0.000599,0.27,0.8,2026-09-20T06:29:24.301487+00:00
857,224919552,2.7961,0.000599,0.248,0.8,2026-09-20T06:29:25.088047+00:00
858,225181696,2.7816,0.000599,0.303,0.8,2026-09-20T06:29:25.873801+00:00
859,225443840,2.8327,0.000599,0.376,0.8,2026-09-20T06:29:26.659947+00:00
860,225705984,2.8092,0.000599,0.293,0.8,2026-09-20T06:29:27.454226+00:00
861,225968128,2.8094,0.000599,0.349,0.8,2026-09-20T06:29:28.245447+00:00
862,226230272,2.8019,0.000599,0.271,0.8,2026-09-20T06:29:29.028875+00:00
863,226492416,2.8253,0.000599,0.288,0.8,2026-09-20T06:29:29.815432+00:00
864,226754560,2.7608,0.000599,0.647,0.8,2026-09-20T06:29:30.604941+00:00
865,227016704,2.8293,0.000599,0.341,0.8,2026-09-20T06:29:31.388895+00:00
866,227278848,2.8186,0.000599,0.57,0.8,2026-09-20T06:29:32.175457+00:00
867,227540992,2.7852,0.000599,0.4,0.8,2026-09-20T06:29:32.965610+00:00
868,227803136,2.7484,0.000599,0.551,0.8,2026-09-20T06:29:33.753940+00:00
869,228065280,2.7776,0.000599,0.417,0.8,2026-09-20T06:29:34.537426+00:00
870,228327424,2.7414,0.000599,0.592,0.8,2026-09-20T06:29:35.322206+00:00
871,228589568,2.7681,0.000599,0.694,0.8,2026-09-20T06:29:36.109783+00:00
872,228851712,2.8055,0.000599,0.401,0.8,2026-09-20T06:29:36.897265+00:00
873,229113856,2.8082,0.000599,0.683,0.8,2026-09-20T06:29:37.682058+00:00
874,229376000,2.8045,0.000599,0.325,0.8,2026-09-20T06:29:38.466933+00:00
875,229638144,2.8004,0.000599,0.321,0.8,2026-09-20T06:29:39.255881+00:00
876,229900288,2.7828,0.000599,0.326,0.8,2026-09-20T06:29:40.040464+00:00
877,230162432,2.7427,0.000599,0.36,0.8,2026-09-20T06:29:40.821202+00:00
878,230424576,2.7955,0.000599,0.347,0.8,2026-09-20T06:29:41.609771+00:00
879,230686720,2.7507,0.000599,0.307,0.8,2026-09-20T06:29:42.399196+00:00
880,230948864,2.7903,0.000599,0.281,0.8,2026-09-20T06:29:43.184707+00:00
881,231211008,2.8003,0.000599,0.373,0.8,2026-09-20T06:29:43.966416+00:00
882,231473152,2.714,0.000599,0.227,0.8,2026-09-20T06:29:44.753285+00:00
883,231735296,2.8416,0.000599,0.257,0.8,2026-09-20T06:29:45.537429+00:00
884,231997440,2.7815,0.000599,0.275,0.8,2026-09-20T06:29:46.320163+00:00
885,232259584,2.8503,0.000599,0.36,0.8,2026-09-20T06:29:47.106800+00:00
886,232521728,2.7854,0.000599,0.309,0.8,2026-09-20T06:29:47.895161+00:00
887,232783872,2.7768,0.000599,0.293,0.8,2026-09-20T06:29:48.681105+00:00
888,233046016,2.8032,0.000599,0.32,0.8,2026-09-20T06:29:49.463987+00:00
889,233308160,2.7135,0.000599,0.249,0.8,2026-09-20T06:29:50.249739+00:00
890,233570304,2.77,0.000599,0.302,0.8,2026-09-20T06:29:51.037307+00:00
891,233832448,2.7606,0.000599,0.32,0.8,2026-09-20T06:29:51.820208+00:00
892,234094592,2.7439,0.000599,0.351,0.8,2026-09-20T06:29:52.602810+00:00
893,234356736,2.7426,0.000599,0.312,0.8,2026-09-20T06:29:53.390031+00:00
894,234618880,2.8046,0.000599,0.585,0.8,2026-09-20T06:29:54.177299+00:00
895,234881024,2.6915,0.000599,0.505,0.8,2026-09-20T06:29:54.961010+00:00
896,235143168,2.817,0.000599,0.654,0.8,2026-09-20T06:29:55.747062+00:00
897,235405312,2.8219,0.000599,0.374,0.8,2026-09-20T06:29:56.537310+00:00
898,235667456,2.7664,0.000599,0.568,0.8,2026-09-20T06:29:57.323633+00:00
899,235929600,2.6889,0.000599,1.151,0.8,2026-09-20T06:29:58.106547+00:00
900,236191744,2.7814,0.000599,0.465,0.8,2026-09-20T06:30:18.516853+00:00
901,236453888,2.7325,0.000599,0.434,0.8,2026-09-20T06:30:19.298595+00:00
902,236716032,2.826,0.000599,0.508,0.8,2026-09-20T06:30:20.079751+00:00
903,236978176,2.7965,0.000599,0.654,0.8,2026-09-20T06:30:20.867051+00:00
904,237240320,2.7705,0.000599,0.642,0.8,2026-09-20T06:30:21.652027+00:00
905,237502464,2.7082,0.000599,0.394,0.8,2026-09-20T06:30:22.432957+00:00
906,237764608,2.7629,0.000599,0.445,0.8,2026-09-20T06:30:23.219871+00:00
907,238026752,2.8035,0.000599,0.382,0.8,2026-09-20T06:30:24.011184+00:00
908,238288896,2.8735,0.000599,0.579,0.8,2026-09-20T06:30:24.796474+00:00
909,238551040,2.7711,0.000599,0.71,0.8,2026-09-20T06:30:25.581926+00:00
910,238813184,2.7683,0.000599,0.354,0.8,2026-09-20T06:30:26.368580+00:00
911,239075328,2.7918,0.000599,1.318,0.8,2026-09-20T06:30:27.152198+00:00
912,239337472,2.7636,0.000599,0.445,0.8,2026-09-20T06:30:27.936108+00:00
913,239599616,2.7841,0.000599,0.278,0.8,2026-09-20T06:30:28.725829+00:00
914,239861760,2.8008,0.000599,0.383,0.8,2026-09-20T06:30:29.510629+00:00
915,240123904,2.7376,0.000599,0.913,0.8,2026-09-20T06:30:30.293234+00:00
916,240386048,2.7736,0.000599,1.111,0.8,2026-09-20T06:30:31.078564+00:00
917,240648192,2.8436,0.000599,0.916,0.8,2026-09-20T06:30:31.874074+00:00
918,240910336,2.7965,0.000599,0.586,0.8,2026-09-20T06:30:32.659291+00:00
919,241172480,2.7757,0.000599,0.543,0.8,2026-09-20T06:30:33.440989+00:00
920,241434624,2.7204,0.000599,0.369,0.8,2026-09-20T06:30:34.230884+00:00
921,241696768,2.7432,0.000599,0.419,0.8,2026-09-20T06:30:35.016800+00:00
922,241958912,2.7581,0.000599,1.011,0.8,2026-09-20T06:30:35.799210+00:00
923,242221056,2.8525,0.000599,0.665,0.8,2026-09-20T06:30:36.581420+00:00
924,242483200,2.8528,0.000599,0.669,0.8,2026-09-20T06:30:37.367867+00:00
925,242745344,2.7531,0.000599,0.367,0.8,2026-09-20T06:30:38.152411+00:00
926,243007488,2.7539,0.000599,0.833,0.8,2026-09-20T06:30:38.935213+00:00
927,243269632,2.7625,0.000598,0.454,0.8,2026-09-20T06:30:39.724718+00:00
928,243531776,2.8377,0.000598,0.437,0.8,2026-09-20T06:30:40.515250+00:00
929,243793920,2.8526,0.000598,0.606,0.8,2026-09-20T06:30:41.298993+00:00
930,244056064,2.7521,0.000598,0.405,0.8,2026-09-20T06:30:42.080354+00:00
931,244318208,2.7724,0.000598,0.358,0.8,2026-09-20T06:30:42.868255+00:00
932,244580352,2.6918,0.000598,0.258,0.8,2026-09-20T06:30:43.653493+00:00
933,244842496,2.7613,0.000598,0.292,0.8,2026-09-20T06:30:44.436692+00:00
934,245104640,2.7619,0.000598,0.317,0.8,2026-09-20T06:30:45.221728+00:00
935,245366784,2.8106,0.000598,0.261,0.8,2026-09-20T06:30:46.004791+00:00
936,245628928,2.7234,0.000598,0.338,0.8,2026-09-20T06:30:46.786291+00:00
937,245891072,2.7445,0.000598,0.327,0.8,2026-09-20T06:30:47.573538+00:00
938,246153216,2.8273,0.000598,0.288,0.8,2026-09-20T06:30:48.355536+00:00
939,246415360,2.7917,0.000598,0.496,0.8,2026-09-20T06:30:49.142656+00:00
940,246677504,2.7332,0.000598,0.309,0.8,2026-09-20T06:30:49.930986+00:00
941,246939648,2.6857,0.000598,0.434,0.8,2026-09-20T06:30:50.714722+00:00
942,247201792,2.7815,0.000598,0.34,0.8,2026-09-20T06:30:51.497200+00:00
943,247463936,2.6496,0.000598,0.299,0.8,2026-09-20T06:30:52.284032+00:00
944,247726080,2.7653,0.000598,0.304,0.8,2026-09-20T06:30:53.069925+00:00
945,247988224,2.7473,0.000598,0.285,0.8,2026-09-20T06:30:53.858307+00:00
946,248250368,2.6934,0.000598,0.26,0.8,2026-09-20T06:30:54.647282+00:00
947,248512512,2.7416,0.000598,0.304,0.8,2026-09-20T06:30:55.432927+00:00
948,248774656,2.7585,0.000598,0.272,0.8,2026-09-20T06:30:56.217177+00:00
949,249036800,2.7572,0.000598,0.331,0.8,2026-09-20T06:30:56.997229+00:00
950,249298944,2.8006,0.000598,0.291,0.8,2026-09-20T06:30:57.779201+00:00
951,249561088,2.6786,0.000598,0.263,0.8,2026-09-20T06:30:58.560219+00:00
952,249823232,2.7353,0.000598,0.29,0.8,2026-09-20T06:30:59.339889+00:00
953,250085376,2.7738,0.000598,0.334,0.8,2026-09-20T06:31:00.119129+00:00
954,250347520,2.7659,0.000598,0.429,0.8,2026-09-20T06:31:32.462159+00:00
955,250609664,2.7664,0.000598,0.287,0.8,2026-09-20T06:31:33.251816+00:00
956,250871808,2.7507,0.000598,0.261,0.8,2026-09-20T06:31:34.038055+00:00
957,251133952,2.7127,0.000598,0.43,0.8,2026-09-20T06:31:34.823459+00:00
958,251396096,2.7499,0.000598,0.378,0.8,2026-09-20T06:31:35.610379+00:00
959,251658240,2.7844,0.000598,0.438,0.8,2026-09-20T06:31:36.401306+00:00
960,251920384,2.7615,0.000598,0.327,0.8,2026-09-20T06:31:37.189825+00:00
961,252182528,2.7904,0.000598,0.415,0.8,2026-09-20T06:31:37.973641+00:00
962,252444672,2.6979,0.000598,0.247,0.8,2026-09-20T06:31:38.762295+00:00
963,252706816,2.777,0.000598,0.32,0.8,2026-09-20T06:31:39.549334+00:00
964,252968960,2.7634,0.000598,0.258,0.8,2026-09-20T06:31:40.335290+00:00
965,253231104,2.6617,0.000598,0.401,0.8,2026-09-20T06:31:41.116659+00:00
966,253493248,2.6922,0.000598,0.257,0.8,2026-09-20T06:31:41.898894+00:00
967,253755392,2.7414,0.000598,0.397,0.8,2026-09-20T06:31:42.686825+00:00
968,254017536,2.7213,0.000598,1.269,0.8,2026-09-20T06:31:43.474125+00:00
969,254279680,2.7601,0.000598,0.318,0.8,2026-09-20T06:31:44.259145+00:00
970,254541824,2.6994,0.000598,0.314,0.8,2026-09-20T06:31:45.046067+00:00
971,254803968,2.7092,0.000598,0.406,0.8,2026-09-20T06:31:45.832792+00:00
972,255066112,2.7036,0.000598,0.358,0.8,2026-09-20T06:31:46.620888+00:00
973,255328256,2.7375,0.000598,0.282,0.8,2026-09-20T06:31:47.407041+00:00
974,255590400,2.7592,0.000598,0.6,0.8,2026-09-20T06:31:48.194402+00:00
975,255852544,2.6784,0.000598,0.419,0.8,2026-09-20T06:31:48.980054+00:00
976,256114688,2.7138,0.000598,0.639,0.8,2026-09-20T06:31:49.765804+00:00
977,256376832,2.7526,0.000598,0.401,0.8,2026-09-20T06:31:50.553236+00:00
978,256638976,2.725,0.000598,0.378,0.8,2026-09-20T06:31:51.336157+00:00
979,256901120,2.7196,0.000598,0.393,0.8,2026-09-20T06:31:52.117895+00:00
980,257163264,2.7474,0.000598,0.357,0.8,2026-09-20T06:31:52.903694+00:00
981,257425408,2.7193,0.000598,0.396,0.8,2026-09-20T06:31:53.691768+00:00
982,257687552,2.8019,0.000598,0.429,0.8,2026-09-20T06:31:54.477692+00:00
983,257949696,2.8038,0.000598,0.474,0.8,2026-09-20T06:31:55.261566+00:00
984,258211840,2.7212,0.000598,0.359,0.8,2026-09-20T06:31:56.047859+00:00
985,258473984,2.7546,0.000598,0.409,0.8,2026-09-20T06:31:56.834326+00:00
986,258736128,2.7024,0.000598,0.288,0.8,2026-09-20T06:31:57.619406+00:00
987,258998272,2.7285,0.000598,0.495,0.8,2026-09-20T06:31:58.401977+00:00
988,259260416,2.6675,0.000598,0.384,0.8,2026-09-20T06:31:59.189576+00:00
989,259522560,2.7822,0.000598,0.383,0.8,2026-09-20T06:31:59.975734+00:00
990,259784704,2.6658,0.000598,0.351,0.8,2026-09-20T06:32:00.759418+00:00
991,260046848,2.8064,0.000598,0.887,0.8,2026-09-20T06:32:01.551027+00:00
992,260308992,2.7341,0.000598,0.582,0.8,2026-09-20T06:32:02.338608+00:00
993,260571136,2.7684,0.000598,0.7,0.8,2026-09-20T06:32:03.123840+00:00
994,260833280,2.7077,0.000598,0.691,0.8,2026-09-20T06:32:03.908265+00:00
995,261095424,2.7775,0.000598,0.396,0.8,2026-09-20T06:32:04.693447+00:00
996,261357568,2.7834,0.000598,1.093,0.8,2026-09-20T06:32:05.477175+00:00
997,261619712,2.6726,0.000598,0.381,0.8,2026-09-20T06:32:06.258505+00:00
998,261881856,2.7279,0.000598,1.058,0.8,2026-09-20T06:32:07.040451+00:00
999,262144000,2.8018,0.000598,0.894,0.8,2026-09-20T06:32:07.826382+00:00
1000,262406144,2.7051,0.000598,0.508,0.8,2026-09-20T06:32:24.057183+00:00
1001,262668288,2.7712,0.000598,0.293,0.8,2026-09-20T06:32:24.838430+00:00
1002,262930432,2.7671,0.000598,0.535,0.8,2026-09-20T06:32:25.624033+00:00
1003,263192576,2.771,0.000598,0.531,0.8,2026-09-20T06:32:26.408809+00:00
1004,263454720,2.71,0.000598,0.362,0.8,2026-09-20T06:32:27.188864+00:00
1005,263716864,2.7575,0.000598,0.394,0.8,2026-09-20T06:32:27.968654+00:00
1006,263979008,2.7159,0.000598,0.392,0.8,2026-09-20T06:32:28.749570+00:00
1007,264241152,2.7793,0.000598,0.535,0.8,2026-09-20T06:32:29.528404+00:00
1008,264503296,2.727,0.000598,0.737,0.8,2026-09-20T06:32:30.308223+00:00
1009,264765440,2.7404,0.000598,0.434,0.8,2026-09-20T06:32:31.089243+00:00
1010,265027584,2.6669,0.000598,0.38,0.8,2026-09-20T06:32:31.877235+00:00
1011,265289728,2.7414,0.000598,0.359,0.8,2026-09-20T06:32:32.663760+00:00
1012,265551872,2.7728,0.000598,0.322,0.8,2026-09-20T06:32:33.449894+00:00
1013,265814016,2.7037,0.000598,0.306,0.8,2026-09-20T06:32:34.239934+00:00
1014,266076160,2.7418,0.000598,0.244,0.8,2026-09-20T06:32:35.027452+00:00
1015,266338304,2.6918,0.000598,0.37,0.8,2026-09-20T06:32:35.815551+00:00
1016,266600448,2.7486,0.000598,0.28,0.8,2026-09-20T06:32:36.600688+00:00
1017,266862592,2.7623,0.000598,0.232,0.8,2026-09-20T06:32:37.385839+00:00
1018,267124736,2.7175,0.000598,0.456,0.8,2026-09-20T06:32:38.171329+00:00
1019,267386880,2.6668,0.000598,0.273,0.8,2026-09-20T06:32:38.954447+00:00
1020,267649024,2.6989,0.000598,0.251,0.8,2026-09-20T06:32:39.742084+00:00
1021,267911168,2.7169,0.000598,0.566,0.8,2026-09-20T06:32:40.531654+00:00
1022,268173312,2.7494,0.000598,0.357,0.8,2026-09-20T06:32:41.316040+00:00
1023,268435456,2.7206,0.000598,0.385,0.8,2026-09-20T06:32:42.097645+00:00
1024,268697600,2.7212,0.000598,0.329,0.8,2026-09-20T06:32:42.881680+00:00
1025,268959744,2.692,0.000598,0.289,0.8,2026-09-20T06:32:43.665753+00:00
1026,269221888,2.7676,0.000598,0.328,0.8,2026-09-20T06:32:44.452096+00:00
1027,269484032,2.7017,0.000598,0.648,0.8,2026-09-20T06:32:45.237195+00:00
1028,269746176,2.617,0.000598,0.238,0.8,2026-09-20T06:32:46.020235+00:00
1029,270008320,2.7213,0.000598,0.271,0.8,2026-09-20T06:32:46.802943+00:00
1030,270270464,2.7046,0.000598,0.449,0.8,2026-09-20T06:32:47.586973+00:00
1031,270532608,2.7293,0.000598,0.323,0.8,2026-09-20T06:32:48.372841+00:00
1032,270794752,2.6993,0.000598,0.564,0.8,2026-09-20T06:32:49.153240+00:00
1033,271056896,2.7652,0.000597,0.555,0.8,2026-09-20T06:32:49.935991+00:00
1034,271319040,2.7855,0.000597,0.408,0.8,2026-09-20T06:32:50.721653+00:00
1035,271581184,2.7782,0.000597,0.614,0.8,2026-09-20T06:32:51.518258+00:00
1036,271843328,2.698,0.000597,0.353,0.8,2026-09-20T06:32:52.303140+00:00
1037,272105472,2.6784,0.000597,0.396,0.8,2026-09-20T06:32:53.095850+00:00
1038,272367616,2.7143,0.000597,0.537,0.8,2026-09-20T06:32:53.884474+00:00
1039,272629760,2.7015,0.000597,0.502,0.8,2026-09-20T06:32:54.666281+00:00
1040,272891904,2.7251,0.000597,0.428,0.8,2026-09-20T06:32:55.457930+00:00
1041,273154048,2.7069,0.000597,0.344,0.8,2026-09-20T06:32:56.243298+00:00
1042,273416192,2.743,0.000597,0.386,0.8,2026-09-20T06:32:57.031221+00:00
1043,273678336,2.8041,0.000597,0.699,0.8,2026-09-20T06:32:57.814015+00:00
1044,273940480,2.7198,0.000597,0.4,0.8,2026-09-20T06:32:58.602636+00:00
1045,274202624,2.6547,0.000597,0.498,0.8,2026-09-20T06:32:59.385262+00:00
1046,274464768,2.8021,0.000597,0.585,0.8,2026-09-20T06:33:00.168931+00:00
1047,274726912,2.6847,0.000597,0.43,0.8,2026-09-20T06:33:00.951837+00:00
1048,274989056,2.8042,0.000597,0.38,0.8,2026-09-20T06:33:01.739457+00:00
1049,275251200,2.6261,0.000597,0.353,0.8,2026-09-20T06:33:02.525353+00:00
1050,275513344,2.6848,0.000597,0.341,0.8,2026-09-20T06:33:03.312795+00:00
1051,275775488,2.7849,0.000597,0.362,0.8,2026-09-20T06:33:04.097260+00:00
1052,276037632,2.7566,0.000597,0.582,0.8,2026-09-20T06:33:04.884486+00:00
1053,276299776,2.7332,0.000597,0.254,0.8,2026-09-20T06:33:05.669440+00:00
1054,276561920,2.6546,0.000597,0.578,0.8,2026-09-20T06:33:06.452029+00:00
1055,276824064,2.6938,0.000597,0.395,0.8,2026-09-20T06:33:07.236711+00:00
1056,277086208,2.7006,0.000597,0.328,0.8,2026-09-20T06:33:08.025449+00:00
1057,277348352,2.7142,0.000597,0.316,0.8,2026-09-20T06:33:08.811072+00:00
1058,277610496,2.6588,0.000597,0.232,0.8,2026-09-20T06:33:09.594614+00:00
1059,277872640,2.6682,0.000597,0.285,0.8,2026-09-20T06:33:10.387624+00:00
1060,278134784,2.7504,0.000597,0.487,0.8,2026-09-20T06:33:11.172853+00:00
1061,278396928,2.7108,0.000597,0.438,0.8,2026-09-20T06:33:11.956378+00:00
1062,278659072,2.7555,0.000597,0.349,0.8,2026-09-20T06:33:12.744179+00:00
1063,278921216,2.7157,0.000597,0.464,0.8,2026-09-20T06:33:13.531224+00:00
1064,279183360,2.7273,0.000597,0.42,0.8,2026-09-20T06:33:14.319482+00:00
1065,279445504,2.7794,0.000597,0.709,0.8,2026-09-20T06:33:15.109711+00:00
1066,279707648,2.6868,0.000597,0.314,0.8,2026-09-20T06:33:15.895198+00:00
1067,279969792,2.7038,0.000597,0.382,0.8,2026-09-20T06:33:16.682109+00:00
1068,280231936,2.706,0.000597,0.778,0.8,2026-09-20T06:33:17.464744+00:00
1069,280494080,2.7539,0.000597,1.038,0.8,2026-09-20T06:33:18.248946+00:00
1070,280756224,2.7462,0.000597,0.984,0.8,2026-09-20T06:33:19.030869+00:00
1071,281018368,2.6965,0.000597,0.484,0.8,2026-09-20T06:33:19.815832+00:00
1072,281280512,2.7385,0.000597,0.507,0.8,2026-09-20T06:33:20.602272+00:00
1073,281542656,2.6683,0.000597,0.499,0.8,2026-09-20T06:33:21.387813+00:00
1074,281804800,2.7792,0.000597,0.353,0.8,2026-09-20T06:33:22.172623+00:00
1075,282066944,2.7219,0.000597,0.439,0.8,2026-09-20T06:33:22.960921+00:00
1076,282329088,2.7448,0.000597,0.464,0.8,2026-09-20T06:33:23.749863+00:00
1077,282591232,2.7777,0.000597,0.272,0.8,2026-09-20T06:33:24.534880+00:00
1078,282853376,2.6583,0.000597,0.282,0.8,2026-09-20T06:33:25.320818+00:00
1079,283115520,2.6393,0.000597,0.337,0.8,2026-09-20T06:33:26.126385+00:00
1080,283377664,2.6883,0.000597,0.521,0.8,2026-09-20T06:33:26.909311+00:00
1081,283639808,2.7762,0.000597,0.423,0.8,2026-09-20T06:33:27.696702+00:00
1082,283901952,2.7149,0.000597,0.292,0.8,2026-09-20T06:33:28.485830+00:00
1083,284164096,2.722,0.000597,0.278,0.8,2026-09-20T06:33:29.274922+00:00
1084,284426240,2.6934,0.000597,0.428,0.8,2026-09-20T06:33:30.059935+00:00
1085,284688384,2.7367,0.000597,0.327,0.8,2026-09-20T06:33:30.845620+00:00
1086,284950528,2.6854,0.000597,0.413,0.8,2026-09-20T06:33:31.634537+00:00
1087,285212672,2.7301,0.000597,0.333,0.8,2026-09-20T06:33:32.421014+00:00
1088,285474816,2.677,0.000597,0.364,0.8,2026-09-20T06:33:33.210901+00:00
1089,285736960,2.6222,0.000597,0.306,0.8,2026-09-20T06:33:33.995827+00:00
1090,285999104,2.6762,0.000597,0.328,0.8,2026-09-20T06:33:34.780698+00:00
1091,286261248,2.6973,0.000597,0.317,0.8,2026-09-20T06:33:35.566209+00:00
1092,286523392,2.6633,0.000597,0.265,0.8,2026-09-20T06:33:36.358188+00:00
1093,286785536,2.7538,0.000597,0.452,0.8,2026-09-20T06:33:37.139524+00:00
1094,287047680,2.7123,0.000597,0.401,0.8,2026-09-20T06:33:37.926378+00:00
1095,287309824,2.7251,0.000597,0.326,0.8,2026-09-20T06:33:38.711884+00:00
1096,287571968,2.7154,0.000597,0.297,0.8,2026-09-20T06:33:39.503851+00:00
1097,287834112,2.711,0.000597,0.302,0.8,2026-09-20T06:33:40.290056+00:00
1098,288096256,2.6902,0.000597,0.257,0.8,2026-09-20T06:33:41.091337+00:00
1099,288358400,2.6993,0.000597,0.378,0.8,2026-09-20T06:33:41.884444+00:00
1100,288620544,2.7721,0.000597,0.43,0.8,2026-09-20T06:33:42.674969+00:00
1101,288882688,2.6885,0.000597,0.326,0.8,2026-09-20T06:33:43.464987+00:00
1102,289144832,2.6604,0.000597,0.462,0.8,2026-09-20T06:33:44.250988+00:00
1103,289406976,2.6528,0.000597,0.426,0.8,2026-09-20T06:33:45.038721+00:00
1104,289669120,2.6253,0.000597,0.284,0.8,2026-09-20T06:33:45.823702+00:00
1105,289931264,2.6762,0.000597,0.307,0.8,2026-09-20T06:33:46.605211+00:00
1106,290193408,2.6642,0.000597,0.277,0.8,2026-09-20T06:33:47.391974+00:00
1107,290455552,2.6564,0.000597,0.45,0.8,2026-09-20T06:33:48.178448+00:00
1108,290717696,2.7151,0.000597,0.275,0.8,2026-09-20T06:33:48.967539+00:00
1109,290979840,2.6631,0.000597,0.298,0.8,2026-09-20T06:33:49.752033+00:00
1110,291241984,2.6772,0.000597,0.401,0.8,2026-09-20T06:33:50.538862+00:00
1111,291504128,2.6487,0.000597,0.429,0.8,2026-09-20T06:33:51.323452+00:00
1112,291766272,2.6838,0.000597,0.602,0.8,2026-09-20T06:33:52.110804+00:00
1113,292028416,2.7214,0.000597,0.688,0.8,2026-09-20T06:33:52.895764+00:00
1114,292290560,2.7678,0.000597,0.814,0.8,2026-09-20T06:33:53.685023+00:00
1115,292552704,2.7283,0.000597,0.359,0.8,2026-09-20T06:33:54.468552+00:00
1116,292814848,2.7235,0.000597,0.448,0.8,2026-09-20T06:33:55.250885+00:00
1117,293076992,2.6801,0.000597,0.351,0.8,2026-09-20T06:33:56.038406+00:00
1118,293339136,2.6647,0.000596,0.375,0.8,2026-09-20T06:33:56.833133+00:00
1119,293601280,2.7264,0.000596,0.319,0.8,2026-09-20T06:33:57.623309+00:00
1120,293863424,2.67,0.000596,0.625,0.8,2026-09-20T06:33:58.412207+00:00
1121,294125568,2.7278,0.000596,0.555,0.8,2026-09-20T06:33:59.201848+00:00
1122,294387712,2.6959,0.000596,0.646,0.8,2026-09-20T06:33:59.988706+00:00
1123,294649856,2.7108,0.000596,0.46,0.8,2026-09-20T06:34:00.774260+00:00
1124,294912000,2.7057,0.000596,0.596,0.8,2026-09-20T06:34:01.555825+00:00
1125,295174144,2.7519,0.000596,0.355,0.8,2026-09-20T06:34:02.340636+00:00
1126,295436288,2.7063,0.000596,0.356,0.8,2026-09-20T06:34:03.125869+00:00
1127,295698432,2.7219,0.000596,0.334,0.8,2026-09-20T06:34:03.909821+00:00
1128,295960576,2.6798,0.000596,0.37,0.8,2026-09-20T06:34:04.695935+00:00
1129,296222720,2.6974,0.000596,0.294,0.8,2026-09-20T06:34:05.479944+00:00
1130,296484864,2.6643,0.000596,0.605,0.8,2026-09-20T06:34:06.268497+00:00
1131,296747008,2.7066,0.000596,0.361,0.8,2026-09-20T06:34:07.055047+00:00
1132,297009152,2.6621,0.000596,0.392,0.8,2026-09-20T06:34:07.840686+00:00
1133,297271296,2.6758,0.000596,0.31,0.8,2026-09-20T06:34:08.633157+00:00
1134,297533440,2.7337,0.000596,0.315,0.8,2026-09-20T06:34:09.425562+00:00
1135,297795584,2.7438,0.000596,0.286,0.8,2026-09-20T06:34:10.210188+00:00
1136,298057728,2.7061,0.000596,0.391,0.8,2026-09-20T06:34:10.994871+00:00
1137,298319872,2.6456,0.000596,0.246,0.8,2026-09-20T06:34:11.777134+00:00
1138,298582016,2.6419,0.000596,0.263,0.8,2026-09-20T06:34:12.561616+00:00
1139,298844160,2.7016,0.000596,0.352,0.8,2026-09-20T06:34:13.351401+00:00
1140,299106304,2.7223,0.000596,0.44,0.8,2026-09-20T06:34:14.142187+00:00
1141,299368448,2.6571,0.000596,0.262,0.8,2026-09-20T06:34:14.927608+00:00
1142,299630592,2.6563,0.000596,0.341,0.8,2026-09-20T06:34:15.714679+00:00
1143,299892736,2.6995,0.000596,0.261,0.8,2026-09-20T06:34:16.499782+00:00
1144,300154880,2.6892,0.000596,0.27,0.8,2026-09-20T06:34:17.294930+00:00
1145,300417024,2.6965,0.000596,0.463,0.8,2026-09-20T06:34:18.088561+00:00
1146,300679168,2.6675,0.000596,0.605,0.8,2026-09-20T06:34:18.879879+00:00
1147,300941312,2.6212,0.000596,0.352,0.8,2026-09-20T06:34:19.663553+00:00
1148,301203456,2.6569,0.000596,0.26,0.8,2026-09-20T06:34:20.449059+00:00
1149,301465600,2.6831,0.000596,0.344,0.8,2026-09-20T06:34:21.234934+00:00
1150,301727744,2.7237,0.000596,0.364,0.8,2026-09-20T06:34:22.024571+00:00
1151,301989888,2.7388,0.000596,0.369,0.8,2026-09-20T06:34:22.808541+00:00
1152,302252032,2.7074,0.000596,0.379,0.8,2026-09-20T06:34:23.588125+00:00
1153,302514176,2.6498,0.000596,0.471,0.8,2026-09-20T06:34:24.378039+00:00
1154,302776320,2.6806,0.000596,0.394,0.8,2026-09-20T06:34:25.161217+00:00
1155,303038464,2.6042,0.000596,0.376,0.8,2026-09-20T06:34:25.945886+00:00
1156,303300608,2.6857,0.000596,0.315,0.8,2026-09-20T06:34:26.741282+00:00
1157,303562752,2.7041,0.000596,0.321,0.8,2026-09-20T06:34:27.527955+00:00
1158,303824896,2.6882,0.000596,0.298,0.8,2026-09-20T06:34:28.319794+00:00
1159,304087040,2.6796,0.000596,0.386,0.8,2026-09-20T06:34:29.109024+00:00
1160,304349184,2.7875,0.000596,0.391,0.8,2026-09-20T06:34:29.902073+00:00
1161,304611328,2.6696,0.000596,0.433,0.8,2026-09-20T06:34:30.691319+00:00
1162,304873472,2.681,0.000596,0.385,0.8,2026-09-20T06:34:31.476586+00:00
1163,305135616,2.6693,0.000596,0.543,0.8,2026-09-20T06:34:32.263803+00:00
1164,305397760,2.6444,0.000596,0.403,0.8,2026-09-20T06:34:33.056377+00:00
1165,305659904,2.6872,0.000596,0.35,0.8,2026-09-20T06:34:33.844822+00:00
1166,305922048,2.7229,0.000596,0.326,0.8,2026-09-20T06:34:34.627024+00:00
1167,306184192,2.6308,0.000596,0.334,0.8,2026-09-20T06:34:35.411842+00:00
1168,306446336,2.7015,0.000596,0.455,0.8,2026-09-20T06:34:36.198386+00:00
1169,306708480,2.694,0.000596,0.505,0.8,2026-09-20T06:34:36.981963+00:00
1170,306970624,2.7267,0.000596,0.481,0.8,2026-09-20T06:34:37.771790+00:00
1171,307232768,2.6342,0.000596,0.443,0.8,2026-09-20T06:34:38.564641+00:00
1172,307494912,2.7234,0.000596,0.338,0.8,2026-09-20T06:34:39.352853+00:00
1173,307757056,2.6768,0.000596,0.446,0.8,2026-09-20T06:34:40.138537+00:00
1174,308019200,2.6859,0.000596,0.436,0.8,2026-09-20T06:34:40.920537+00:00
1175,308281344,2.6864,0.000596,0.394,0.8,2026-09-20T06:34:41.702488+00:00
1176,308543488,2.653,0.000596,0.283,0.8,2026-09-20T06:34:42.488865+00:00
1177,308805632,2.6276,0.000596,0.285,0.8,2026-09-20T06:34:43.272704+00:00
1178,309067776,2.7157,0.000596,0.249,0.8,2026-09-20T06:34:44.066273+00:00
1179,309329920,2.6631,0.000596,0.41,0.8,2026-09-20T06:34:44.850841+00:00
1180,309592064,2.6012,0.000596,0.35,0.8,2026-09-20T06:34:45.641075+00:00
1181,309854208,2.595,0.000596,0.304,0.8,2026-09-20T06:34:46.431889+00:00
1182,310116352,2.6246,0.000596,0.29,0.8,2026-09-20T06:34:47.220609+00:00
1183,310378496,2.6576,0.000596,0.395,0.8,2026-09-20T06:34:48.009211+00:00
1184,310640640,2.6967,0.000596,0.421,0.8,2026-09-20T06:34:48.791961+00:00
1185,310902784,2.7829,0.000596,0.309,0.8,2026-09-20T06:34:49.585696+00:00
1186,311164928,2.639,0.000596,0.406,0.8,2026-09-20T06:34:50.372021+00:00
1187,311427072,2.7306,0.000596,0.356,0.8,2026-09-20T06:34:51.158388+00:00
1188,311689216,2.6572,0.000596,0.313,0.8,2026-09-20T06:34:51.945971+00:00
1189,311951360,2.6524,0.000596,0.26,0.8,2026-09-20T06:34:52.730083+00:00
1190,312213504,2.6444,0.000596,0.427,0.8,2026-09-20T06:34:53.517520+00:00
1191,312475648,2.5635,0.000596,0.377,0.8,2026-09-20T06:34:54.300363+00:00
1192,312737792,2.7115,0.000595,0.401,0.8,2026-09-20T06:34:55.082642+00:00
1193,312999936,2.699,0.000595,0.512,0.8,2026-09-20T06:34:55.869668+00:00
1194,313262080,2.7076,0.000595,0.338,0.8,2026-09-20T06:34:56.654852+00:00
1195,313524224,2.6634,0.000595,0.589,0.8,2026-09-20T06:34:57.440300+00:00
1196,313786368,2.7013,0.000595,0.492,0.8,2026-09-20T06:34:58.232050+00:00
1197,314048512,2.6127,0.000595,0.298,0.8,2026-09-20T06:34:59.020898+00:00
1198,314310656,2.6876,0.000595,0.376,0.8,2026-09-20T06:34:59.808208+00:00
1199,314572800,2.6715,0.000595,0.416,0.8,2026-09-20T06:35:00.593237+00:00
1200,314834944,2.6437,0.000595,0.585,0.8,2026-09-20T06:35:01.385732+00:00
1201,315097088,2.7171,0.000595,1.174,0.8,2026-09-20T06:35:02.170945+00:00
1202,315359232,2.6812,0.000595,0.377,0.8,2026-09-20T06:35:02.953228+00:00
1203,315621376,2.7528,0.000595,0.54,0.8,2026-09-20T06:35:03.744228+00:00
1204,315883520,2.732,0.000595,0.306,0.8,2026-09-20T06:35:04.538082+00:00
1205,316145664,2.7399,0.000595,0.323,0.8,2026-09-20T06:35:05.320908+00:00
1206,316407808,2.6753,0.000595,0.42,0.8,2026-09-20T06:35:06.111315+00:00
1207,316669952,2.668,0.000595,0.634,0.8,2026-09-20T06:35:06.904462+00:00
1208,316932096,2.6558,0.000595,0.468,0.8,2026-09-20T06:35:07.692597+00:00
1209,317194240,2.6303,0.000595,0.39,0.8,2026-09-20T06:35:08.475761+00:00
1210,317456384,2.6574,0.000595,0.512,0.8,2026-09-20T06:35:09.263314+00:00
1211,317718528,2.6683,0.000595,0.388,0.8,2026-09-20T06:35:10.057559+00:00
1212,317980672,2.6293,0.000595,0.826,0.8,2026-09-20T06:35:10.843142+00:00
1213,318242816,2.6992,0.000595,0.537,0.8,2026-09-20T06:35:11.625527+00:00
1214,318504960,2.6707,0.000595,0.361,0.8,2026-09-20T06:35:12.417859+00:00
1215,318767104,2.6437,0.000595,0.411,0.8,2026-09-20T06:35:13.204365+00:00
1216,319029248,2.6589,0.000595,0.306,0.8,2026-09-20T06:35:13.985892+00:00
1217,319291392,2.6983,0.000595,0.302,0.8,2026-09-20T06:35:14.775855+00:00
1218,319553536,2.6065,0.000595,0.27,0.8,2026-09-20T06:35:15.563037+00:00
1219,319815680,2.6563,0.000595,0.307,0.8,2026-09-20T06:35:16.343767+00:00
1220,320077824,2.6617,0.000595,0.341,0.8,2026-09-20T06:35:17.128092+00:00
1221,320339968,2.7381,0.000595,0.361,0.8,2026-09-20T06:35:17.916800+00:00
1222,320602112,2.6323,0.000595,0.371,0.8,2026-09-20T06:35:18.704648+00:00
1223,320864256,2.6363,0.000595,0.492,0.8,2026-09-20T06:35:19.484219+00:00
1224,321126400,2.6545,0.000595,0.357,0.8,2026-09-20T06:35:20.267259+00:00
1225,321388544,2.6032,0.000595,0.246,0.8,2026-09-20T06:35:21.049840+00:00
1226,321650688,2.6527,0.000595,0.271,0.8,2026-09-20T06:35:21.829787+00:00
1227,321912832,2.615,0.000595,0.355,0.8,2026-09-20T06:35:22.609724+00:00
1228,322174976,2.6572,0.000595,0.27,0.8,2026-09-20T06:35:23.389747+00:00
1229,322437120,2.6567,0.000595,0.258,0.8,2026-09-20T06:35:24.172835+00:00
1230,322699264,2.6138,0.000595,0.334,0.8,2026-09-20T06:35:24.954440+00:00
1231,322961408,2.6281,0.000595,0.349,0.8,2026-09-20T06:35:25.735359+00:00
1232,323223552,2.631,0.000595,0.468,0.8,2026-09-20T06:35:26.514448+00:00
1233,323485696,2.6526,0.000595,0.286,0.8,2026-09-20T06:35:27.293310+00:00
1234,323747840,2.7532,0.000595,0.303,0.8,2026-09-20T06:35:28.073318+00:00
1235,324009984,2.6255,0.000595,0.276,0.8,2026-09-20T06:35:28.860605+00:00
1236,324272128,2.6091,0.000595,0.348,0.8,2026-09-20T06:35:29.644322+00:00
1237,324534272,2.6841,0.000595,0.365,0.8,2026-09-20T06:35:30.426225+00:00
1238,324796416,2.6768,0.000595,0.622,0.8,2026-09-20T06:35:31.210592+00:00
1239,325058560,2.652,0.000595,0.289,0.8,2026-09-20T06:35:31.989479+00:00
1240,325320704,2.6096,0.000595,0.322,0.8,2026-09-20T06:35:32.769018+00:00
1241,325582848,2.732,0.000595,0.521,0.8,2026-09-20T06:35:33.553738+00:00
1242,325844992,2.6101,0.000595,0.353,0.8,2026-09-20T06:35:34.334299+00:00
1243,326107136,2.5973,0.000595,0.332,0.8,2026-09-20T06:35:35.113806+00:00
1244,326369280,2.6671,0.000595,0.313,0.8,2026-09-20T06:35:35.896735+00:00
1245,326631424,2.6816,0.000595,0.266,0.8,2026-09-20T06:35:36.676038+00:00
1246,326893568,2.6566,0.000595,0.528,0.8,2026-09-20T06:35:37.456219+00:00
1247,327155712,2.6681,0.000595,0.354,0.8,2026-09-20T06:35:38.244881+00:00
1248,327417856,2.6242,0.000595,0.447,0.8,2026-09-20T06:35:39.031558+00:00
1249,327680000,2.6978,0.000595,0.297,0.8,2026-09-20T06:35:39.811012+00:00
1250,327942144,2.6451,0.000595,0.296,0.8,2026-09-20T06:36:08.190794+00:00
1251,328204288,2.6346,0.000595,0.556,0.8,2026-09-20T06:36:08.987731+00:00
1252,328466432,2.6421,0.000595,0.552,0.8,2026-09-20T06:36:09.776025+00:00
1253,328728576,2.7255,0.000595,0.521,0.8,2026-09-20T06:36:10.557869+00:00
1254,328990720,2.6423,0.000595,0.422,0.8,2026-09-20T06:36:11.342840+00:00
1255,329252864,2.6594,0.000595,0.433,0.8,2026-09-20T06:36:12.128476+00:00
1256,329515008,2.6871,0.000595,0.384,0.8,2026-09-20T06:36:12.914431+00:00
1257,329777152,2.6627,0.000595,0.378,0.8,2026-09-20T06:36:13.702826+00:00
1258,330039296,2.6587,0.000595,0.397,0.8,2026-09-20T06:36:14.491637+00:00
1259,330301440,2.7011,0.000594,0.519,0.8,2026-09-20T06:36:15.276335+00:00
1260,330563584,2.6369,0.000594,0.509,0.8,2026-09-20T06:36:16.059481+00:00
1261,330825728,2.6571,0.000594,0.371,0.8,2026-09-20T06:36:16.840618+00:00
1262,331087872,2.6653,0.000594,0.45,0.8,2026-09-20T06:36:17.626816+00:00
1263,331350016,2.5649,0.000594,0.396,0.8,2026-09-20T06:36:18.412730+00:00
1264,331612160,2.7196,0.000594,0.508,0.8,2026-09-20T06:36:19.195230+00:00
1265,331874304,2.603,0.000594,0.493,0.8,2026-09-20T06:36:19.977328+00:00
1266,332136448,2.6902,0.000594,0.336,0.8,2026-09-20T06:36:20.762326+00:00
1267,332398592,2.6433,0.000594,0.547,0.8,2026-09-20T06:36:21.549782+00:00
1268,332660736,2.681,0.000594,0.323,0.8,2026-09-20T06:36:22.336943+00:00
1269,332922880,2.5864,0.000594,0.405,0.8,2026-09-20T06:36:23.125833+00:00
1270,333185024,2.6342,0.000594,0.282,0.8,2026-09-20T06:36:23.913498+00:00
1271,333447168,2.624,0.000594,0.459,0.8,2026-09-20T06:36:24.697938+00:00
1272,333709312,2.6723,0.000594,0.35,0.8,2026-09-20T06:36:25.478016+00:00
1273,333971456,2.6321,0.000594,0.275,0.8,2026-09-20T06:36:26.260640+00:00
1274,334233600,2.6651,0.000594,0.429,0.8,2026-09-20T06:36:27.045465+00:00
1275,334495744,2.6825,0.000594,0.395,0.8,2026-09-20T06:36:27.827102+00:00
1276,334757888,2.6206,0.000594,0.334,0.8,2026-09-20T06:36:28.614992+00:00
1277,335020032,2.631,0.000594,0.539,0.8,2026-09-20T06:36:29.400682+00:00
1278,335282176,2.6327,0.000594,0.394,0.8,2026-09-20T06:36:30.187734+00:00
1279,335544320,2.6317,0.000594,0.371,0.8,2026-09-20T06:36:30.972353+00:00
1280,335806464,2.6027,0.000594,0.628,0.8,2026-09-20T06:36:31.753972+00:00
1281,336068608,2.6411,0.000594,0.373,0.8,2026-09-20T06:36:32.542871+00:00
1282,336330752,2.648,0.000594,0.317,0.8,2026-09-20T06:36:33.333275+00:00
1283,336592896,2.6832,0.000594,0.335,0.8,2026-09-20T06:36:34.117898+00:00
1284,336855040,2.6217,0.000594,0.458,0.8,2026-09-20T06:36:34.903890+00:00
1285,337117184,2.6497,0.000594,0.897,0.8,2026-09-20T06:36:35.688836+00:00
1286,337379328,2.6782,0.000594,1.124,0.8,2026-09-20T06:36:36.469822+00:00
1287,337641472,2.7193,0.000594,0.55,0.8,2026-09-20T06:36:37.254094+00:00
1288,337903616,2.5706,0.000594,0.38,0.8,2026-09-20T06:36:38.039433+00:00
1289,338165760,2.6882,0.000594,0.377,0.8,2026-09-20T06:36:38.826553+00:00
1290,338427904,2.585,0.000594,0.726,0.8,2026-09-20T06:36:39.609286+00:00
1291,338690048,2.6363,0.000594,0.27,0.8,2026-09-20T06:36:40.393157+00:00
1292,338952192,2.6987,0.000594,0.339,0.8,2026-09-20T06:36:41.179070+00:00
1293,339214336,2.6943,0.000594,0.279,0.8,2026-09-20T06:36:41.965417+00:00
1294,339476480,2.5695,0.000594,0.257,0.8,2026-09-20T06:36:42.750506+00:00
1295,339738624,2.6161,0.000594,0.401,0.8,2026-09-20T06:36:43.536542+00:00
1296,340000768,2.6345,0.000594,0.288,0.8,2026-09-20T06:36:44.324417+00:00
1297,340262912,2.6901,0.000594,0.267,0.8,2026-09-20T06:36:45.106310+00:00
1298,340525056,2.6337,0.000594,0.258,0.8,2026-09-20T06:36:45.890617+00:00
1299,340787200,2.6955,0.000594,0.36,0.8,2026-09-20T06:36:46.675434+00:00
1300,341049344,2.5553,0.000594,0.307,0.8,2026-09-20T06:36:47.463998+00:00
1301,341311488,2.6217,0.000594,0.408,0.8,2026-09-20T06:36:48.247459+00:00
1302,341573632,2.6163,0.000594,0.429,0.8,2026-09-20T06:36:49.033777+00:00
1303,341835776,2.6483,0.000594,0.256,0.8,2026-09-20T06:36:49.816541+00:00
1304,342097920,2.6442,0.000594,0.289,0.8,2026-09-20T06:36:50.595362+00:00
1305,342360064,2.6686,0.000594,0.299,0.8,2026-09-20T06:36:51.374094+00:00
1306,342622208,2.6873,0.000594,0.257,0.8,2026-09-20T06:36:52.153380+00:00
1307,342884352,2.672,0.000594,0.265,0.8,2026-09-20T06:36:52.936579+00:00
1308,343146496,2.6238,0.000594,0.408,0.8,2026-09-20T06:36:53.716704+00:00
1309,343408640,2.6659,0.000594,0.362,0.8,2026-09-20T06:36:54.496347+00:00
1310,343670784,2.5898,0.000594,0.336,0.8,2026-09-20T06:36:55.281556+00:00
1311,343932928,2.563,0.000594,0.355,0.8,2026-09-20T06:36:56.064327+00:00
1312,344195072,2.6076,0.000594,0.296,0.8,2026-09-20T06:36:56.861494+00:00
1313,344457216,2.6316,0.000594,0.3,0.8,2026-09-20T06:36:57.651545+00:00
1314,344719360,2.6551,0.000594,0.287,0.8,2026-09-20T06:36:58.440566+00:00
1315,344981504,2.6341,0.000594,0.25,0.8,2026-09-20T06:36:59.235667+00:00
1316,345243648,2.6904,0.000594,0.349,0.8,2026-09-20T06:37:00.016746+00:00
1317,345505792,2.6327,0.000594,0.333,0.8,2026-09-20T06:37:00.800948+00:00
1318,345767936,2.6141,0.000594,0.44,0.8,2026-09-20T06:37:01.583233+00:00
1319,346030080,2.6709,0.000593,0.279,0.8,2026-09-20T06:37:02.367574+00:00
1320,346292224,2.6081,0.000593,0.242,0.8,2026-09-20T06:37:03.154525+00:00
1321,346554368,2.6278,0.000593,0.251,0.8,2026-09-20T06:37:03.943126+00:00
1322,346816512,2.5382,0.000593,0.261,0.8,2026-09-20T06:37:04.728312+00:00
1323,347078656,2.6353,0.000593,0.419,0.8,2026-09-20T06:37:05.514408+00:00
1324,347340800,2.6532,0.000593,0.4,0.8,2026-09-20T06:37:06.297502+00:00
1325,347602944,2.6186,0.000593,0.393,0.8,2026-09-20T06:37:07.084730+00:00
1326,347865088,2.6087,0.000593,0.323,0.8,2026-09-20T06:37:07.867955+00:00
1327,348127232,2.6426,0.000593,0.352,0.8,2026-09-20T06:37:08.652771+00:00
1328,348389376,2.6048,0.000593,0.314,0.8,2026-09-20T06:37:09.436651+00:00
1329,348651520,2.6241,0.000593,0.301,0.8,2026-09-20T06:37:10.230562+00:00
1330,348913664,2.643,0.000593,0.277,0.8,2026-09-20T06:37:11.016762+00:00
1331,349175808,2.6459,0.000593,0.261,0.8,2026-09-20T06:37:11.798594+00:00
1332,349437952,2.6388,0.000593,0.293,0.8,2026-09-20T06:37:12.582735+00:00
1333,349700096,2.6005,0.000593,0.32,0.8,2026-09-20T06:37:13.370972+00:00
1334,349962240,2.6016,0.000593,0.286,0.8,2026-09-20T06:37:14.157621+00:00
1335,350224384,2.645,0.000593,0.402,0.8,2026-09-20T06:37:14.944970+00:00
1336,350486528,2.643,0.000593,0.389,0.8,2026-09-20T06:37:15.729640+00:00
1337,350748672,2.6546,0.000593,0.346,0.8,2026-09-20T06:37:16.515357+00:00
1338,351010816,2.6383,0.000593,0.367,0.8,2026-09-20T06:37:17.302167+00:00
1339,351272960,2.6207,0.000593,0.294,0.8,2026-09-20T06:37:18.086157+00:00
1340,351535104,2.6325,0.000593,0.304,0.8,2026-09-20T06:37:18.871228+00:00
1341,351797248,2.5844,0.000593,0.37,0.8,2026-09-20T06:37:19.655153+00:00
1342,352059392,2.6218,0.000593,0.333,0.8,2026-09-20T06:37:20.442618+00:00
1343,352321536,2.609,0.000593,0.66,0.8,2026-09-20T06:37:21.226508+00:00
1344,352583680,2.6973,0.000593,0.293,0.8,2026-09-20T06:37:22.009409+00:00
1345,352845824,2.5901,0.000593,0.316,0.8,2026-09-20T06:37:22.800777+00:00
1346,353107968,2.6203,0.000593,0.308,0.8,2026-09-20T06:37:23.589759+00:00
1347,353370112,2.6266,0.000593,0.271,0.8,2026-09-20T06:37:24.385442+00:00
1348,353632256,2.6367,0.000593,0.405,0.8,2026-09-20T06:37:25.169775+00:00
1349,353894400,2.5651,0.000593,0.256,0.8,2026-09-20T06:37:25.955283+00:00
1350,354156544,2.6245,0.000593,0.378,0.8,2026-09-20T06:37:26.737732+00:00
1351,354418688,2.5754,0.000593,0.336,0.8,2026-09-20T06:37:27.520381+00:00
1352,354680832,2.6759,0.000593,0.411,0.8,2026-09-20T06:37:28.307502+00:00
1353,354942976,2.637,0.000593,0.314,0.8,2026-09-20T06:37:29.094101+00:00
1354,355205120,2.5518,0.000593,0.378,0.8,2026-09-20T06:37:29.877943+00:00
1355,355467264,2.6716,0.000593,0.333,0.8,2026-09-20T06:37:30.670785+00:00
1356,355729408,2.5971,0.000593,0.318,0.8,2026-09-20T06:37:31.453298+00:00
1357,355991552,2.5611,0.000593,0.365,0.8,2026-09-20T06:37:32.237607+00:00
1358,356253696,2.6509,0.000593,0.394,0.8,2026-09-20T06:37:33.025060+00:00
1359,356515840,2.6492,0.000593,0.319,0.8,2026-09-20T06:37:33.809657+00:00
1360,356777984,2.6185,0.000593,0.426,0.8,2026-09-20T06:37:34.599769+00:00
1361,357040128,2.5586,0.000593,0.478,0.8,2026-09-20T06:37:35.384985+00:00
1362,357302272,2.6003,0.000593,0.329,0.8,2026-09-20T06:37:36.167793+00:00
1363,357564416,2.6246,0.000593,0.46,0.8,2026-09-20T06:37:36.952560+00:00
1364,357826560,2.5773,0.000593,0.439,0.8,2026-09-20T06:37:37.742008+00:00
1365,358088704,2.6083,0.000593,0.321,0.8,2026-09-20T06:37:38.529023+00:00
1366,358350848,2.6682,0.000593,0.389,0.8,2026-09-20T06:37:39.315731+00:00
1367,358612992,2.6104,0.000593,0.267,0.8,2026-09-20T06:37:40.096539+00:00
1368,358875136,2.6143,0.000593,0.282,0.8,2026-09-20T06:37:40.881826+00:00
1369,359137280,2.6028,0.000593,0.244,0.8,2026-09-20T06:37:41.668915+00:00
1370,359399424,2.5578,0.000593,0.341,0.8,2026-09-20T06:37:42.450801+00:00
1371,359661568,2.6424,0.000593,0.273,0.8,2026-09-20T06:37:43.241464+00:00
1372,359923712,2.6262,0.000593,0.249,0.8,2026-09-20T06:37:44.033772+00:00
1373,360185856,2.625,0.000593,0.445,0.8,2026-09-20T06:37:44.818010+00:00
1374,360448000,2.6077,0.000593,0.25,0.8,2026-09-20T06:37:45.597755+00:00
1375,360710144,2.6288,0.000592,0.258,0.8,2026-09-20T06:37:46.387381+00:00
1376,360972288,2.6321,0.000592,0.614,0.8,2026-09-20T06:37:47.171736+00:00
1377,361234432,2.6226,0.000592,0.354,0.8,2026-09-20T06:37:47.953789+00:00
1378,361496576,2.5645,0.000592,0.33,0.8,2026-09-20T06:37:48.735554+00:00
1379,361758720,2.6192,0.000592,0.402,0.8,2026-09-20T06:37:49.522036+00:00
1380,362020864,2.6202,0.000592,0.304,0.8,2026-09-20T06:37:50.304195+00:00
1381,362283008,2.6025,0.000592,0.388,0.8,2026-09-20T06:37:51.083396+00:00
1382,362545152,2.5664,0.000592,0.278,0.8,2026-09-20T06:37:51.862648+00:00
1383,362807296,2.5817,0.000592,0.391,0.8,2026-09-20T06:37:52.641939+00:00
1384,363069440,2.6027,0.000592,0.315,0.8,2026-09-20T06:37:53.422237+00:00
1385,363331584,2.6034,0.000592,0.453,0.8,2026-09-20T06:37:54.202725+00:00
1386,363593728,2.6205,0.000592,0.263,0.8,2026-09-20T06:37:54.996639+00:00
1387,363855872,2.5717,0.000592,0.3,0.8,2026-09-20T06:37:55.778894+00:00
1388,364118016,2.6387,0.000592,0.268,0.8,2026-09-20T06:37:56.566764+00:00
1389,364380160,2.5723,0.000592,0.328,0.8,2026-09-20T06:37:57.350345+00:00
1390,364642304,2.5355,0.000592,0.301,0.8,2026-09-20T06:37:58.143490+00:00
1391,364904448,2.5709,0.000592,0.304,0.8,2026-09-20T06:37:58.931934+00:00
1392,365166592,2.6169,0.000592,0.333,0.8,2026-09-20T06:37:59.712728+00:00
1393,365428736,2.6032,0.000592,0.371,0.8,2026-09-20T06:38:00.496223+00:00
1394,365690880,2.6178,0.000592,0.289,0.8,2026-09-20T06:38:01.282138+00:00
1395,365953024,2.633,0.000592,0.348,0.8,2026-09-20T06:38:02.065868+00:00
1396,366215168,2.6009,0.000592,0.28,0.8,2026-09-20T06:38:02.857588+00:00
1397,366477312,2.6258,0.000592,0.322,0.8,2026-09-20T06:38:03.641763+00:00
1398,366739456,2.6109,0.000592,0.543,0.8,2026-09-20T06:38:04.425065+00:00
1399,367001600,2.6223,0.000592,0.458,0.8,2026-09-20T06:38:05.210545+00:00
1400,367263744,2.6081,0.000592,0.306,0.8,2026-09-20T06:38:05.992898+00:00
1401,367525888,2.6436,0.000592,0.316,0.8,2026-09-20T06:38:06.776674+00:00
1402,367788032,2.6884,0.000592,0.389,0.8,2026-09-20T06:38:07.561697+00:00
1403,368050176,2.5855,0.000592,0.304,0.8,2026-09-20T06:38:08.347309+00:00
1404,368312320,2.6529,0.000592,0.279,0.8,2026-09-20T06:38:09.139432+00:00
1405,368574464,2.6633,0.000592,0.303,0.8,2026-09-20T06:38:09.927942+00:00
1406,368836608,2.6308,0.000592,0.353,0.8,2026-09-20T06:38:10.711792+00:00
1407,369098752,2.5914,0.000592,0.375,0.8,2026-09-20T06:38:11.495878+00:00
1408,369360896,2.6135,0.000592,0.337,0.8,2026-09-20T06:38:12.283688+00:00
1409,369623040,2.5969,0.000592,0.308,0.8,2026-09-20T06:38:13.066716+00:00
1410,369885184,2.5354,0.000592,0.247,0.8,2026-09-20T06:38:13.851843+00:00
1411,370147328,2.5967,0.000592,0.477,0.8,2026-09-20T06:38:14.632864+00:00
1412,370409472,2.605,0.000592,0.451,0.8,2026-09-20T06:38:15.423129+00:00
1413,370671616,2.6529,0.000592,0.259,0.8,2026-09-20T06:38:16.210506+00:00
1414,370933760,2.6179,0.000592,0.267,0.8,2026-09-20T06:38:16.999666+00:00
1415,371195904,2.6218,0.000592,0.521,0.8,2026-09-20T06:38:17.783566+00:00
1416,371458048,2.6854,0.000592,0.324,0.8,2026-09-20T06:38:18.576665+00:00
1417,371720192,2.5286,0.000592,0.441,0.8,2026-09-20T06:38:19.365858+00:00
1418,371982336,2.6025,0.000592,0.324,0.8,2026-09-20T06:38:20.153846+00:00
1419,372244480,2.6632,0.000592,0.241,0.8,2026-09-20T06:38:20.933781+00:00
1420,372506624,2.5567,0.000592,0.387,0.8,2026-09-20T06:38:21.714754+00:00
1421,372768768,2.5742,0.000592,0.456,0.8,2026-09-20T06:38:22.505758+00:00
1422,373030912,2.5793,0.000592,0.377,0.8,2026-09-20T06:38:23.286708+00:00
1423,373293056,2.5999,0.000592,0.503,0.8,2026-09-20T06:38:24.078228+00:00
1424,373555200,2.597,0.000592,0.35,0.8,2026-09-20T06:38:24.860203+00:00
1425,373817344,2.5705,0.000592,0.321,0.8,2026-09-20T06:38:25.642577+00:00
1426,374079488,2.6355,0.000592,0.342,0.8,2026-09-20T06:38:26.424637+00:00
1427,374341632,2.5976,0.000592,0.336,0.8,2026-09-20T06:38:27.211734+00:00
1428,374603776,2.5613,0.000591,0.388,0.8,2026-09-20T06:38:27.993710+00:00
1429,374865920,2.6547,0.000591,0.339,0.8,2026-09-20T06:38:28.779467+00:00
1430,375128064,2.557,0.000591,0.385,0.8,2026-09-20T06:38:29.568341+00:00
1431,375390208,2.6211,0.000591,0.257,0.8,2026-09-20T06:38:30.351936+00:00
1432,375652352,2.6603,0.000591,0.365,0.8,2026-09-20T06:38:31.139698+00:00
1433,375914496,2.6151,0.000591,0.255,0.8,2026-09-20T06:38:31.923898+00:00
1434,376176640,2.6101,0.000591,0.476,0.8,2026-09-20T06:38:32.708587+00:00
1435,376438784,2.6399,0.000591,0.265,0.8,2026-09-20T06:38:33.493465+00:00
1436,376700928,2.5797,0.000591,0.353,0.8,2026-09-20T06:38:34.276790+00:00
1437,376963072,2.5884,0.000591,0.286,0.8,2026-09-20T06:38:35.061834+00:00
1438,377225216,2.629,0.000591,0.271,0.8,2026-09-20T06:38:35.852791+00:00
1439,377487360,2.6342,0.000591,0.306,0.8,2026-09-20T06:38:36.634605+00:00
1440,377749504,2.597,0.000591,0.275,0.8,2026-09-20T06:38:37.418238+00:00
1441,378011648,2.5563,0.000591,0.243,0.8,2026-09-20T06:38:38.200825+00:00
1442,378273792,2.579,0.000591,0.332,0.8,2026-09-20T06:38:38.989890+00:00
1443,378535936,2.5016,0.000591,0.331,0.8,2026-09-20T06:38:39.780711+00:00
1444,378798080,2.6289,0.000591,0.399,0.8,2026-09-20T06:38:40.574934+00:00
1445,379060224,2.6289,0.000591,0.351,0.8,2026-09-20T06:38:41.362271+00:00
1446,379322368,2.6316,0.000591,0.321,0.8,2026-09-20T06:38:42.147379+00:00
1447,379584512,2.611,0.000591,0.391,0.8,2026-09-20T06:38:42.934505+00:00
1448,379846656,2.5944,0.000591,0.441,0.8,2026-09-20T06:38:43.718316+00:00
1449,380108800,2.6592,0.000591,0.309,0.8,2026-09-20T06:38:44.500320+00:00
1450,380370944,2.5767,0.000591,0.269,0.8,2026-09-20T06:38:45.287425+00:00
1451,380633088,2.6234,0.000591,0.314,0.8,2026-09-20T06:38:46.071950+00:00
1452,380895232,2.6256,0.000591,0.291,0.8,2026-09-20T06:38:46.855059+00:00
1453,381157376,2.557,0.000591,0.388,0.8,2026-09-20T06:38:47.642711+00:00
1454,381419520,2.6079,0.000591,0.717,0.8,2026-09-20T06:38:48.427736+00:00
1455,381681664,2.5696,0.000591,0.739,0.8,2026-09-20T06:38:49.214351+00:00
1456,381943808,2.6044,0.000591,0.341,0.8,2026-09-20T06:38:49.996673+00:00
1457,382205952,2.663,0.000591,0.383,0.8,2026-09-20T06:38:50.782852+00:00
1458,382468096,2.6035,0.000591,0.643,0.8,2026-09-20T06:38:51.567249+00:00
1459,382730240,2.5753,0.000591,0.504,0.8,2026-09-20T06:38:52.354075+00:00
1460,382992384,2.602,0.000591,1.094,0.8,2026-09-20T06:38:53.136793+00:00
1461,383254528,2.6384,0.000591,1.026,0.8,2026-09-20T06:38:53.920403+00:00
1462,383516672,2.6753,0.000591,0.435,0.8,2026-09-20T06:38:54.702862+00:00
1463,383778816,2.5762,0.000591,0.365,0.8,2026-09-20T06:38:55.487530+00:00
1464,384040960,2.5918,0.000591,0.348,0.8,2026-09-20T06:38:56.271899+00:00
1465,384303104,2.6391,0.000591,0.327,0.8,2026-09-20T06:38:57.054364+00:00
1466,384565248,2.612,0.000591,0.26,0.8,2026-09-20T06:38:57.838336+00:00
1467,384827392,2.5742,0.000591,0.3,0.8,2026-09-20T06:38:58.630686+00:00
1468,385089536,2.5701,0.000591,0.263,0.8,2026-09-20T06:38:59.419809+00:00
1469,385351680,2.625,0.000591,0.25,0.8,2026-09-20T06:39:00.203221+00:00
1470,385613824,2.6099,0.000591,0.236,0.8,2026-09-20T06:39:00.994168+00:00
1471,385875968,2.5883,0.000591,0.266,0.8,2026-09-20T06:39:01.778760+00:00
1472,386138112,2.6061,0.000591,0.295,0.8,2026-09-20T06:39:02.565062+00:00
1473,386400256,2.5657,0.000591,0.304,0.8,2026-09-20T06:39:03.349337+00:00
1474,386662400,2.6003,0.000591,0.572,0.8,2026-09-20T06:39:04.143496+00:00
1475,386924544,2.5733,0.000591,0.448,0.8,2026-09-20T06:39:04.923933+00:00
1476,387186688,2.5717,0.000591,0.34,0.8,2026-09-20T06:39:05.707555+00:00
1477,387448832,2.5596,0.00059,0.32,0.8,2026-09-20T06:39:06.494574+00:00
1478,387710976,2.5298,0.00059,0.415,0.8,2026-09-20T06:39:07.280589+00:00
1479,387973120,2.6918,0.00059,0.338,0.8,2026-09-20T06:39:08.064276+00:00
1480,388235264,2.6396,0.00059,0.379,0.8,2026-09-20T06:39:08.849408+00:00
1481,388497408,2.622,0.00059,0.313,0.8,2026-09-20T06:39:09.632591+00:00
1482,388759552,2.6558,0.00059,0.572,0.8,2026-09-20T06:39:10.416630+00:00
1483,389021696,2.5666,0.00059,0.326,0.8,2026-09-20T06:39:11.198720+00:00
1484,389283840,2.6289,0.00059,0.356,0.8,2026-09-20T06:39:11.996024+00:00
1485,389545984,2.6146,0.00059,0.693,0.8,2026-09-20T06:39:12.791801+00:00
1486,389808128,2.5799,0.00059,0.31,0.8,2026-09-20T06:39:13.574107+00:00
1487,390070272,2.5847,0.00059,0.378,0.8,2026-09-20T06:39:14.364332+00:00
1488,390332416,2.6043,0.00059,0.379,0.8,2026-09-20T06:39:15.147877+00:00
1489,390594560,2.6379,0.00059,0.321,0.8,2026-09-20T06:39:15.932730+00:00
1490,390856704,2.5484,0.00059,0.445,0.8,2026-09-20T06:39:16.713997+00:00
1491,391118848,2.5971,0.00059,0.311,0.8,2026-09-20T06:39:17.498714+00:00
1492,391380992,2.6139,0.00059,0.248,0.8,2026-09-20T06:39:18.281817+00:00
1493,391643136,2.5398,0.00059,0.403,0.8,2026-09-20T06:39:19.070857+00:00
1494,391905280,2.6434,0.00059,0.459,0.8,2026-09-20T06:39:19.853818+00:00
1495,392167424,2.5157,0.00059,0.394,0.8,2026-09-20T06:39:20.640999+00:00
1496,392429568,2.567,0.00059,0.271,0.8,2026-09-20T06:39:21.425253+00:00
1497,392691712,2.541,0.00059,0.298,0.8,2026-09-20T06:39:22.213949+00:00
1498,392953856,2.555,0.00059,0.357,0.8,2026-09-20T06:39:22.998155+00:00
1499,393216000,2.6391,0.00059,0.295,0.8,2026-09-20T06:39:23.784683+00:00
1500,393478144,2.6751,0.00059,0.424,0.8,2026-09-20T06:39:51.975666+00:00
1501,393740288,2.6564,0.00059,0.284,0.8,2026-09-20T06:39:52.774102+00:00
1502,394002432,2.6022,0.00059,0.653,0.8,2026-09-20T06:39:53.569460+00:00
1503,394264576,2.5988,0.00059,0.34,0.8,2026-09-20T06:39:54.358377+00:00
1504,394526720,2.5897,0.00059,0.293,0.8,2026-09-20T06:39:55.153931+00:00
1505,394788864,2.638,0.00059,1.314,0.8,2026-09-20T06:39:55.937009+00:00
1506,395051008,2.589,0.00059,0.416,0.8,2026-09-20T06:39:56.726235+00:00
1507,395313152,2.6237,0.00059,0.285,0.8,2026-09-20T06:39:57.514849+00:00
1508,395575296,2.6604,0.00059,0.55,0.8,2026-09-20T06:39:58.300168+00:00
1509,395837440,2.6315,0.00059,0.298,0.8,2026-09-20T06:39:59.094158+00:00
1510,396099584,2.6073,0.00059,0.338,0.8,2026-09-20T06:39:59.880696+00:00
1511,396361728,2.6143,0.00059,0.508,0.8,2026-09-20T06:40:00.667181+00:00
1512,396623872,2.563,0.00059,0.313,0.8,2026-09-20T06:40:01.456943+00:00
1513,396886016,2.6047,0.00059,0.36,0.8,2026-09-20T06:40:02.238864+00:00
1514,397148160,2.6596,0.00059,0.346,0.8,2026-09-20T06:40:03.025248+00:00
1515,397410304,2.6505,0.00059,0.449,0.8,2026-09-20T06:40:03.809044+00:00
1516,397672448,2.6223,0.00059,0.311,0.8,2026-09-20T06:40:04.598076+00:00
1517,397934592,2.5862,0.00059,0.363,0.8,2026-09-20T06:40:05.382718+00:00
1518,398196736,2.5851,0.00059,0.283,0.8,2026-09-20T06:40:06.168137+00:00
1519,398458880,2.6566,0.00059,0.356,0.8,2026-09-20T06:40:06.950297+00:00
1520,398721024,2.5608,0.00059,0.301,0.8,2026-09-20T06:40:07.729526+00:00
1521,398983168,2.5815,0.00059,0.237,0.8,2026-09-20T06:40:08.509983+00:00
1522,399245312,2.5822,0.00059,0.295,0.8,2026-09-20T06:40:09.294527+00:00
1523,399507456,2.5895,0.00059,0.449,0.8,2026-09-20T06:40:10.081684+00:00
1524,399769600,2.6127,0.000589,0.53,0.8,2026-09-20T06:40:10.868207+00:00
1525,400031744,2.6029,0.000589,0.28,0.8,2026-09-20T06:40:11.659176+00:00
1526,400293888,2.611,0.000589,0.279,0.8,2026-09-20T06:40:12.439648+00:00
1527,400556032,2.5348,0.000589,0.283,0.8,2026-09-20T06:40:13.222719+00:00
1528,400818176,2.5883,0.000589,0.424,0.8,2026-09-20T06:40:14.000769+00:00
1529,401080320,2.6189,0.000589,0.546,0.8,2026-09-20T06:40:14.790447+00:00
1530,401342464,2.5786,0.000589,0.402,0.8,2026-09-20T06:40:15.573362+00:00
1531,401604608,2.5938,0.000589,0.315,0.8,2026-09-20T06:40:16.353442+00:00
1532,401866752,2.5744,0.000589,0.375,0.8,2026-09-20T06:40:17.131675+00:00
1533,402128896,2.5897,0.000589,0.858,0.8,2026-09-20T06:40:17.909637+00:00
1534,402391040,2.6021,0.000589,0.28,0.8,2026-09-20T06:40:18.689244+00:00
1535,402653184,2.6441,0.000589,0.606,0.8,2026-09-20T06:40:19.469203+00:00
1536,402915328,2.585,0.000589,0.324,0.8,2026-09-20T06:40:20.256615+00:00
1537,403177472,2.6242,0.000589,0.34,0.8,2026-09-20T06:40:21.035218+00:00
1538,403439616,2.5967,0.000589,0.39,0.8,2026-09-20T06:40:21.813429+00:00
1539,403701760,2.5853,0.000589,0.512,0.8,2026-09-20T06:40:22.595803+00:00
1540,403963904,2.582,0.000589,0.566,0.8,2026-09-20T06:40:23.376982+00:00
1541,404226048,2.6121,0.000589,0.368,0.8,2026-09-20T06:40:24.156590+00:00
1542,404488192,2.5825,0.000589,0.386,0.8,2026-09-20T06:40:24.938452+00:00
1543,404750336,2.5816,0.000589,0.357,0.8,2026-09-20T06:40:25.720121+00:00
1544,405012480,2.5121,0.000589,0.277,0.8,2026-09-20T06:40:26.501789+00:00
1545,405274624,2.538,0.000589,0.467,0.8,2026-09-20T06:40:27.290302+00:00
1546,405536768,2.5386,0.000589,0.299,0.8,2026-09-20T06:40:28.073683+00:00
1547,405798912,2.6019,0.000589,0.243,0.8,2026-09-20T06:40:28.853834+00:00
1548,406061056,2.529,0.000589,0.315,0.8,2026-09-20T06:40:29.634810+00:00
1549,406323200,2.5588,0.000589,0.302,0.8,2026-09-20T06:40:30.415929+00:00
1550,406585344,2.6518,0.000589,0.253,0.8,2026-09-20T06:40:31.194773+00:00
1551,406847488,2.593,0.000589,0.225,0.8,2026-09-20T06:40:31.975461+00:00
1552,407109632,2.5717,0.000589,0.371,0.8,2026-09-20T06:40:32.755603+00:00
1553,407371776,2.4741,0.000589,0.251,0.8,2026-09-20T06:40:33.542158+00:00
1554,407633920,2.5519,0.000589,0.439,0.8,2026-09-20T06:40:34.327663+00:00
1555,407896064,2.5511,0.000589,0.254,0.8,2026-09-20T06:40:35.114813+00:00
1556,408158208,2.5413,0.000589,0.408,0.8,2026-09-20T06:40:35.892889+00:00
1557,408420352,2.6128,0.000589,0.24,0.8,2026-09-20T06:40:36.677789+00:00
1558,408682496,2.5914,0.000589,0.39,0.8,2026-09-20T06:40:37.457599+00:00
1559,408944640,2.5404,0.000589,0.368,0.8,2026-09-20T06:40:38.243399+00:00
1560,409206784,2.5453,0.000589,0.545,0.8,2026-09-20T06:40:39.028948+00:00
1561,409468928,2.5371,0.000589,0.362,0.8,2026-09-20T06:40:39.815484+00:00
1562,409731072,2.5306,0.000589,0.563,0.8,2026-09-20T06:40:40.605159+00:00
1563,409993216,2.612,0.000589,0.423,0.8,2026-09-20T06:40:41.394319+00:00
1564,410255360,2.5127,0.000589,0.311,0.8,2026-09-20T06:40:42.178820+00:00
1565,410517504,2.5874,0.000589,0.469,0.8,2026-09-20T06:40:42.963698+00:00
1566,410779648,2.5784,0.000589,0.635,0.8,2026-09-20T06:40:43.748355+00:00
1567,411041792,2.5983,0.000589,0.384,0.8,2026-09-20T06:40:44.537244+00:00
1568,411303936,2.6157,0.000589,0.296,0.8,2026-09-20T06:40:45.316464+00:00
1569,411566080,2.5923,0.000588,0.345,0.8,2026-09-20T06:40:46.103750+00:00
1570,411828224,2.5629,0.000588,0.357,0.8,2026-09-20T06:40:46.884859+00:00
1571,412090368,2.5674,0.000588,0.516,0.8,2026-09-20T06:40:47.666501+00:00
1572,412352512,2.6124,0.000588,0.29,0.8,2026-09-20T06:40:48.450812+00:00
1573,412614656,2.5474,0.000588,0.274,0.8,2026-09-20T06:40:49.232478+00:00
1574,412876800,2.5324,0.000588,0.388,0.8,2026-09-20T06:40:50.016778+00:00
1575,413138944,2.5885,0.000588,0.577,0.8,2026-09-20T06:40:50.795996+00:00
1576,413401088,2.6359,0.000588,0.254,0.8,2026-09-20T06:40:51.578078+00:00
1577,413663232,2.5957,0.000588,0.306,0.8,2026-09-20T06:40:52.367769+00:00
1578,413925376,2.5927,0.000588,0.267,0.8,2026-09-20T06:40:53.149033+00:00
1579,414187520,2.5889,0.000588,0.298,0.8,2026-09-20T06:40:53.928049+00:00
1580,414449664,2.5704,0.000588,0.307,0.8,2026-09-20T06:40:54.712216+00:00
1581,414711808,2.5861,0.000588,0.343,0.8,2026-09-20T06:40:55.496866+00:00
1582,414973952,2.585,0.000588,0.433,0.8,2026-09-20T06:40:56.283720+00:00
1583,415236096,2.6199,0.000588,0.375,0.8,2026-09-20T06:40:57.065050+00:00
1584,415498240,2.6428,0.000588,0.284,0.8,2026-09-20T06:40:57.846947+00:00
1585,415760384,2.5937,0.000588,0.302,0.8,2026-09-20T06:40:58.624576+00:00
1586,416022528,2.5119,0.000588,0.298,0.8,2026-09-20T06:40:59.404344+00:00
1587,416284672,2.5827,0.000588,0.294,0.8,2026-09-20T06:41:00.186739+00:00
1588,416546816,2.5911,0.000588,0.316,0.8,2026-09-20T06:41:00.971681+00:00
1589,416808960,2.5806,0.000588,0.251,0.8,2026-09-20T06:41:01.751505+00:00
1590,417071104,2.5639,0.000588,0.435,0.8,2026-09-20T06:41:02.532943+00:00
1591,417333248,2.5127,0.000588,0.353,0.8,2026-09-20T06:41:03.322048+00:00
1592,417595392,2.6243,0.000588,0.296,0.8,2026-09-20T06:41:04.109291+00:00
1593,417857536,2.6007,0.000588,0.321,0.8,2026-09-20T06:41:04.895816+00:00
1594,418119680,2.5949,0.000588,0.374,0.8,2026-09-20T06:41:05.674896+00:00
1595,418381824,2.5655,0.000588,0.341,0.8,2026-09-20T06:41:06.457522+00:00
1596,418643968,2.609,0.000588,0.306,0.8,2026-09-20T06:41:07.236499+00:00
1597,418906112,2.5506,0.000588,0.316,0.8,2026-09-20T06:41:08.018165+00:00
1598,419168256,2.6208,0.000588,0.259,0.8,2026-09-20T06:41:08.802607+00:00
1599,419430400,2.6216,0.000588,0.256,0.8,2026-09-20T06:41:09.581359+00:00
1600,419692544,2.55,0.000588,0.438,0.8,2026-09-20T06:41:10.360776+00:00
1601,419954688,2.5657,0.000588,0.369,0.8,2026-09-20T06:41:11.139243+00:00
1602,420216832,2.6065,0.000588,0.819,0.8,2026-09-20T06:41:11.920322+00:00
1603,420478976,2.6136,0.000588,0.353,0.8,2026-09-20T06:41:12.700883+00:00
1604,420741120,2.6175,0.000588,0.267,0.8,2026-09-20T06:41:13.480870+00:00
1605,421003264,2.5709,0.000588,0.287,0.8,2026-09-20T06:41:14.268420+00:00
1606,421265408,2.5312,0.000588,0.397,0.8,2026-09-20T06:41:15.056373+00:00
1607,421527552,2.539,0.000588,0.341,0.8,2026-09-20T06:41:15.841584+00:00
1608,421789696,2.5439,0.000588,0.475,0.8,2026-09-20T06:41:16.623065+00:00
1609,422051840,2.5797,0.000588,0.278,0.8,2026-09-20T06:41:17.402468+00:00
1610,422313984,2.6296,0.000588,0.309,0.8,2026-09-20T06:41:18.185333+00:00
1611,422576128,2.6,0.000588,0.286,0.8,2026-09-20T06:41:18.968159+00:00
1612,422838272,2.5049,0.000587,0.913,0.8,2026-09-20T06:41:19.750306+00:00
1613,423100416,2.6126,0.000587,0.285,0.8,2026-09-20T06:41:20.530587+00:00
1614,423362560,2.6062,0.000587,0.841,0.8,2026-09-20T06:41:21.308795+00:00
1615,423624704,2.6074,0.000587,0.334,0.8,2026-09-20T06:41:22.093027+00:00
1616,423886848,2.4759,0.000587,0.432,0.8,2026-09-20T06:41:22.874926+00:00
1617,424148992,2.5853,0.000587,0.365,0.8,2026-09-20T06:41:23.654020+00:00
1618,424411136,2.544,0.000587,0.453,0.8,2026-09-20T06:41:24.434783+00:00
1619,424673280,2.5864,0.000587,0.374,0.8,2026-09-20T06:41:25.214214+00:00
1620,424935424,2.517,0.000587,0.456,0.8,2026-09-20T06:41:26.003453+00:00
1621,425197568,2.5753,0.000587,0.535,0.8,2026-09-20T06:41:26.784175+00:00
1622,425459712,2.5463,0.000587,0.423,0.8,2026-09-20T06:41:27.569535+00:00
1623,425721856,2.662,0.000587,0.303,0.8,2026-09-20T06:41:28.351162+00:00
1624,425984000,2.5967,0.000587,0.323,0.8,2026-09-20T06:41:29.137703+00:00
1625,426246144,2.5765,0.000587,0.357,0.8,2026-09-20T06:41:29.917632+00:00
1626,426508288,2.5546,0.000587,0.276,0.8,2026-09-20T06:41:30.700315+00:00
1627,426770432,2.5785,0.000587,0.413,0.8,2026-09-20T06:41:31.481307+00:00
1628,427032576,2.5838,0.000587,0.315,0.8,2026-09-20T06:41:32.272657+00:00
1629,427294720,2.5757,0.000587,0.677,0.8,2026-09-20T06:41:33.058350+00:00
1630,427556864,2.5944,0.000587,0.298,0.8,2026-09-20T06:41:33.839281+00:00
1631,427819008,2.5622,0.000587,0.277,0.8,2026-09-20T06:41:34.628481+00:00
1632,428081152,2.5748,0.000587,0.324,0.8,2026-09-20T06:41:35.413219+00:00
1633,428343296,2.6286,0.000587,0.284,0.8,2026-09-20T06:41:36.192979+00:00
1634,428605440,2.5613,0.000587,0.29,0.8,2026-09-20T06:41:36.977816+00:00
1635,428867584,2.5409,0.000587,0.276,0.8,2026-09-20T06:41:37.757696+00:00
1636,429129728,2.552,0.000587,0.368,0.8,2026-09-20T06:41:38.536543+00:00
1637,429391872,2.5916,0.000587,0.237,0.8,2026-09-20T06:41:39.316243+00:00
1638,429654016,2.5414,0.000587,0.292,0.8,2026-09-20T06:41:40.096469+00:00
1639,429916160,2.5475,0.000587,0.345,0.8,2026-09-20T06:41:40.877437+00:00
1640,430178304,2.5361,0.000587,0.272,0.8,2026-09-20T06:41:41.656776+00:00
1641,430440448,2.5779,0.000587,0.603,0.8,2026-09-20T06:41:42.435771+00:00
1642,430702592,2.6205,0.000587,0.271,0.8,2026-09-20T06:41:43.219767+00:00
1643,430964736,2.5671,0.000587,0.26,0.8,2026-09-20T06:41:44.003276+00:00
1644,431226880,2.55,0.000587,0.352,0.8,2026-09-20T06:41:44.785323+00:00
1645,431489024,2.5839,0.000587,0.413,0.8,2026-09-20T06:41:45.571178+00:00
1646,431751168,2.5278,0.000587,0.305,0.8,2026-09-20T06:41:46.350942+00:00
1647,432013312,2.5272,0.000587,0.34,0.8,2026-09-20T06:41:47.133273+00:00
1648,432275456,2.532,0.000587,0.386,0.8,2026-09-20T06:41:47.912738+00:00
1649,432537600,2.5475,0.000587,0.288,0.8,2026-09-20T06:41:48.692300+00:00
1650,432799744,2.503,0.000587,0.306,0.8,2026-09-20T06:41:49.474184+00:00
1651,433061888,2.537,0.000587,0.261,0.8,2026-09-20T06:41:50.258248+00:00
1652,433324032,2.5331,0.000587,0.283,0.8,2026-09-20T06:41:51.042536+00:00
1653,433586176,2.56,0.000587,0.257,0.8,2026-09-20T06:41:51.823923+00:00
1654,433848320,2.5831,0.000586,0.469,0.8,2026-09-20T06:41:52.608699+00:00
1655,434110464,2.5253,0.000586,0.291,0.8,2026-09-20T06:41:53.392488+00:00
1656,434372608,2.5324,0.000586,0.263,0.8,2026-09-20T06:41:54.184273+00:00
1657,434634752,2.5566,0.000586,0.534,0.8,2026-09-20T06:41:54.976963+00:00
1658,434896896,2.5535,0.000586,0.199,0.8,2026-09-20T06:41:55.773932+00:00
1659,435159040,2.5515,0.000586,0.602,0.8,2026-09-20T06:41:56.580287+00:00
1660,435421184,2.5885,0.000586,0.303,0.8,2026-09-20T06:41:57.387558+00:00
1661,435683328,2.5618,0.000586,0.301,0.8,2026-09-20T06:41:58.187026+00:00
1662,435945472,2.476,0.000586,0.271,0.8,2026-09-20T06:41:58.985489+00:00
1663,436207616,2.5986,0.000586,0.264,0.8,2026-09-20T06:41:59.782568+00:00
1664,436469760,2.5028,0.000586,0.228,0.8,2026-09-20T06:42:00.577857+00:00
1665,436731904,2.5211,0.000586,0.305,0.8,2026-09-20T06:42:01.372128+00:00
1666,436994048,2.5575,0.000586,0.381,0.8,2026-09-20T06:42:02.175841+00:00
1667,437256192,2.5385,0.000586,0.527,0.8,2026-09-20T06:42:02.976078+00:00
1668,437518336,2.5575,0.000586,0.249,0.8,2026-09-20T06:42:03.774935+00:00
1669,437780480,2.5582,0.000586,0.289,0.8,2026-09-20T06:42:04.567489+00:00
1670,438042624,2.6049,0.000586,0.453,0.8,2026-09-20T06:42:05.361360+00:00
1671,438304768,2.5317,0.000586,0.531,0.8,2026-09-20T06:42:06.158173+00:00
1672,438566912,2.5214,0.000586,0.327,0.8,2026-09-20T06:42:06.954661+00:00
1673,438829056,2.5825,0.000586,0.357,0.8,2026-09-20T06:42:07.753695+00:00
1674,439091200,2.5125,0.000586,0.323,0.8,2026-09-20T06:42:08.551445+00:00
1675,439353344,2.6142,0.000586,0.473,0.8,2026-09-20T06:42:09.351590+00:00
1676,439615488,2.5577,0.000586,0.578,0.8,2026-09-20T06:42:10.147472+00:00
1677,439877632,2.545,0.000586,0.302,0.8,2026-09-20T06:42:10.944930+00:00
1678,440139776,2.5856,0.000586,0.339,0.8,2026-09-20T06:42:11.769178+00:00
1679,440401920,2.5776,0.000586,0.276,0.8,2026-09-20T06:42:12.566519+00:00
1680,440664064,2.5562,0.000586,0.239,0.8,2026-09-20T06:42:13.367856+00:00
1681,440926208,2.5935,0.000586,0.482,0.8,2026-09-20T06:42:14.161198+00:00
1682,441188352,2.5773,0.000586,0.221,0.8,2026-09-20T06:42:14.949439+00:00
1683,441450496,2.5592,0.000586,0.278,0.8,2026-09-20T06:42:15.734795+00:00
1684,441712640,2.5296,0.000586,0.257,0.8,2026-09-20T06:42:16.523727+00:00
1685,441974784,2.5686,0.000586,0.276,0.8,2026-09-20T06:42:17.315989+00:00
1686,442236928,2.5535,0.000586,0.241,0.8,2026-09-20T06:42:18.109022+00:00
1687,442499072,2.5196,0.000586,0.326,0.8,2026-09-20T06:42:18.896826+00:00
1688,442761216,2.4786,0.000586,0.302,0.8,2026-09-20T06:42:19.683292+00:00
1689,443023360,2.5925,0.000586,0.265,0.8,2026-09-20T06:42:20.462761+00:00
1690,443285504,2.5627,0.000586,0.452,0.8,2026-09-20T06:42:21.243637+00:00
1691,443547648,2.5313,0.000586,0.269,0.8,2026-09-20T06:42:22.025468+00:00
1692,443809792,2.5217,0.000586,0.287,0.8,2026-09-20T06:42:22.810062+00:00
1693,444071936,2.5157,0.000585,0.332,0.8,2026-09-20T06:42:23.590164+00:00
1694,444334080,2.5903,0.000585,0.291,0.8,2026-09-20T06:42:24.376412+00:00
1695,444596224,2.6117,0.000585,0.37,0.8,2026-09-20T06:42:25.170717+00:00
1696,444858368,2.4761,0.000585,0.463,0.8,2026-09-20T06:42:25.952682+00:00
1697,445120512,2.5748,0.000585,0.314,0.8,2026-09-20T06:42:26.734550+00:00
1698,445382656,2.5993,0.000585,0.322,0.8,2026-09-20T06:42:27.513805+00:00
1699,445644800,2.4854,0.000585,0.29,0.8,2026-09-20T06:42:28.292237+00:00
1700,445906944,2.5177,0.000585,0.271,0.8,2026-09-20T06:42:29.077774+00:00
1701,446169088,2.5891,0.000585,0.268,0.8,2026-09-20T06:42:29.856470+00:00
1702,446431232,2.5755,0.000585,0.514,0.8,2026-09-20T06:42:30.640308+00:00
1703,446693376,2.4935,0.000585,0.322,0.8,2026-09-20T06:42:31.420722+00:00
1704,446955520,2.5275,0.000585,0.298,0.8,2026-09-20T06:42:32.204713+00:00
1705,447217664,2.5986,0.000585,0.309,0.8,2026-09-20T06:42:32.987702+00:00
1706,447479808,2.5728,0.000585,0.313,0.8,2026-09-20T06:42:33.770458+00:00
1707,447741952,2.5283,0.000585,0.451,0.8,2026-09-20T06:42:34.554194+00:00
1708,448004096,2.5177,0.000585,0.258,0.8,2026-09-20T06:42:35.341657+00:00
1709,448266240,2.5741,0.000585,0.267,0.8,2026-09-20T06:42:36.128616+00:00
1710,448528384,2.5646,0.000585,0.289,0.8,2026-09-20T06:42:36.908775+00:00
1711,448790528,2.5147,0.000585,0.337,0.8,2026-09-20T06:42:37.690440+00:00
1712,449052672,2.5589,0.000585,0.348,0.8,2026-09-20T06:42:38.469650+00:00
1713,449314816,2.5515,0.000585,0.289,0.8,2026-09-20T06:42:39.249627+00:00
1714,449576960,2.5221,0.000585,0.222,0.8,2026-09-20T06:42:40.029449+00:00
1715,449839104,2.5717,0.000585,0.253,0.8,2026-09-20T06:42:40.813282+00:00
1716,450101248,2.5484,0.000585,0.306,0.8,2026-09-20T06:42:41.596543+00:00
1717,450363392,2.5156,0.000585,0.394,0.8,2026-09-20T06:42:42.376593+00:00
1718,450625536,2.5197,0.000585,0.437,0.8,2026-09-20T06:42:43.158196+00:00
1719,450887680,2.6069,0.000585,0.415,0.8,2026-09-20T06:42:43.939824+00:00
1720,451149824,2.4853,0.000585,0.352,0.8,2026-09-20T06:42:44.719474+00:00
1721,451411968,2.5192,0.000585,0.331,0.8,2026-09-20T06:42:45.505821+00:00
1722,451674112,2.5244,0.000585,0.33,0.8,2026-09-20T06:42:46.294453+00:00
1723,451936256,2.5116,0.000585,0.732,0.8,2026-09-20T06:42:47.078241+00:00
1724,452198400,2.6126,0.000585,0.242,0.8,2026-09-20T06:42:47.864531+00:00
1725,452460544,2.5121,0.000585,0.485,0.8,2026-09-20T06:42:48.647364+00:00
1726,452722688,2.5099,0.000585,0.462,0.8,2026-09-20T06:42:49.431067+00:00
1727,452984832,2.4819,0.000585,0.278,0.8,2026-09-20T06:42:50.212969+00:00
1728,453246976,2.5426,0.000585,0.364,0.8,2026-09-20T06:42:50.992122+00:00
1729,453509120,2.5338,0.000585,0.526,0.8,2026-09-20T06:42:51.770359+00:00
1730,453771264,2.6292,0.000585,0.772,0.8,2026-09-20T06:42:52.549713+00:00
1731,454033408,2.5276,0.000585,0.701,0.8,2026-09-20T06:42:53.329304+00:00
1732,454295552,2.495,0.000584,0.42,0.8,2026-09-20T06:42:54.112437+00:00
1733,454557696,2.4648,0.000584,0.292,0.8,2026-09-20T06:42:54.895551+00:00
1734,454819840,2.5666,0.000584,0.354,0.8,2026-09-20T06:42:55.673805+00:00
1735,455081984,2.4862,0.000584,0.258,0.8,2026-09-20T06:42:56.453669+00:00
1736,455344128,2.5471,0.000584,0.253,0.8,2026-09-20T06:42:57.240013+00:00
1737,455606272,2.4604,0.000584,0.33,0.8,2026-09-20T06:42:58.030657+00:00
1738,455868416,2.5001,0.000584,0.202,0.8,2026-09-20T06:42:58.813546+00:00
1739,456130560,2.6165,0.000584,0.265,0.8,2026-09-20T06:42:59.595640+00:00
1740,456392704,2.5515,0.000584,0.281,0.8,2026-09-20T06:43:00.376692+00:00
1741,456654848,2.5285,0.000584,0.243,0.8,2026-09-20T06:43:01.159013+00:00
1742,456916992,2.5225,0.000584,0.336,0.8,2026-09-20T06:43:01.940023+00:00
1743,457179136,2.6047,0.000584,0.228,0.8,2026-09-20T06:43:02.724524+00:00
1744,457441280,2.4948,0.000584,0.219,0.8,2026-09-20T06:43:03.504148+00:00
1745,457703424,2.5936,0.000584,0.214,0.8,2026-09-20T06:43:04.288978+00:00
1746,457965568,2.4805,0.000584,0.251,0.8,2026-09-20T06:43:05.069238+00:00
1747,458227712,2.5734,0.000584,0.363,0.8,2026-09-20T06:43:05.851068+00:00
1748,458489856,2.4795,0.000584,0.402,0.8,2026-09-20T06:43:06.631310+00:00
1749,458752000,2.5696,0.000584,0.253,0.8,2026-09-20T06:43:07.414453+00:00
1750,459014144,2.523,0.000584,0.369,0.8,2026-09-20T06:43:24.719992+00:00
1751,459276288,2.5467,0.000584,0.305,0.8,2026-09-20T06:43:25.507221+00:00
1752,459538432,2.5257,0.000584,0.321,0.8,2026-09-20T06:43:26.285141+00:00
1753,459800576,2.5141,0.000584,0.26,0.8,2026-09-20T06:43:27.065542+00:00
1754,460062720,2.4748,0.000584,0.329,0.8,2026-09-20T06:43:27.855941+00:00
1755,460324864,2.554,0.000584,0.468,0.8,2026-09-20T06:43:28.636581+00:00
1756,460587008,2.551,0.000584,0.247,0.8,2026-09-20T06:43:29.419624+00:00
1757,460849152,2.5278,0.000584,0.276,0.8,2026-09-20T06:43:30.200567+00:00
1758,461111296,2.5713,0.000584,0.365,0.8,2026-09-20T06:43:30.983351+00:00
1759,461373440,2.4996,0.000584,0.631,0.8,2026-09-20T06:43:31.767611+00:00
1760,461635584,2.55,0.000584,0.26,0.8,2026-09-20T06:43:32.553604+00:00
1761,461897728,2.5268,0.000584,0.287,0.8,2026-09-20T06:43:33.337812+00:00
1762,462159872,2.5994,0.000584,0.28,0.8,2026-09-20T06:43:34.120206+00:00
1763,462422016,2.5163,0.000584,0.272,0.8,2026-09-20T06:43:34.904296+00:00
1764,462684160,2.4873,0.000584,0.353,0.8,2026-09-20T06:43:35.687603+00:00
1765,462946304,2.519,0.000584,0.314,0.8,2026-09-20T06:43:36.468341+00:00
1766,463208448,2.57,0.000584,0.23,0.8,2026-09-20T06:43:37.249802+00:00
1767,463470592,2.55,0.000584,0.273,0.8,2026-09-20T06:43:38.033211+00:00
1768,463732736,2.5001,0.000584,0.466,0.8,2026-09-20T06:43:38.813838+00:00
1769,463994880,2.4797,0.000583,0.311,0.8,2026-09-20T06:43:39.595013+00:00
1770,464257024,2.5114,0.000583,0.241,0.8,2026-09-20T06:43:40.375981+00:00
1771,464519168,2.5444,0.000583,0.253,0.8,2026-09-20T06:43:41.160399+00:00
1772,464781312,2.5408,0.000583,0.231,0.8,2026-09-20T06:43:41.943720+00:00
1773,465043456,2.567,0.000583,0.558,0.8,2026-09-20T06:43:42.723001+00:00
1774,465305600,2.5137,0.000583,0.355,0.8,2026-09-20T06:43:43.506546+00:00
1775,465567744,2.5104,0.000583,0.277,0.8,2026-09-20T06:43:44.292010+00:00
1776,465829888,2.5929,0.000583,0.276,0.8,2026-09-20T06:43:45.072098+00:00
1777,466092032,2.538,0.000583,0.313,0.8,2026-09-20T06:43:45.852226+00:00
1778,466354176,2.4754,0.000583,0.457,0.8,2026-09-20T06:43:46.632192+00:00
1779,466616320,2.5246,0.000583,0.319,0.8,2026-09-20T06:43:47.412679+00:00
1780,466878464,2.5658,0.000583,0.416,0.8,2026-09-20T06:43:48.196773+00:00
1781,467140608,2.5078,0.000583,0.545,0.8,2026-09-20T06:43:48.975329+00:00
1782,467402752,2.5113,0.000583,0.347,0.8,2026-09-20T06:43:49.764529+00:00
1783,467664896,2.5566,0.000583,0.719,0.8,2026-09-20T06:43:50.549792+00:00
1784,467927040,2.5346,0.000583,0.328,0.8,2026-09-20T06:43:51.336469+00:00
1785,468189184,2.5383,0.000583,0.325,0.8,2026-09-20T06:43:52.124447+00:00
1786,468451328,2.5518,0.000583,0.329,0.8,2026-09-20T06:43:52.903956+00:00
1787,468713472,2.5562,0.000583,0.248,0.8,2026-09-20T06:43:53.686617+00:00
1788,468975616,2.5641,0.000583,0.435,0.8,2026-09-20T06:43:54.471639+00:00
1789,469237760,2.5303,0.000583,0.315,0.8,2026-09-20T06:43:55.252298+00:00
1790,469499904,2.5286,0.000583,0.23,0.8,2026-09-20T06:43:56.037987+00:00
1791,469762048,2.527,0.000583,0.313,0.8,2026-09-20T06:43:56.818236+00:00
1792,470024192,2.5269,0.000583,0.268,0.8,2026-09-20T06:43:57.596410+00:00
1793,470286336,2.5138,0.000583,0.563,0.8,2026-09-20T06:43:58.385808+00:00
1794,470548480,2.6053,0.000583,0.403,0.8,2026-09-20T06:43:59.174509+00:00
1795,470810624,2.5947,0.000583,0.296,0.8,2026-09-20T06:43:59.954960+00:00
1796,471072768,2.526,0.000583,0.496,0.8,2026-09-20T06:44:00.735707+00:00
1797,471334912,2.5002,0.000583,0.322,0.8,2026-09-20T06:44:01.516924+00:00
1798,471597056,2.5662,0.000583,0.389,0.8,2026-09-20T06:44:02.300232+00:00
1799,471859200,2.5229,0.000583,0.397,0.8,2026-09-20T06:44:03.086814+00:00
1800,472121344,2.5484,0.000583,0.336,0.8,2026-09-20T06:44:03.872291+00:00
1801,472383488,2.5616,0.000583,0.337,0.8,2026-09-20T06:44:04.655381+00:00
1802,472645632,2.5515,0.000583,0.362,0.8,2026-09-20T06:44:05.437356+00:00
1803,472907776,2.6034,0.000583,0.46,0.8,2026-09-20T06:44:06.222284+00:00
1804,473169920,2.499,0.000583,0.344,0.8,2026-09-20T06:44:07.003806+00:00
1805,473432064,2.5712,0.000583,0.333,0.8,2026-09-20T06:44:07.783331+00:00
1806,473694208,2.565,0.000582,0.279,0.8,2026-09-20T06:44:08.561801+00:00
1807,473956352,2.5643,0.000582,0.398,0.8,2026-09-20T06:44:09.342415+00:00
1808,474218496,2.5482,0.000582,0.72,0.8,2026-09-20T06:44:10.126410+00:00
1809,474480640,2.5133,0.000582,0.428,0.8,2026-09-20T06:44:10.907324+00:00
1810,474742784,2.4847,0.000582,0.326,0.8,2026-09-20T06:44:11.690953+00:00
1811,475004928,2.4756,0.000582,0.309,0.8,2026-09-20T06:44:12.475756+00:00
1812,475267072,2.4868,0.000582,0.384,0.8,2026-09-20T06:44:13.258049+00:00
1813,475529216,2.6082,0.000582,0.427,0.8,2026-09-20T06:44:14.038183+00:00
1814,475791360,2.5067,0.000582,0.82,0.8,2026-09-20T06:44:14.821429+00:00
1815,476053504,2.5297,0.000582,0.323,0.8,2026-09-20T06:44:15.605425+00:00
1816,476315648,2.5227,0.000582,0.297,0.8,2026-09-20T06:44:16.385885+00:00
1817,476577792,2.5241,0.000582,0.285,0.8,2026-09-20T06:44:17.164380+00:00
1818,476839936,2.5988,0.000582,0.617,0.8,2026-09-20T06:44:17.944001+00:00
1819,477102080,2.5575,0.000582,0.641,0.8,2026-09-20T06:44:18.730254+00:00
1820,477364224,2.5246,0.000582,0.46,0.8,2026-09-20T06:44:19.516326+00:00
1821,477626368,2.5508,0.000582,0.56,0.8,2026-09-20T06:44:20.301423+00:00
1822,477888512,2.4952,0.000582,0.315,0.8,2026-09-20T06:44:21.084843+00:00
1823,478150656,2.5528,0.000582,0.36,0.8,2026-09-20T06:44:21.867830+00:00
1824,478412800,2.5645,0.000582,0.349,0.8,2026-09-20T06:44:22.648508+00:00
1825,478674944,2.5213,0.000582,0.388,0.8,2026-09-20T06:44:23.432455+00:00
1826,478937088,2.5767,0.000582,0.316,0.8,2026-09-20T06:44:24.216319+00:00
1827,479199232,2.5437,0.000582,0.334,0.8,2026-09-20T06:44:25.003446+00:00
1828,479461376,2.5224,0.000582,0.306,0.8,2026-09-20T06:44:25.783955+00:00
1829,479723520,2.4242,0.000582,0.309,0.8,2026-09-20T06:44:26.573006+00:00
1830,479985664,2.5123,0.000582,0.565,0.8,2026-09-20T06:44:27.352457+00:00
1831,480247808,2.4774,0.000582,0.356,0.8,2026-09-20T06:44:28.139881+00:00
1832,480509952,2.5332,0.000582,0.437,0.8,2026-09-20T06:44:28.920283+00:00
1833,480772096,2.4449,0.000582,0.274,0.8,2026-09-20T06:44:29.703132+00:00
1834,481034240,2.5906,0.000582,0.284,0.8,2026-09-20T06:44:30.491705+00:00
1835,481296384,2.5959,0.000582,0.233,0.8,2026-09-20T06:44:31.270438+00:00
1836,481558528,2.5671,0.000582,0.27,0.8,2026-09-20T06:44:32.049992+00:00
1837,481820672,2.4618,0.000582,0.274,0.8,2026-09-20T06:44:32.830308+00:00
1838,482082816,2.5154,0.000582,0.277,0.8,2026-09-20T06:44:33.611883+00:00
1839,482344960,2.522,0.000582,0.234,0.8,2026-09-20T06:44:34.390890+00:00
1840,482607104,2.5795,0.000582,0.22,0.8,2026-09-20T06:44:35.174275+00:00
1841,482869248,2.6075,0.000581,0.311,0.8,2026-09-20T06:44:35.959592+00:00
1842,483131392,2.5157,0.000581,0.344,0.8,2026-09-20T06:44:36.742253+00:00
1843,483393536,2.4921,0.000581,0.492,0.8,2026-09-20T06:44:37.524643+00:00
1844,483655680,2.5122,0.000581,0.416,0.8,2026-09-20T06:44:38.311355+00:00
1845,483917824,2.5545,0.000581,0.26,0.8,2026-09-20T06:44:39.091178+00:00
1846,484179968,2.5697,0.000581,0.295,0.8,2026-09-20T06:44:39.872345+00:00
1847,484442112,2.5111,0.000581,0.536,0.8,2026-09-20T06:44:40.651729+00:00
1848,484704256,2.5425,0.000581,0.364,0.8,2026-09-20T06:44:41.434913+00:00
1849,484966400,2.5036,0.000581,0.325,0.8,2026-09-20T06:44:42.219944+00:00
1850,485228544,2.5355,0.000581,0.425,0.8,2026-09-20T06:44:43.000315+00:00
1851,485490688,2.5577,0.000581,0.317,0.8,2026-09-20T06:44:43.783278+00:00
1852,485752832,2.5146,0.000581,0.255,0.8,2026-09-20T06:44:44.565514+00:00
1853,486014976,2.519,0.000581,0.313,0.8,2026-09-20T06:44:45.353119+00:00
1854,486277120,2.5439,0.000581,0.269,0.8,2026-09-20T06:44:46.137828+00:00
1855,486539264,2.6203,0.000581,0.371,0.8,2026-09-20T06:44:46.918177+00:00
1856,486801408,2.575,0.000581,0.429,0.8,2026-09-20T06:44:47.698678+00:00
1857,487063552,2.5227,0.000581,0.492,0.8,2026-09-20T06:44:48.483195+00:00
1858,487325696,2.5256,0.000581,0.299,0.8,2026-09-20T06:44:49.263039+00:00
1859,487587840,2.4232,0.000581,0.331,0.8,2026-09-20T06:44:50.043312+00:00
1860,487849984,2.4871,0.000581,0.528,0.8,2026-09-20T06:44:50.822708+00:00
1861,488112128,2.4732,0.000581,0.285,0.8,2026-09-20T06:44:51.602101+00:00
1862,488374272,2.5973,0.000581,0.356,0.8,2026-09-20T06:44:52.385527+00:00
1863,488636416,2.4771,0.000581,0.288,0.8,2026-09-20T06:44:53.164843+00:00
1864,488898560,2.5054,0.000581,0.263,0.8,2026-09-20T06:44:53.944494+00:00
1865,489160704,2.5016,0.000581,0.559,0.8,2026-09-20T06:44:54.728055+00:00
1866,489422848,2.5299,0.000581,0.347,0.8,2026-09-20T06:44:55.506425+00:00
1867,489684992,2.4823,0.000581,0.318,0.8,2026-09-20T06:44:56.285605+00:00
1868,489947136,2.5239,0.000581,0.585,0.8,2026-09-20T06:44:57.067776+00:00
1869,490209280,2.5651,0.000581,0.254,0.8,2026-09-20T06:44:57.859366+00:00
1870,490471424,2.5125,0.000581,0.285,0.8,2026-09-20T06:44:58.646347+00:00
1871,490733568,2.5118,0.000581,0.393,0.8,2026-09-20T06:44:59.431404+00:00
1872,490995712,2.4928,0.000581,0.299,0.8,2026-09-20T06:45:00.211710+00:00
1873,491257856,2.5511,0.000581,0.321,0.8,2026-09-20T06:45:01.001526+00:00
1874,491520000,2.5254,0.000581,0.34,0.8,2026-09-20T06:45:01.788470+00:00
1875,491782144,2.5633,0.00058,0.246,0.8,2026-09-20T06:45:02.578177+00:00
1876,492044288,2.5431,0.00058,0.288,0.8,2026-09-20T06:45:03.359485+00:00
1877,492306432,2.6133,0.00058,0.233,0.8,2026-09-20T06:45:04.143876+00:00
1878,492568576,2.5324,0.00058,0.224,0.8,2026-09-20T06:45:04.931587+00:00
1879,492830720,2.5026,0.00058,0.372,0.8,2026-09-20T06:45:05.711990+00:00
1880,493092864,2.4689,0.00058,0.303,0.8,2026-09-20T06:45:06.491348+00:00
1881,493355008,2.4775,0.00058,0.224,0.8,2026-09-20T06:45:07.274170+00:00
1882,493617152,2.4986,0.00058,0.274,0.8,2026-09-20T06:45:08.053834+00:00
1883,493879296,2.504,0.00058,0.332,0.8,2026-09-20T06:45:08.840701+00:00
1884,494141440,2.5903,0.00058,0.266,0.8,2026-09-20T06:45:09.626953+00:00
1885,494403584,2.5359,0.00058,0.294,0.8,2026-09-20T06:45:10.410388+00:00
1886,494665728,2.5441,0.00058,0.317,0.8,2026-09-20T06:45:11.187869+00:00
1887,494927872,2.6076,0.00058,0.295,0.8,2026-09-20T06:45:11.974424+00:00
1888,495190016,2.5234,0.00058,0.501,0.8,2026-09-20T06:45:12.762842+00:00
1889,495452160,2.5478,0.00058,0.232,0.8,2026-09-20T06:45:13.545106+00:00
1890,495714304,2.5551,0.00058,0.25,0.8,2026-09-20T06:45:14.328751+00:00
1891,495976448,2.5057,0.00058,0.311,0.8,2026-09-20T06:45:15.110975+00:00
1892,496238592,2.552,0.00058,0.362,0.8,2026-09-20T06:45:15.892338+00:00
1893,496500736,2.4876,0.00058,0.266,0.8,2026-09-20T06:45:16.672276+00:00
1894,496762880,2.4294,0.00058,0.277,0.8,2026-09-20T06:45:17.453169+00:00
1895,497025024,2.5117,0.00058,0.374,0.8,2026-09-20T06:45:18.237153+00:00
1896,497287168,2.5373,0.00058,0.365,0.8,2026-09-20T06:45:19.019302+00:00
1897,497549312,2.531,0.00058,0.231,0.8,2026-09-20T06:45:19.801394+00:00
1898,497811456,2.5945,0.00058,0.326,0.8,2026-09-20T06:45:20.587350+00:00
1899,498073600,2.5468,0.00058,0.308,0.8,2026-09-20T06:45:21.370999+00:00
1900,498335744,2.5005,0.00058,0.495,0.8,2026-09-20T06:45:22.160112+00:00
1901,498597888,2.5197,0.00058,0.406,0.8,2026-09-20T06:45:22.944782+00:00
1902,498860032,2.4829,0.00058,0.451,0.8,2026-09-20T06:45:23.741065+00:00
1903,499122176,2.5717,0.00058,0.392,0.8,2026-09-20T06:45:24.530273+00:00
1904,499384320,2.559,0.00058,0.35,0.8,2026-09-20T06:45:25.314810+00:00
1905,499646464,2.5595,0.00058,0.305,0.8,2026-09-20T06:45:26.106992+00:00
1906,499908608,2.498,0.00058,0.345,0.8,2026-09-20T06:45:26.895319+00:00
1907,500170752,2.5787,0.00058,0.528,0.8,2026-09-20T06:45:27.683224+00:00
1908,500432896,2.5735,0.00058,0.449,0.8,2026-09-20T06:45:57.668209+00:00
1909,500695040,2.4336,0.000579,0.457,0.8,2026-09-20T06:45:58.458786+00:00
1910,500957184,2.5855,0.000579,0.236,0.8,2026-09-20T06:45:59.258860+00:00
1911,501219328,2.522,0.000579,0.3,0.8,2026-09-20T06:46:00.047382+00:00
1912,501481472,2.5103,0.000579,0.25,0.8,2026-09-20T06:46:00.837249+00:00
1913,501743616,2.497,0.000579,0.314,0.8,2026-09-20T06:46:01.618946+00:00
1914,502005760,2.5093,0.000579,0.257,0.8,2026-09-20T06:46:02.402315+00:00
1915,502267904,2.5374,0.000579,0.227,0.8,2026-09-20T06:46:03.195825+00:00
1916,502530048,2.439,0.000579,0.246,0.8,2026-09-20T06:46:03.982547+00:00
1917,502792192,2.4947,0.000579,0.357,0.8,2026-09-20T06:46:04.767892+00:00
1918,503054336,2.5631,0.000579,0.375,0.8,2026-09-20T06:46:05.547277+00:00
1919,503316480,2.4448,0.000579,0.285,0.8,2026-09-20T06:46:06.342479+00:00
1920,503578624,2.5015,0.000579,0.296,0.8,2026-09-20T06:46:07.122436+00:00
1921,503840768,2.5699,0.000579,0.329,0.8,2026-09-20T06:46:07.902583+00:00
1922,504102912,2.5029,0.000579,0.265,0.8,2026-09-20T06:46:08.685104+00:00
1923,504365056,2.5555,0.000579,0.319,0.8,2026-09-20T06:46:09.468646+00:00
1924,504627200,2.4763,0.000579,0.303,0.8,2026-09-20T06:46:10.254222+00:00
1925,504889344,2.5137,0.000579,0.317,0.8,2026-09-20T06:46:11.043281+00:00
1926,505151488,2.5351,0.000579,0.322,0.8,2026-09-20T06:46:11.836204+00:00
1927,505413632,2.4867,0.000579,0.811,0.8,2026-09-20T06:46:12.637026+00:00
1928,505675776,2.5155,0.000579,0.287,0.8,2026-09-20T06:46:13.432766+00:00
1929,505937920,2.5483,0.000579,0.264,0.8,2026-09-20T06:46:14.224820+00:00
1930,506200064,2.4979,0.000579,0.478,0.8,2026-09-20T06:46:15.016522+00:00
1931,506462208,2.5214,0.000579,0.303,0.8,2026-09-20T06:46:15.806808+00:00
1932,506724352,2.5248,0.000579,0.273,0.8,2026-09-20T06:46:16.594622+00:00
1933,506986496,2.4796,0.000579,0.245,0.8,2026-09-20T06:46:17.383896+00:00
1934,507248640,2.4739,0.000579,0.447,0.8,2026-09-20T06:46:18.187708+00:00
1935,507510784,2.5054,0.000579,0.315,0.8,2026-09-20T06:46:18.990254+00:00
1936,507772928,2.5167,0.000579,0.281,0.8,2026-09-20T06:46:19.779686+00:00
1937,508035072,2.4684,0.000579,0.261,0.8,2026-09-20T06:46:20.574982+00:00
1938,508297216,2.5618,0.000579,0.415,0.8,2026-09-20T06:46:21.369419+00:00
1939,508559360,2.4841,0.000579,0.282,0.8,2026-09-20T06:46:22.159741+00:00
1940,508821504,2.5545,0.000579,0.264,0.8,2026-09-20T06:46:22.952299+00:00
1941,509083648,2.4879,0.000579,0.247,0.8,2026-09-20T06:46:23.741675+00:00
1942,509345792,2.5148,0.000578,0.371,0.8,2026-09-20T06:46:24.532033+00:00
1943,509607936,2.553,0.000578,0.381,0.8,2026-09-20T06:46:25.320271+00:00
1944,509870080,2.5227,0.000578,0.397,0.8,2026-09-20T06:46:26.107713+00:00
1945,510132224,2.4638,0.000578,0.325,0.8,2026-09-20T06:46:26.894124+00:00
1946,510394368,2.468,0.000578,0.216,0.8,2026-09-20T06:46:27.678966+00:00
1947,510656512,2.4841,0.000578,0.452,0.8,2026-09-20T06:46:28.460141+00:00
1948,510918656,2.4734,0.000578,0.424,0.8,2026-09-20T06:46:29.242827+00:00
1949,511180800,2.5555,0.000578,0.281,0.8,2026-09-20T06:46:30.027185+00:00
1950,511442944,2.5513,0.000578,0.412,0.8,2026-09-20T06:46:30.808758+00:00
1951,511705088,2.4735,0.000578,0.31,0.8,2026-09-20T06:46:31.588605+00:00
1952,511967232,2.515,0.000578,0.395,0.8,2026-09-20T06:46:32.379148+00:00
1953,512229376,2.4788,0.000578,0.307,0.8,2026-09-20T06:46:33.158924+00:00
1954,512491520,2.4939,0.000578,0.281,0.8,2026-09-20T06:46:33.940587+00:00
1955,512753664,2.527,0.000578,0.336,0.8,2026-09-20T06:46:34.719873+00:00
1956,513015808,2.5568,0.000578,0.481,0.8,2026-09-20T06:46:35.505300+00:00
1957,513277952,2.4373,0.000578,0.279,0.8,2026-09-20T06:46:36.284366+00:00
1958,513540096,2.4792,0.000578,0.22,0.8,2026-09-20T06:46:37.063356+00:00
1959,513802240,2.5279,0.000578,0.299,0.8,2026-09-20T06:46:37.844148+00:00
1960,514064384,2.5385,0.000578,0.22,0.8,2026-09-20T06:46:38.625834+00:00
1961,514326528,2.5819,0.000578,0.268,0.8,2026-09-20T06:46:39.403845+00:00
1962,514588672,2.4945,0.000578,0.522,0.8,2026-09-20T06:46:40.186996+00:00
1963,514850816,2.6218,0.000578,0.282,0.8,2026-09-20T06:46:40.967871+00:00
1964,515112960,2.5408,0.000578,0.264,0.8,2026-09-20T06:46:41.748574+00:00
1965,515375104,2.5598,0.000578,0.297,0.8,2026-09-20T06:46:42.527259+00:00
1966,515637248,2.4995,0.000578,0.27,0.8,2026-09-20T06:46:43.315589+00:00
1967,515899392,2.505,0.000578,0.234,0.8,2026-09-20T06:46:44.099402+00:00
1968,516161536,2.5343,0.000578,0.289,0.8,2026-09-20T06:46:44.883622+00:00
1969,516423680,2.5033,0.000578,0.239,0.8,2026-09-20T06:46:45.674543+00:00
1970,516685824,2.4974,0.000578,0.393,0.8,2026-09-20T06:46:46.455692+00:00
1971,516947968,2.562,0.000578,0.255,0.8,2026-09-20T06:46:47.237533+00:00
1972,517210112,2.4709,0.000578,0.307,0.8,2026-09-20T06:46:48.019161+00:00
1973,517472256,2.5555,0.000578,0.381,0.8,2026-09-20T06:46:48.804585+00:00
1974,517734400,2.5571,0.000577,0.276,0.8,2026-09-20T06:46:49.584462+00:00
1975,517996544,2.5275,0.000577,0.298,0.8,2026-09-20T06:46:50.373321+00:00
1976,518258688,2.5438,0.000577,0.258,0.8,2026-09-20T06:46:51.161988+00:00
1977,518520832,2.444,0.000577,0.256,0.8,2026-09-20T06:46:51.945360+00:00
1978,518782976,2.4611,0.000577,0.247,0.8,2026-09-20T06:46:52.723797+00:00
1979,519045120,2.4777,0.000577,0.308,0.8,2026-09-20T06:46:53.501926+00:00
1980,519307264,2.5763,0.000577,0.265,0.8,2026-09-20T06:46:54.284562+00:00
1981,519569408,2.5397,0.000577,0.282,0.8,2026-09-20T06:46:55.066206+00:00
1982,519831552,2.4957,0.000577,0.277,0.8,2026-09-20T06:46:55.848712+00:00
1983,520093696,2.5244,0.000577,0.357,0.8,2026-09-20T06:46:56.628084+00:00
1984,520355840,2.4534,0.000577,0.342,0.8,2026-09-20T06:46:57.408752+00:00
1985,520617984,2.4865,0.000577,0.267,0.8,2026-09-20T06:46:58.193096+00:00
1986,520880128,2.4459,0.000577,0.267,0.8,2026-09-20T06:46:58.977531+00:00
1987,521142272,2.5412,0.000577,0.21,0.8,2026-09-20T06:46:59.759569+00:00
1988,521404416,2.4617,0.000577,0.391,0.8,2026-09-20T06:47:00.542090+00:00
1989,521666560,2.5217,0.000577,0.265,0.8,2026-09-20T06:47:01.322840+00:00
1990,521928704,2.5314,0.000577,0.232,0.8,2026-09-20T06:47:02.102883+00:00
1991,522190848,2.4686,0.000577,0.25,0.8,2026-09-20T06:47:02.884066+00:00
1992,522452992,2.4382,0.000577,0.243,0.8,2026-09-20T06:47:03.667940+00:00
1993,522715136,2.4484,0.000577,0.285,0.8,2026-09-20T06:47:04.450924+00:00
1994,522977280,2.4442,0.000577,0.408,0.8,2026-09-20T06:47:05.230003+00:00
1995,523239424,2.5037,0.000577,0.29,0.8,2026-09-20T06:47:06.010540+00:00
1996,523501568,2.4303,0.000577,0.292,0.8,2026-09-20T06:47:06.792649+00:00
1997,523763712,2.5108,0.000577,0.33,0.8,2026-09-20T06:47:07.575590+00:00
1998,524025856,2.4754,0.000577,0.261,0.8,2026-09-20T06:47:08.354901+00:00
1999,524288000,2.5028,0.000577,0.258,0.8,2026-09-20T06:47:09.133795+00:00
2000,524550144,2.5124,0.000577,0.3,0.8,2026-09-20T06:47:31.515150+00:00
2001,524812288,2.4926,0.000577,0.253,0.8,2026-09-20T06:47:32.310609+00:00
2002,525074432,2.5445,0.000577,0.246,0.8,2026-09-20T06:47:33.096609+00:00
2003,525336576,2.5221,0.000577,0.511,0.8,2026-09-20T06:47:33.878511+00:00
2004,525598720,2.4906,0.000577,0.273,0.8,2026-09-20T06:47:34.665262+00:00
2005,525860864,2.5289,0.000576,0.579,0.8,2026-09-20T06:47:35.457924+00:00
2006,526123008,2.4994,0.000576,0.239,0.8,2026-09-20T06:47:36.250734+00:00
2007,526385152,2.5625,0.000576,0.288,0.8,2026-09-20T06:47:37.037736+00:00
2008,526647296,2.5454,0.000576,0.34,0.8,2026-09-20T06:47:37.820492+00:00
2009,526909440,2.5194,0.000576,0.342,0.8,2026-09-20T06:47:38.599356+00:00
2010,527171584,2.4599,0.000576,0.249,0.8,2026-09-20T06:47:39.377563+00:00
2011,527433728,2.4654,0.000576,0.407,0.8,2026-09-20T06:47:40.160392+00:00
2012,527695872,2.5289,0.000576,0.37,0.8,2026-09-20T06:47:40.939219+00:00
2013,527958016,2.469,0.000576,0.396,0.8,2026-09-20T06:47:41.725990+00:00
2014,528220160,2.4242,0.000576,0.383,0.8,2026-09-20T06:47:42.507024+00:00
2015,528482304,2.5281,0.000576,0.223,0.8,2026-09-20T06:47:43.290532+00:00
2016,528744448,2.4779,0.000576,0.336,0.8,2026-09-20T06:47:44.076681+00:00
2017,529006592,2.5698,0.000576,0.241,0.8,2026-09-20T06:47:44.857558+00:00
2018,529268736,2.4959,0.000576,0.382,0.8,2026-09-20T06:47:45.640791+00:00
2019,529530880,2.4764,0.000576,0.266,0.8,2026-09-20T06:47:46.418927+00:00
2020,529793024,2.4835,0.000576,0.258,0.8,2026-09-20T06:47:47.199883+00:00
2021,530055168,2.5203,0.000576,0.279,0.8,2026-09-20T06:47:47.978891+00:00
2022,530317312,2.4981,0.000576,0.307,0.8,2026-09-20T06:47:48.756984+00:00
2023,530579456,2.5016,0.000576,0.304,0.8,2026-09-20T06:47:49.535749+00:00
2024,530841600,2.4762,0.000576,0.303,0.8,2026-09-20T06:47:50.317957+00:00
2025,531103744,2.4654,0.000576,0.251,0.8,2026-09-20T06:47:51.103028+00:00
2026,531365888,2.5101,0.000576,0.259,0.8,2026-09-20T06:47:51.885438+00:00
2027,531628032,2.5154,0.000576,0.923,0.8,2026-09-20T06:47:52.664221+00:00
2028,531890176,2.5073,0.000576,0.335,0.8,2026-09-20T06:47:53.444943+00:00
2029,532152320,2.5103,0.000576,0.512,0.8,2026-09-20T06:47:54.224943+00:00
2030,532414464,2.5024,0.000576,0.263,0.8,2026-09-20T06:47:55.003593+00:00
2031,532676608,2.501,0.000576,0.243,0.8,2026-09-20T06:47:55.782570+00:00
2032,532938752,2.5039,0.000576,0.226,0.8,2026-09-20T06:47:56.561742+00:00
2033,533200896,2.505,0.000576,0.262,0.8,2026-09-20T06:47:57.340316+00:00
2034,533463040,2.4889,0.000576,0.34,0.8,2026-09-20T06:47:58.119688+00:00
2035,533725184,2.4791,0.000576,0.26,0.8,2026-09-20T06:47:58.901186+00:00
2036,533987328,2.5216,0.000575,0.234,0.8,2026-09-20T06:47:59.682313+00:00
2037,534249472,2.5155,0.000575,0.253,0.8,2026-09-20T06:48:00.462333+00:00
2038,534511616,2.5158,0.000575,0.228,0.8,2026-09-20T06:48:01.240919+00:00
2039,534773760,2.4973,0.000575,0.246,0.8,2026-09-20T06:48:02.019718+00:00
2040,535035904,2.5134,0.000575,0.23,0.8,2026-09-20T06:48:02.800178+00:00
2041,535298048,2.534,0.000575,0.207,0.8,2026-09-20T06:48:03.578870+00:00
2042,535560192,2.4118,0.000575,0.323,0.8,2026-09-20T06:48:04.361419+00:00
2043,535822336,2.4989,0.000575,0.23,0.8,2026-09-20T06:48:05.142838+00:00
2044,536084480,2.5574,0.000575,0.275,0.8,2026-09-20T06:48:05.921529+00:00
2045,536346624,2.467,0.000575,0.287,0.8,2026-09-20T06:48:06.701378+00:00
2046,536608768,2.5498,0.000575,0.258,0.8,2026-09-20T06:48:07.479514+00:00
2047,536870912,2.4562,0.000575,0.214,0.8,2026-09-20T06:48:08.258703+00:00
2048,537133056,2.4913,0.000575,0.234,0.8,2026-09-20T06:48:09.038375+00:00
2049,537395200,2.4762,0.000575,0.332,0.8,2026-09-20T06:48:09.822074+00:00
2050,537657344,2.5374,0.000575,0.516,0.8,2026-09-20T06:48:10.602586+00:00
2051,537919488,2.4902,0.000575,0.238,0.8,2026-09-20T06:48:11.385206+00:00
2052,538181632,2.4458,0.000575,0.25,0.8,2026-09-20T06:48:12.166822+00:00
2053,538443776,2.4703,0.000575,0.225,0.8,2026-09-20T06:48:12.944255+00:00
2054,538705920,2.5511,0.000575,0.242,0.8,2026-09-20T06:48:13.730421+00:00
2055,538968064,2.4712,0.000575,0.385,0.8,2026-09-20T06:48:14.510667+00:00
2056,539230208,2.4793,0.000575,0.262,0.8,2026-09-20T06:48:15.291946+00:00
2057,539492352,2.4662,0.000575,0.243,0.8,2026-09-20T06:48:16.073297+00:00
2058,539754496,2.4885,0.000575,0.284,0.8,2026-09-20T06:48:16.853590+00:00
2059,540016640,2.5034,0.000575,0.29,0.8,2026-09-20T06:48:17.633030+00:00
2060,540278784,2.4796,0.000575,0.251,0.8,2026-09-20T06:48:18.413154+00:00
2061,540540928,2.4768,0.000575,0.415,0.8,2026-09-20T06:48:19.193008+00:00
2062,540803072,2.5025,0.000575,0.281,0.8,2026-09-20T06:48:19.972415+00:00
2063,541065216,2.4883,0.000575,0.457,0.8,2026-09-20T06:48:20.752147+00:00
2064,541327360,2.5366,0.000575,0.365,0.8,2026-09-20T06:48:21.532598+00:00
2065,541589504,2.5134,0.000575,0.243,0.8,2026-09-20T06:48:22.312613+00:00
2066,541851648,2.4474,0.000574,0.227,0.8,2026-09-20T06:48:23.094716+00:00
2067,542113792,2.533,0.000574,0.241,0.8,2026-09-20T06:48:23.876926+00:00
2068,542375936,2.4506,0.000574,0.243,0.8,2026-09-20T06:48:24.656362+00:00
2069,542638080,2.5244,0.000574,0.373,0.8,2026-09-20T06:48:25.437525+00:00
2070,542900224,2.5065,0.000574,0.236,0.8,2026-09-20T06:48:26.220006+00:00
2071,543162368,2.4318,0.000574,0.463,0.8,2026-09-20T06:48:26.999041+00:00
2072,543424512,2.4819,0.000574,0.258,0.8,2026-09-20T06:48:27.779386+00:00
2073,543686656,2.4453,0.000574,0.215,0.8,2026-09-20T06:48:28.560669+00:00
2074,543948800,2.4799,0.000574,0.257,0.8,2026-09-20T06:48:29.339605+00:00
2075,544210944,2.4981,0.000574,0.214,0.8,2026-09-20T06:48:30.117330+00:00
2076,544473088,2.4898,0.000574,0.301,0.8,2026-09-20T06:48:30.898559+00:00
2077,544735232,2.5242,0.000574,0.53,0.8,2026-09-20T06:48:31.679743+00:00
2078,544997376,2.4671,0.000574,0.417,0.8,2026-09-20T06:48:32.461188+00:00
2079,545259520,2.5576,0.000574,0.28,0.8,2026-09-20T06:48:33.245937+00:00
2080,545521664,2.5049,0.000574,0.375,0.8,2026-09-20T06:48:34.025978+00:00
2081,545783808,2.4648,0.000574,0.316,0.8,2026-09-20T06:48:34.810718+00:00
2082,546045952,2.4893,0.000574,0.403,0.8,2026-09-20T06:48:35.591535+00:00
2083,546308096,2.4297,0.000574,0.262,0.8,2026-09-20T06:48:36.370162+00:00
2084,546570240,2.5191,0.000574,0.393,0.8,2026-09-20T06:48:37.148371+00:00
2085,546832384,2.4462,0.000574,0.345,0.8,2026-09-20T06:48:37.929582+00:00
2086,547094528,2.4995,0.000574,0.277,0.8,2026-09-20T06:48:38.711509+00:00
2087,547356672,2.4836,0.000574,0.353,0.8,2026-09-20T06:48:39.492525+00:00
2088,547618816,2.509,0.000574,0.294,0.8,2026-09-20T06:48:40.271738+00:00
2089,547880960,2.5342,0.000574,0.304,0.8,2026-09-20T06:48:41.050269+00:00
2090,548143104,2.4291,0.000574,0.361,0.8,2026-09-20T06:48:41.830485+00:00
2091,548405248,2.5335,0.000574,0.318,0.8,2026-09-20T06:48:42.612917+00:00
2092,548667392,2.4197,0.000574,0.305,0.8,2026-09-20T06:48:43.392887+00:00
2093,548929536,2.5043,0.000574,0.249,0.8,2026-09-20T06:48:44.171145+00:00
2094,549191680,2.5363,0.000574,0.238,0.8,2026-09-20T06:48:44.949349+00:00
2095,549453824,2.4269,0.000574,0.956,0.8,2026-09-20T06:48:45.728318+00:00
2096,549715968,2.4153,0.000573,0.322,0.8,2026-09-20T06:48:46.507632+00:00
2097,549978112,2.5352,0.000573,0.311,0.8,2026-09-20T06:48:47.286608+00:00
2098,550240256,2.4658,0.000573,0.253,0.8,2026-09-20T06:48:48.065203+00:00
2099,550502400,2.5067,0.000573,0.344,0.8,2026-09-20T06:48:48.843757+00:00
2100,550764544,2.4772,0.000573,0.385,0.8,2026-09-20T06:48:49.624178+00:00
2101,551026688,2.5216,0.000573,0.252,0.8,2026-09-20T06:48:50.403036+00:00
2102,551288832,2.5423,0.000573,0.264,0.8,2026-09-20T06:48:51.181584+00:00
2103,551550976,2.4332,0.000573,0.234,0.8,2026-09-20T06:48:51.960340+00:00
2104,551813120,2.5404,0.000573,0.291,0.8,2026-09-20T06:48:52.739626+00:00
2105,552075264,2.4667,0.000573,0.226,0.8,2026-09-20T06:48:53.519594+00:00
2106,552337408,2.52,0.000573,0.248,0.8,2026-09-20T06:48:54.301690+00:00
2107,552599552,2.4604,0.000573,0.339,0.8,2026-09-20T06:48:55.080406+00:00
2108,552861696,2.4695,0.000573,0.27,0.8,2026-09-20T06:48:55.860940+00:00
2109,553123840,2.5732,0.000573,0.217,0.8,2026-09-20T06:48:56.641090+00:00
2110,553385984,2.488,0.000573,0.462,0.8,2026-09-20T06:48:57.420618+00:00
2111,553648128,2.4071,0.000573,0.236,0.8,2026-09-20T06:48:58.200420+00:00
2112,553910272,2.4558,0.000573,0.224,0.8,2026-09-20T06:48:58.982969+00:00
2113,554172416,2.4458,0.000573,0.28,0.8,2026-09-20T06:48:59.762280+00:00
2114,554434560,2.5232,0.000573,0.311,0.8,2026-09-20T06:49:00.541443+00:00
2115,554696704,2.5428,0.000573,0.251,0.8,2026-09-20T06:49:01.319355+00:00
2116,554958848,2.4456,0.000573,0.24,0.8,2026-09-20T06:49:02.100361+00:00
2117,555220992,2.4412,0.000573,0.294,0.8,2026-09-20T06:49:02.880262+00:00
2118,555483136,2.5159,0.000573,0.213,0.8,2026-09-20T06:49:03.659706+00:00
2119,555745280,2.4447,0.000573,0.242,0.8,2026-09-20T06:49:04.439039+00:00
2120,556007424,2.4271,0.000573,0.233,0.8,2026-09-20T06:49:05.219297+00:00
2121,556269568,2.5364,0.000573,0.3,0.8,2026-09-20T06:49:05.998053+00:00
2122,556531712,2.5092,0.000573,0.286,0.8,2026-09-20T06:49:06.776418+00:00
2123,556793856,2.4327,0.000573,0.289,0.8,2026-09-20T06:49:07.556047+00:00
2124,557056000,2.4988,0.000573,0.337,0.8,2026-09-20T06:49:08.335971+00:00
2125,557318144,2.4761,0.000572,0.312,0.8,2026-09-20T06:49:09.115732+00:00
2126,557580288,2.5228,0.000572,0.288,0.8,2026-09-20T06:49:09.894777+00:00
2127,557842432,2.4311,0.000572,0.221,0.8,2026-09-20T06:49:10.676973+00:00
2128,558104576,2.4988,0.000572,0.25,0.8,2026-09-20T06:49:11.457825+00:00
2129,558366720,2.4676,0.000572,0.304,0.8,2026-09-20T06:49:12.239405+00:00
2130,558628864,2.4652,0.000572,0.231,0.8,2026-09-20T06:49:13.023020+00:00
2131,558891008,2.499,0.000572,0.299,0.8,2026-09-20T06:49:13.805965+00:00
2132,559153152,2.528,0.000572,0.39,0.8,2026-09-20T06:49:14.584623+00:00
2133,559415296,2.4214,0.000572,0.254,0.8,2026-09-20T06:49:15.363032+00:00
2134,559677440,2.4959,0.000572,0.392,0.8,2026-09-20T06:49:16.142722+00:00
2135,559939584,2.513,0.000572,0.251,0.8,2026-09-20T06:49:16.921168+00:00
2136,560201728,2.5599,0.000572,0.254,0.8,2026-09-20T06:49:17.700824+00:00
2137,560463872,2.4741,0.000572,0.35,0.8,2026-09-20T06:49:18.478453+00:00
2138,560726016,2.5139,0.000572,0.273,0.8,2026-09-20T06:49:19.256982+00:00
2139,560988160,2.4558,0.000572,0.271,0.8,2026-09-20T06:49:20.038076+00:00
2140,561250304,2.5292,0.000572,0.3,0.8,2026-09-20T06:49:20.817673+00:00
2141,561512448,2.5005,0.000572,0.326,0.8,2026-09-20T06:49:21.596421+00:00
2142,561774592,2.5139,0.000572,0.474,0.8,2026-09-20T06:49:22.375554+00:00
2143,562036736,2.4736,0.000572,0.367,0.8,2026-09-20T06:49:23.154452+00:00
2144,562298880,2.5312,0.000572,0.363,0.8,2026-09-20T06:49:23.933290+00:00
2145,562561024,2.4397,0.000572,0.278,0.8,2026-09-20T06:49:24.712564+00:00
2146,562823168,2.4803,0.000572,0.292,0.8,2026-09-20T06:49:25.490380+00:00
2147,563085312,2.5389,0.000572,0.297,0.8,2026-09-20T06:49:26.268731+00:00
2148,563347456,2.5152,0.000572,0.253,0.8,2026-09-20T06:49:27.048853+00:00
2149,563609600,2.4343,0.000572,0.417,0.8,2026-09-20T06:49:27.828300+00:00
2150,563871744,2.4984,0.000572,0.239,0.8,2026-09-20T06:49:28.606702+00:00
2151,564133888,2.4844,0.000572,0.391,0.8,2026-09-20T06:49:29.384898+00:00
2152,564396032,2.4703,0.000572,0.265,0.8,2026-09-20T06:49:30.162514+00:00
2153,564658176,2.4642,0.000571,0.246,0.8,2026-09-20T06:49:30.943195+00:00
2154,564920320,2.4789,0.000571,0.262,0.8,2026-09-20T06:49:31.722539+00:00
2155,565182464,2.4576,0.000571,0.267,0.8,2026-09-20T06:49:32.502884+00:00
2156,565444608,2.4598,0.000571,0.899,0.8,2026-09-20T06:49:33.281336+00:00
2157,565706752,2.4924,0.000571,0.273,0.8,2026-09-20T06:49:34.060353+00:00
2158,565968896,2.5235,0.000571,0.31,0.8,2026-09-20T06:49:34.838826+00:00
2159,566231040,2.5425,0.000571,0.236,0.8,2026-09-20T06:49:35.618186+00:00
2160,566493184,2.5701,0.000571,0.292,0.8,2026-09-20T06:49:36.395942+00:00
2161,566755328,2.4553,0.000571,0.236,0.8,2026-09-20T06:49:37.177076+00:00
2162,567017472,2.4991,0.000571,0.298,0.8,2026-09-20T06:49:37.956551+00:00
2163,567279616,2.4635,0.000571,0.27,0.8,2026-09-20T06:49:38.734834+00:00
2164,567541760,2.4904,0.000571,0.252,0.8,2026-09-20T06:49:39.512967+00:00
2165,567803904,2.4591,0.000571,0.25,0.8,2026-09-20T06:49:40.291381+00:00
2166,568066048,2.4349,0.000571,0.251,0.8,2026-09-20T06:49:41.070518+00:00
2167,568328192,2.5113,0.000571,0.272,0.8,2026-09-20T06:49:41.849192+00:00
2168,568590336,2.5087,0.000571,0.343,0.8,2026-09-20T06:49:42.627530+00:00
2169,568852480,2.4622,0.000571,0.27,0.8,2026-09-20T06:49:43.405932+00:00
2170,569114624,2.4257,0.000571,0.337,0.8,2026-09-20T06:49:44.184318+00:00
2171,569376768,2.4888,0.000571,0.266,0.8,2026-09-20T06:49:44.962446+00:00
2172,569638912,2.4633,0.000571,0.374,0.8,2026-09-20T06:49:45.741174+00:00
2173,569901056,2.4835,0.000571,0.301,0.8,2026-09-20T06:49:46.519967+00:00
2174,570163200,2.4642,0.000571,0.23,0.8,2026-09-20T06:49:47.299095+00:00
2175,570425344,2.4857,0.000571,0.253,0.8,2026-09-20T06:49:48.077165+00:00
2176,570687488,2.495,0.000571,0.295,0.8,2026-09-20T06:49:48.855335+00:00
2177,570949632,2.4791,0.000571,0.292,0.8,2026-09-20T06:49:49.634940+00:00
2178,571211776,2.4877,0.000571,0.413,0.8,2026-09-20T06:49:50.415253+00:00
2179,571473920,2.4524,0.000571,0.311,0.8,2026-09-20T06:49:51.195671+00:00
2180,571736064,2.4493,0.000571,0.342,0.8,2026-09-20T06:49:51.974216+00:00
2181,571998208,2.5155,0.000571,0.293,0.8,2026-09-20T06:49:52.751897+00:00
2182,572260352,2.4406,0.00057,0.303,0.8,2026-09-20T06:49:53.531075+00:00
2183,572522496,2.4568,0.00057,0.303,0.8,2026-09-20T06:49:54.310394+00:00
2184,572784640,2.4837,0.00057,0.31,0.8,2026-09-20T06:49:55.090365+00:00
2185,573046784,2.4772,0.00057,0.316,0.8,2026-09-20T06:49:55.868550+00:00
2186,573308928,2.5359,0.00057,0.247,0.8,2026-09-20T06:49:56.647214+00:00
2187,573571072,2.4652,0.00057,0.217,0.8,2026-09-20T06:49:57.425594+00:00
2188,573833216,2.4954,0.00057,0.296,0.8,2026-09-20T06:49:58.207046+00:00
2189,574095360,2.4711,0.00057,1.224,0.8,2026-09-20T06:49:58.987193+00:00
2190,574357504,2.5216,0.00057,0.28,0.8,2026-09-20T06:49:59.766932+00:00
2191,574619648,2.4769,0.00057,0.369,0.8,2026-09-20T06:50:00.544829+00:00
2192,574881792,2.4653,0.00057,0.707,0.8,2026-09-20T06:50:01.324868+00:00
2193,575143936,2.4758,0.00057,0.396,0.8,2026-09-20T06:50:02.103851+00:00
2194,575406080,2.4575,0.00057,0.397,0.8,2026-09-20T06:50:02.881774+00:00
2195,575668224,2.4709,0.00057,0.509,0.8,2026-09-20T06:50:03.660525+00:00
2196,575930368,2.5047,0.00057,0.417,0.8,2026-09-20T06:50:04.439143+00:00
2197,576192512,2.5303,0.00057,0.355,0.8,2026-09-20T06:50:05.218383+00:00
2198,576454656,2.4859,0.00057,0.342,0.8,2026-09-20T06:50:05.997199+00:00
2199,576716800,2.4545,0.00057,0.364,0.8,2026-09-20T06:50:06.775397+00:00
2200,576978944,2.4039,0.00057,0.264,0.8,2026-09-20T06:50:07.554559+00:00
2201,577241088,2.4791,0.00057,0.294,0.8,2026-09-20T06:50:08.334582+00:00
2202,577503232,2.4901,0.00057,0.231,0.8,2026-09-20T06:50:09.113215+00:00
2203,577765376,2.5055,0.00057,0.318,0.8,2026-09-20T06:50:09.891448+00:00
2204,578027520,2.5061,0.00057,0.244,0.8,2026-09-20T06:50:10.670105+00:00
2205,578289664,2.4569,0.00057,0.212,0.8,2026-09-20T06:50:11.447850+00:00
2206,578551808,2.4883,0.00057,0.251,0.8,2026-09-20T06:50:12.235134+00:00
2207,578813952,2.4486,0.00057,0.199,0.8,2026-09-20T06:50:13.013448+00:00
2208,579076096,2.4573,0.00057,0.239,0.8,2026-09-20T06:50:13.794141+00:00
2209,579338240,2.5129,0.000569,0.263,0.8,2026-09-20T06:50:14.573263+00:00
2210,579600384,2.4545,0.000569,0.205,0.8,2026-09-20T06:50:15.352003+00:00
2211,579862528,2.4705,0.000569,0.299,0.8,2026-09-20T06:50:16.129940+00:00
2212,580124672,2.5178,0.000569,0.255,0.8,2026-09-20T06:50:16.909005+00:00
2213,580386816,2.4965,0.000569,0.251,0.8,2026-09-20T06:50:17.687456+00:00
2214,580648960,2.4844,0.000569,0.528,0.8,2026-09-20T06:50:18.465455+00:00
2215,580911104,2.4444,0.000569,0.357,0.8,2026-09-20T06:50:19.243954+00:00
2216,581173248,2.4586,0.000569,0.282,0.8,2026-09-20T06:50:20.024156+00:00
2217,581435392,2.4802,0.000569,0.346,0.8,2026-09-20T06:50:20.802342+00:00
2218,581697536,2.4829,0.000569,0.256,0.8,2026-09-20T06:50:21.582887+00:00
2219,581959680,2.4076,0.000569,0.295,0.8,2026-09-20T06:50:22.361635+00:00
2220,582221824,2.5045,0.000569,0.246,0.8,2026-09-20T06:50:23.141138+00:00
2221,582483968,2.4143,0.000569,0.782,0.8,2026-09-20T06:50:23.918772+00:00
2222,582746112,2.4928,0.000569,0.261,0.8,2026-09-20T06:50:24.698147+00:00
2223,583008256,2.5046,0.000569,0.229,0.8,2026-09-20T06:50:25.478392+00:00
2224,583270400,2.4559,0.000569,0.284,0.8,2026-09-20T06:50:26.265743+00:00
2225,583532544,2.4308,0.000569,0.264,0.8,2026-09-20T06:50:27.056807+00:00
2226,583794688,2.5278,0.000569,0.296,0.8,2026-09-20T06:50:27.848199+00:00
2227,584056832,2.4308,0.000569,0.261,0.8,2026-09-20T06:50:28.640281+00:00
2228,584318976,2.463,0.000569,0.738,0.8,2026-09-20T06:50:29.433481+00:00
2229,584581120,2.4816,0.000569,0.318,0.8,2026-09-20T06:50:30.222314+00:00
2230,584843264,2.4994,0.000569,0.266,0.8,2026-09-20T06:50:31.014268+00:00
2231,585105408,2.5042,0.000569,0.291,0.8,2026-09-20T06:50:31.806478+00:00
2232,585367552,2.4863,0.000569,0.304,0.8,2026-09-20T06:50:32.597332+00:00
2233,585629696,2.4055,0.000569,0.234,0.8,2026-09-20T06:50:33.387207+00:00
2234,585891840,2.4746,0.000569,0.264,0.8,2026-09-20T06:50:34.178372+00:00
2235,586153984,2.4956,0.000569,0.225,0.8,2026-09-20T06:50:34.973543+00:00
2236,586416128,2.4437,0.000569,0.423,0.8,2026-09-20T06:50:35.766491+00:00
2237,586678272,2.4868,0.000568,0.267,0.8,2026-09-20T06:50:36.557735+00:00
2238,586940416,2.4944,0.000568,0.401,0.8,2026-09-20T06:50:37.350506+00:00
2239,587202560,2.3594,0.000568,0.36,0.8,2026-09-20T06:50:38.140376+00:00
2240,587464704,2.5563,0.000568,0.273,0.8,2026-09-20T06:50:38.928878+00:00
2241,587726848,2.4447,0.000568,0.294,0.8,2026-09-20T06:50:39.715065+00:00
2242,587988992,2.4172,0.000568,0.275,0.8,2026-09-20T06:50:40.504343+00:00
2243,588251136,2.4616,0.000568,0.25,0.8,2026-09-20T06:50:41.291741+00:00
2244,588513280,2.4527,0.000568,0.217,0.8,2026-09-20T06:50:42.080440+00:00
2245,588775424,2.4044,0.000568,0.193,0.8,2026-09-20T06:50:42.868600+00:00
2246,589037568,2.4562,0.000568,0.229,0.8,2026-09-20T06:50:43.654998+00:00
2247,589299712,2.4318,0.000568,0.278,0.8,2026-09-20T06:50:44.443111+00:00
2248,589561856,2.4635,0.000568,0.207,0.8,2026-09-20T06:50:45.224811+00:00
2249,589824000,2.455,0.000568,0.242,0.8,2026-09-20T06:50:46.007029+00:00
2250,590086144,2.4141,0.000568,0.273,0.8,2026-09-20T06:51:02.059835+00:00
2251,590348288,2.5087,0.000568,0.451,0.8,2026-09-20T06:51:02.839548+00:00
2252,590610432,2.5118,0.000568,0.334,0.8,2026-09-20T06:51:03.633835+00:00
2253,590872576,2.4789,0.000568,0.247,0.8,2026-09-20T06:51:04.434483+00:00
2254,591134720,2.4696,0.000568,0.251,0.8,2026-09-20T06:51:05.217552+00:00
2255,591396864,2.4089,0.000568,0.255,0.8,2026-09-20T06:51:05.999459+00:00
2256,591659008,2.5103,0.000568,0.237,0.8,2026-09-20T06:51:06.782684+00:00
2257,591921152,2.5258,0.000568,0.31,0.8,2026-09-20T06:51:07.563872+00:00
2258,592183296,2.4309,0.000568,0.206,0.8,2026-09-20T06:51:08.351202+00:00
2259,592445440,2.4758,0.000568,0.567,0.8,2026-09-20T06:51:09.135227+00:00
2260,592707584,2.4537,0.000568,0.284,0.8,2026-09-20T06:51:09.915886+00:00
2261,592969728,2.4922,0.000568,0.314,0.8,2026-09-20T06:51:10.694324+00:00
2262,593231872,2.4937,0.000568,0.295,0.8,2026-09-20T06:51:11.475410+00:00
2263,593494016,2.4659,0.000567,0.259,0.8,2026-09-20T06:51:12.255306+00:00
2264,593756160,2.5232,0.000567,0.252,0.8,2026-09-20T06:51:13.035256+00:00
2265,594018304,2.4968,0.000567,0.259,0.8,2026-09-20T06:51:13.816140+00:00
2266,594280448,2.5211,0.000567,0.23,0.8,2026-09-20T06:51:14.598646+00:00
2267,594542592,2.515,0.000567,0.285,0.8,2026-09-20T06:51:15.379003+00:00
2268,594804736,2.4686,0.000567,0.417,0.8,2026-09-20T06:51:16.158243+00:00
2269,595066880,2.449,0.000567,0.229,0.8,2026-09-20T06:51:16.939379+00:00
2270,595329024,2.3966,0.000567,0.263,0.8,2026-09-20T06:51:17.721560+00:00
2271,595591168,2.4196,0.000567,0.268,0.8,2026-09-20T06:51:18.501865+00:00
2272,595853312,2.4489,0.000567,0.211,0.8,2026-09-20T06:51:19.283120+00:00
2273,596115456,2.5447,0.000567,0.324,0.8,2026-09-20T06:51:20.064547+00:00
2274,596377600,2.4117,0.000567,0.336,0.8,2026-09-20T06:51:20.845196+00:00
2275,596639744,2.493,0.000567,0.258,0.8,2026-09-20T06:51:21.627475+00:00
2276,596901888,2.5041,0.000567,0.355,0.8,2026-09-20T06:51:22.408936+00:00
2277,597164032,2.4025,0.000567,0.305,0.8,2026-09-20T06:51:23.189854+00:00
2278,597426176,2.4453,0.000567,0.292,0.8,2026-09-20T06:51:23.973293+00:00
2279,597688320,2.3819,0.000567,0.419,0.8,2026-09-20T06:51:24.753298+00:00
2280,597950464,2.4672,0.000567,0.314,0.8,2026-09-20T06:51:25.533954+00:00
2281,598212608,2.4285,0.000567,0.286,0.8,2026-09-20T06:51:26.313742+00:00
2282,598474752,2.4871,0.000567,0.342,0.8,2026-09-20T06:51:27.092393+00:00
2283,598736896,2.5011,0.000567,0.273,0.8,2026-09-20T06:51:27.872019+00:00
2284,598999040,2.4623,0.000567,0.307,0.8,2026-09-20T06:51:28.650699+00:00
2285,599261184,2.4421,0.000567,0.323,0.8,2026-09-20T06:51:29.429407+00:00
2286,599523328,2.455,0.000567,0.289,0.8,2026-09-20T06:51:30.207577+00:00
2287,599785472,2.4618,0.000567,0.467,0.8,2026-09-20T06:51:30.985469+00:00
2288,600047616,2.4319,0.000567,0.272,0.8,2026-09-20T06:51:31.764590+00:00
2289,600309760,2.3868,0.000567,0.5,0.8,2026-09-20T06:51:32.543162+00:00
2290,600571904,2.4482,0.000566,0.263,0.8,2026-09-20T06:51:33.323396+00:00
2291,600834048,2.4491,0.000566,0.296,0.8,2026-09-20T06:51:34.102583+00:00
2292,601096192,2.4792,0.000566,0.46,0.8,2026-09-20T06:51:34.884224+00:00
2293,601358336,2.4645,0.000566,0.277,0.8,2026-09-20T06:51:35.662448+00:00
2294,601620480,2.3913,0.000566,0.307,0.8,2026-09-20T06:51:36.441370+00:00
2295,601882624,2.4805,0.000566,0.235,0.8,2026-09-20T06:51:37.220197+00:00
2296,602144768,2.3737,0.000566,0.349,0.8,2026-09-20T06:51:37.999927+00:00
2297,602406912,2.42,0.000566,0.27,0.8,2026-09-20T06:51:38.778189+00:00
2298,602669056,2.4803,0.000566,0.209,0.8,2026-09-20T06:51:39.556136+00:00
2299,602931200,2.4649,0.000566,0.235,0.8,2026-09-20T06:51:40.333535+00:00
2300,603193344,2.4822,0.000566,0.229,0.8,2026-09-20T06:51:41.112709+00:00
2301,603455488,2.5257,0.000566,0.22,0.8,2026-09-20T06:51:41.890830+00:00
2302,603717632,2.5031,0.000566,0.215,0.8,2026-09-20T06:51:42.670405+00:00
2303,603979776,2.4064,0.000566,0.311,0.8,2026-09-20T06:51:43.451953+00:00
2304,604241920,2.4519,0.000566,0.228,0.8,2026-09-20T06:51:44.237337+00:00
2305,604504064,2.4843,0.000566,0.25,0.8,2026-09-20T06:51:45.018942+00:00
2306,604766208,2.4404,0.000566,0.255,0.8,2026-09-20T06:51:45.799574+00:00
2307,605028352,2.4313,0.000566,0.254,0.8,2026-09-20T06:51:46.580280+00:00
2308,605290496,2.4757,0.000566,0.308,0.8,2026-09-20T06:51:47.360487+00:00
2309,605552640,2.4608,0.000566,0.253,0.8,2026-09-20T06:51:48.141290+00:00
2310,605814784,2.5044,0.000566,0.264,0.8,2026-09-20T06:51:48.922591+00:00
2311,606076928,2.4661,0.000566,0.218,0.8,2026-09-20T06:51:49.702711+00:00
2312,606339072,2.4543,0.000566,0.237,0.8,2026-09-20T06:51:50.483173+00:00
2313,606601216,2.45,0.000566,0.211,0.8,2026-09-20T06:51:51.264850+00:00
2314,606863360,2.4003,0.000566,0.212,0.8,2026-09-20T06:51:52.046526+00:00
2315,607125504,2.4197,0.000566,0.264,0.8,2026-09-20T06:51:52.827748+00:00
2316,607387648,2.4317,0.000565,0.236,0.8,2026-09-20T06:51:53.610001+00:00
2317,607649792,2.4744,0.000565,0.242,0.8,2026-09-20T06:51:54.391299+00:00
2318,607911936,2.5146,0.000565,0.316,0.8,2026-09-20T06:51:55.174723+00:00
2319,608174080,2.4658,0.000565,0.249,0.8,2026-09-20T06:51:55.965940+00:00
2320,608436224,2.4878,0.000565,0.29,0.8,2026-09-20T06:51:56.753310+00:00
2321,608698368,2.45,0.000565,0.268,0.8,2026-09-20T06:51:57.537544+00:00
2322,608960512,2.4419,0.000565,0.262,0.8,2026-09-20T06:51:58.323981+00:00
2323,609222656,2.4627,0.000565,0.325,0.8,2026-09-20T06:51:59.107983+00:00
2324,609484800,2.4616,0.000565,0.273,0.8,2026-09-20T06:51:59.895118+00:00
2325,609746944,2.5034,0.000565,0.272,0.8,2026-09-20T06:52:00.684631+00:00
2326,610009088,2.46,0.000565,0.248,0.8,2026-09-20T06:52:01.471047+00:00
2327,610271232,2.4396,0.000565,0.26,0.8,2026-09-20T06:52:02.257962+00:00
2328,610533376,2.4739,0.000565,0.438,0.8,2026-09-20T06:52:03.043205+00:00
2329,610795520,2.4389,0.000565,0.274,0.8,2026-09-20T06:52:03.834064+00:00
2330,611057664,2.4974,0.000565,0.237,0.8,2026-09-20T06:52:04.620452+00:00
2331,611319808,2.3969,0.000565,0.268,0.8,2026-09-20T06:52:05.405973+00:00
2332,611581952,2.4624,0.000565,0.252,0.8,2026-09-20T06:52:06.194117+00:00
2333,611844096,2.5059,0.000565,0.255,0.8,2026-09-20T06:52:06.979822+00:00
2334,612106240,2.4602,0.000565,0.27,0.8,2026-09-20T06:52:07.766599+00:00
2335,612368384,2.4804,0.000565,0.206,0.8,2026-09-20T06:52:08.553614+00:00
2336,612630528,2.438,0.000565,0.547,0.8,2026-09-20T06:52:09.342338+00:00
2337,612892672,2.4665,0.000565,0.303,0.8,2026-09-20T06:52:10.127959+00:00
2338,613154816,2.3992,0.000565,0.218,0.8,2026-09-20T06:52:10.914518+00:00
2339,613416960,2.5184,0.000565,0.296,0.8,2026-09-20T06:52:11.699432+00:00
2340,613679104,2.4891,0.000565,0.301,0.8,2026-09-20T06:52:12.501221+00:00
2341,613941248,2.4695,0.000565,0.332,0.8,2026-09-20T06:52:13.293169+00:00
2342,614203392,2.3927,0.000564,0.332,0.8,2026-09-20T06:52:14.080564+00:00
2343,614465536,2.5137,0.000564,0.455,0.8,2026-09-20T06:52:14.870081+00:00
2344,614727680,2.4646,0.000564,0.306,0.8,2026-09-20T06:52:15.656807+00:00
2345,614989824,2.4439,0.000564,0.302,0.8,2026-09-20T06:52:16.451936+00:00
2346,615251968,2.4441,0.000564,0.278,0.8,2026-09-20T06:52:17.245973+00:00
2347,615514112,2.4892,0.000564,0.197,0.8,2026-09-20T06:52:18.035120+00:00
2348,615776256,2.4833,0.000564,0.422,0.8,2026-09-20T06:52:18.823256+00:00
2349,616038400,2.4996,0.000564,0.389,0.8,2026-09-20T06:52:19.611555+00:00
2350,616300544,2.4257,0.000564,0.23,0.8,2026-09-20T06:52:20.401209+00:00
2351,616562688,2.4449,0.000564,0.568,0.8,2026-09-20T06:52:21.192189+00:00
2352,616824832,2.3603,0.000564,0.374,0.8,2026-09-20T06:52:21.985860+00:00
2353,617086976,2.3881,0.000564,0.295,0.8,2026-09-20T06:52:22.781393+00:00
2354,617349120,2.4728,0.000564,0.342,0.8,2026-09-20T06:52:23.574846+00:00
2355,617611264,2.4281,0.000564,0.235,0.8,2026-09-20T06:52:24.371568+00:00
2356,617873408,2.4346,0.000564,0.275,0.8,2026-09-20T06:52:25.166628+00:00
2357,618135552,2.4822,0.000564,0.24,0.8,2026-09-20T06:52:25.954468+00:00
2358,618397696,2.4778,0.000564,0.234,0.8,2026-09-20T06:52:26.750508+00:00
2359,618659840,2.5426,0.000564,0.23,0.8,2026-09-20T06:52:27.547486+00:00
2360,618921984,2.39,0.000564,0.244,0.8,2026-09-20T06:52:28.339717+00:00
2361,619184128,2.4464,0.000564,0.281,0.8,2026-09-20T06:52:29.130951+00:00
2362,619446272,2.3859,0.000564,0.319,0.8,2026-09-20T06:52:29.927799+00:00
2363,619708416,2.4215,0.000564,0.212,0.8,2026-09-20T06:52:30.723212+00:00
2364,619970560,2.4641,0.000564,0.253,0.8,2026-09-20T06:52:31.516943+00:00
2365,620232704,2.3824,0.000564,0.292,0.8,2026-09-20T06:52:32.310302+00:00
2366,620494848,2.4535,0.000564,0.235,0.8,2026-09-20T06:52:33.097306+00:00
2367,620756992,2.4571,0.000563,0.296,0.8,2026-09-20T06:52:33.890854+00:00
2368,621019136,2.3888,0.000563,0.224,0.8,2026-09-20T06:52:34.685141+00:00
2369,621281280,2.4189,0.000563,0.265,0.8,2026-09-20T06:52:35.476200+00:00
2370,621543424,2.3956,0.000563,0.223,0.8,2026-09-20T06:52:36.272421+00:00
2371,621805568,2.4542,0.000563,0.23,0.8,2026-09-20T06:52:37.066153+00:00
2372,622067712,2.4392,0.000563,0.221,0.8,2026-09-20T06:52:37.859940+00:00
2373,622329856,2.4961,0.000563,0.234,0.8,2026-09-20T06:52:38.661127+00:00
2374,622592000,2.4568,0.000563,0.25,0.8,2026-09-20T06:52:39.449521+00:00
2375,622854144,2.4596,0.000563,0.45,0.8,2026-09-20T06:52:40.242609+00:00
2376,623116288,2.4749,0.000563,0.348,0.8,2026-09-20T06:52:41.039026+00:00
2377,623378432,2.4786,0.000563,0.326,0.8,2026-09-20T06:52:41.828179+00:00
2378,623640576,2.3965,0.000563,0.318,0.8,2026-09-20T06:52:42.625003+00:00
2379,623902720,2.3917,0.000563,0.529,0.8,2026-09-20T06:52:43.421742+00:00
2380,624164864,2.4803,0.000563,0.618,0.8,2026-09-20T06:52:44.217042+00:00
2381,624427008,2.4032,0.000563,0.537,0.8,2026-09-20T06:52:45.008216+00:00
2382,624689152,2.4893,0.000563,0.309,0.8,2026-09-20T06:52:45.800305+00:00
2383,624951296,2.4778,0.000563,0.364,0.8,2026-09-20T06:52:46.589669+00:00
2384,625213440,2.4616,0.000563,0.717,0.8,2026-09-20T06:52:47.384584+00:00
2385,625475584,2.5044,0.000563,0.322,0.8,2026-09-20T06:52:48.190408+00:00
2386,625737728,2.4722,0.000563,0.256,0.8,2026-09-20T06:52:48.988432+00:00
2387,625999872,2.4778,0.000563,0.246,0.8,2026-09-20T06:52:49.785356+00:00
2388,626262016,2.3952,0.000563,0.517,0.8,2026-09-20T06:52:50.577362+00:00
2389,626524160,2.4826,0.000563,0.302,0.8,2026-09-20T06:52:51.363298+00:00
2390,626786304,2.4308,0.000563,0.263,0.8,2026-09-20T06:52:52.154088+00:00
2391,627048448,2.4663,0.000563,0.296,0.8,2026-09-20T06:52:52.945254+00:00
2392,627310592,2.4727,0.000562,0.364,0.8,2026-09-20T06:52:53.740558+00:00
2393,627572736,2.4214,0.000562,0.25,0.8,2026-09-20T06:52:54.524973+00:00
2394,627834880,2.5224,0.000562,0.234,0.8,2026-09-20T06:52:55.313679+00:00
2395,628097024,2.4367,0.000562,0.225,0.8,2026-09-20T06:52:56.103157+00:00
2396,628359168,2.4603,0.000562,0.202,0.8,2026-09-20T06:52:56.896805+00:00
2397,628621312,2.4542,0.000562,0.241,0.8,2026-09-20T06:52:57.696611+00:00
2398,628883456,2.4308,0.000562,0.409,0.8,2026-09-20T06:52:58.490840+00:00
2399,629145600,2.4678,0.000562,0.274,0.8,2026-09-20T06:52:59.281313+00:00
2400,629407744,2.4713,0.000562,0.3,0.8,2026-09-20T06:53:00.081214+00:00
2401,629669888,2.4822,0.000562,0.299,0.8,2026-09-20T06:53:00.880532+00:00
2402,629932032,2.3249,0.000562,0.321,0.8,2026-09-20T06:53:01.673667+00:00
2403,630194176,2.4142,0.000562,0.262,0.8,2026-09-20T06:53:02.479501+00:00
2404,630456320,2.5075,0.000562,0.225,0.8,2026-09-20T06:53:03.270824+00:00
2405,630718464,2.4283,0.000562,0.341,0.8,2026-09-20T06:53:04.070930+00:00
2406,630980608,2.5169,0.000562,0.252,0.8,2026-09-20T06:53:04.865814+00:00
2407,631242752,2.4552,0.000562,0.323,0.8,2026-09-20T06:53:05.663796+00:00
2408,631504896,2.4375,0.000562,0.205,0.8,2026-09-20T06:53:06.473023+00:00
2409,631767040,2.4625,0.000562,0.223,0.8,2026-09-20T06:53:07.267874+00:00
2410,632029184,2.3859,0.000562,0.221,0.8,2026-09-20T06:53:08.057087+00:00
2411,632291328,2.4835,0.000562,0.209,0.8,2026-09-20T06:53:08.859370+00:00
2412,632553472,2.4885,0.000562,0.204,0.8,2026-09-20T06:53:09.653716+00:00
2413,632815616,2.4419,0.000562,0.217,0.8,2026-09-20T06:53:10.456429+00:00
2414,633077760,2.4739,0.000562,0.409,0.8,2026-09-20T06:53:11.250311+00:00
2415,633339904,2.3941,0.000562,0.222,0.8,2026-09-20T06:53:12.054363+00:00
2416,633602048,2.4188,0.000562,0.31,0.8,2026-09-20T06:53:12.849313+00:00
2417,633864192,2.4402,0.000561,0.237,0.8,2026-09-20T06:53:13.637175+00:00
2418,634126336,2.5041,0.000561,0.317,0.8,2026-09-20T06:53:14.423305+00:00
2419,634388480,2.4211,0.000561,0.266,0.8,2026-09-20T06:53:15.211857+00:00
2420,634650624,2.3499,0.000561,0.849,0.8,2026-09-20T06:53:16.007416+00:00
2421,634912768,2.4677,0.000561,0.307,0.8,2026-09-20T06:53:16.800546+00:00
2422,635174912,2.456,0.000561,0.252,0.8,2026-09-20T06:53:17.594831+00:00
2423,635437056,2.4449,0.000561,0.33,0.8,2026-09-20T06:53:18.387559+00:00
2424,635699200,2.4723,0.000561,0.407,0.8,2026-09-20T06:53:19.183467+00:00
2425,635961344,2.4918,0.000561,0.382,0.8,2026-09-20T06:53:19.984385+00:00
2426,636223488,2.4317,0.000561,0.298,0.8,2026-09-20T06:53:20.787864+00:00
2427,636485632,2.473,0.000561,0.388,0.8,2026-09-20T06:53:21.570323+00:00
2428,636747776,2.4652,0.000561,0.309,0.8,2026-09-20T06:53:22.364864+00:00
2429,637009920,2.426,0.000561,0.493,0.8,2026-09-20T06:53:23.159126+00:00
2430,637272064,2.5149,0.000561,0.249,0.8,2026-09-20T06:53:23.951835+00:00
2431,637534208,2.458,0.000561,0.234,0.8,2026-09-20T06:53:24.742515+00:00
2432,637796352,2.4003,0.000561,0.625,0.8,2026-09-20T06:53:25.540572+00:00
2433,638058496,2.4283,0.000561,0.268,0.8,2026-09-20T06:53:26.329968+00:00
2434,638320640,2.4418,0.000561,0.238,0.8,2026-09-20T06:53:27.127240+00:00
2435,638582784,2.501,0.000561,0.224,0.8,2026-09-20T06:53:27.930430+00:00
2436,638844928,2.5025,0.000561,0.286,0.8,2026-09-20T06:53:28.722059+00:00
2437,639107072,2.4635,0.000561,0.273,0.8,2026-09-20T06:53:29.520948+00:00
2438,639369216,2.4511,0.000561,0.313,0.8,2026-09-20T06:53:30.310558+00:00
2439,639631360,2.4704,0.000561,0.321,0.8,2026-09-20T06:53:31.103829+00:00
2440,639893504,2.4915,0.000561,0.221,0.8,2026-09-20T06:53:31.899360+00:00
2441,640155648,2.4394,0.00056,0.324,0.8,2026-09-20T06:53:32.695952+00:00
2442,640417792,2.5066,0.00056,0.253,0.8,2026-09-20T06:53:33.487299+00:00
2443,640679936,2.4571,0.00056,0.434,0.8,2026-09-20T06:53:34.288650+00:00
2444,640942080,2.4438,0.00056,0.247,0.8,2026-09-20T06:53:35.080201+00:00
2445,641204224,2.484,0.00056,0.303,0.8,2026-09-20T06:53:35.858961+00:00
2446,641466368,2.4213,0.00056,0.347,0.8,2026-09-20T06:53:36.649169+00:00
2447,641728512,2.4098,0.00056,0.289,0.8,2026-09-20T06:53:37.436959+00:00
2448,641990656,2.4212,0.00056,0.39,0.8,2026-09-20T06:53:38.215952+00:00
2449,642252800,2.4464,0.00056,0.452,0.8,2026-09-20T06:53:39.012894+00:00
2450,642514944,2.4436,0.00056,0.284,0.8,2026-09-20T06:53:39.796898+00:00
2451,642777088,2.4785,0.00056,1.019,0.8,2026-09-20T06:53:40.585535+00:00
2452,643039232,2.4393,0.00056,0.276,0.8,2026-09-20T06:53:41.387156+00:00
2453,643301376,2.4551,0.00056,0.313,0.8,2026-09-20T06:53:42.167328+00:00
2454,643563520,2.4636,0.00056,0.727,0.8,2026-09-20T06:53:42.952341+00:00
2455,643825664,2.4872,0.00056,0.32,0.8,2026-09-20T06:53:43.740412+00:00
2456,644087808,2.4446,0.00056,0.672,0.8,2026-09-20T06:53:44.536793+00:00
2457,644349952,2.4221,0.00056,0.357,0.8,2026-09-20T06:53:45.327550+00:00
2458,644612096,2.4057,0.00056,0.353,0.8,2026-09-20T06:53:46.124132+00:00
2459,644874240,2.4485,0.00056,0.347,0.8,2026-09-20T06:53:46.909374+00:00
2460,645136384,2.4577,0.00056,0.331,0.8,2026-09-20T06:53:47.694124+00:00
2461,645398528,2.4696,0.00056,0.279,0.8,2026-09-20T06:53:48.480727+00:00
2462,645660672,2.4057,0.00056,0.297,0.8,2026-09-20T06:53:49.263920+00:00
2463,645922816,2.4824,0.00056,0.459,0.8,2026-09-20T06:53:50.050390+00:00
2464,646184960,2.448,0.00056,0.527,0.8,2026-09-20T06:53:50.833872+00:00
2465,646447104,2.4773,0.00056,0.365,0.8,2026-09-20T06:53:51.615058+00:00
2466,646709248,2.373,0.000559,0.266,0.8,2026-09-20T06:53:52.399613+00:00
2467,646971392,2.4442,0.000559,0.316,0.8,2026-09-20T06:53:53.185889+00:00
2468,647233536,2.4335,0.000559,0.336,0.8,2026-09-20T06:53:53.973271+00:00
2469,647495680,2.4126,0.000559,0.249,0.8,2026-09-20T06:53:54.759401+00:00
2470,647757824,2.4255,0.000559,0.243,0.8,2026-09-20T06:53:55.551325+00:00
2471,648019968,2.4737,0.000559,0.313,0.8,2026-09-20T06:53:56.371210+00:00
2472,648282112,2.4575,0.000559,0.245,0.8,2026-09-20T06:53:57.159672+00:00
2473,648544256,2.4381,0.000559,0.259,0.8,2026-09-20T06:53:57.954186+00:00
2474,648806400,2.3909,0.000559,0.317,0.8,2026-09-20T06:53:58.740590+00:00
2475,649068544,2.4445,0.000559,0.263,0.8,2026-09-20T06:53:59.520750+00:00
2476,649330688,2.4682,0.000559,0.317,0.8,2026-09-20T06:54:00.308367+00:00
2477,649592832,2.5451,0.000559,0.233,0.8,2026-09-20T06:54:01.091538+00:00
2478,649854976,2.4266,0.000559,0.208,0.8,2026-09-20T06:54:01.876814+00:00
2479,650117120,2.4394,0.000559,0.246,0.8,2026-09-20T06:54:02.665996+00:00
2480,650379264,2.3899,0.000559,0.279,0.8,2026-09-20T06:54:03.464797+00:00
2481,650641408,2.3922,0.000559,0.365,0.8,2026-09-20T06:54:04.257968+00:00
2482,650903552,2.476,0.000559,0.302,0.8,2026-09-20T06:54:05.042878+00:00
2483,651165696,2.4912,0.000559,0.226,0.8,2026-09-20T06:54:05.824627+00:00
2484,651427840,2.4986,0.000559,0.275,0.8,2026-09-20T06:54:06.608753+00:00
2485,651689984,2.3848,0.000559,0.317,0.8,2026-09-20T06:54:07.391643+00:00
2486,651952128,2.4493,0.000559,0.222,0.8,2026-09-20T06:54:08.177724+00:00
2487,652214272,2.4461,0.000559,0.347,0.8,2026-09-20T06:54:08.961872+00:00
2488,652476416,2.4455,0.000559,0.27,0.8,2026-09-20T06:54:09.744858+00:00
2489,652738560,2.4308,0.000559,0.351,0.8,2026-09-20T06:54:10.533693+00:00
2490,653000704,2.4305,0.000558,0.418,0.8,2026-09-20T06:54:11.314163+00:00
2491,653262848,2.5512,0.000558,0.373,0.8,2026-09-20T06:54:12.095928+00:00
2492,653524992,2.4535,0.000558,0.288,0.8,2026-09-20T06:54:12.889933+00:00
2493,653787136,2.4877,0.000558,0.239,0.8,2026-09-20T06:54:13.670816+00:00
2494,654049280,2.398,0.000558,0.239,0.8,2026-09-20T06:54:14.455940+00:00
2495,654311424,2.4313,0.000558,0.264,0.8,2026-09-20T06:54:15.240202+00:00
2496,654573568,2.5066,0.000558,0.246,0.8,2026-09-20T06:54:16.025174+00:00
2497,654835712,2.4134,0.000558,0.297,0.8,2026-09-20T06:54:16.810815+00:00
2498,655097856,2.4352,0.000558,0.252,0.8,2026-09-20T06:54:17.596386+00:00
2499,655360000,2.4218,0.000558,0.232,0.8,2026-09-20T06:54:18.382743+00:00
2500,655622144,2.4639,0.000558,0.523,0.8,2026-09-20T06:54:44.262001+00:00
2501,655884288,2.4567,0.000558,0.208,0.8,2026-09-20T06:54:45.047959+00:00
2502,656146432,2.3946,0.000558,0.27,0.8,2026-09-20T06:54:45.827325+00:00
2503,656408576,2.4534,0.000558,0.241,0.8,2026-09-20T06:54:46.612011+00:00
2504,656670720,2.4551,0.000558,0.202,0.8,2026-09-20T06:54:47.394693+00:00
2505,656932864,2.4045,0.000558,0.256,0.8,2026-09-20T06:54:48.176692+00:00
2506,657195008,2.4837,0.000558,0.219,0.8,2026-09-20T06:54:48.954172+00:00
2507,657457152,2.424,0.000558,0.211,0.8,2026-09-20T06:54:49.734319+00:00
2508,657719296,2.4184,0.000558,0.274,0.8,2026-09-20T06:54:50.514226+00:00
2509,657981440,2.4233,0.000558,0.333,0.8,2026-09-20T06:54:51.292261+00:00
2510,658243584,2.3721,0.000558,0.292,0.8,2026-09-20T06:54:52.076958+00:00
2511,658505728,2.3738,0.000558,0.309,0.8,2026-09-20T06:54:52.862925+00:00
2512,658767872,2.3922,0.000558,0.257,0.8,2026-09-20T06:54:53.650227+00:00
2513,659030016,2.4431,0.000557,0.236,0.8,2026-09-20T06:54:54.432939+00:00
2514,659292160,2.3795,0.000557,0.26,0.8,2026-09-20T06:54:55.215170+00:00
2515,659554304,2.4112,0.000557,0.219,0.8,2026-09-20T06:54:55.999024+00:00
2516,659816448,2.4324,0.000557,0.219,0.8,2026-09-20T06:54:56.787444+00:00
2517,660078592,2.4742,0.000557,0.346,0.8,2026-09-20T06:54:57.566009+00:00
2518,660340736,2.4813,0.000557,0.236,0.8,2026-09-20T06:54:58.356148+00:00
2519,660602880,2.4323,0.000557,0.242,0.8,2026-09-20T06:54:59.146655+00:00
2520,660865024,2.3778,0.000557,0.301,0.8,2026-09-20T06:54:59.928934+00:00
2521,661127168,2.4479,0.000557,0.324,0.8,2026-09-20T06:55:00.714186+00:00
2522,661389312,2.4657,0.000557,0.313,0.8,2026-09-20T06:55:01.512401+00:00
2523,661651456,2.4632,0.000557,0.317,0.8,2026-09-20T06:55:02.303943+00:00
2524,661913600,2.4099,0.000557,0.259,0.8,2026-09-20T06:55:03.092830+00:00
2525,662175744,2.4715,0.000557,0.298,0.8,2026-09-20T06:55:03.882408+00:00
2526,662437888,2.4933,0.000557,0.304,0.8,2026-09-20T06:55:04.671500+00:00
2527,662700032,2.454,0.000557,0.348,0.8,2026-09-20T06:55:05.457671+00:00
2528,662962176,2.4367,0.000557,0.23,0.8,2026-09-20T06:55:06.253155+00:00
2529,663224320,2.4339,0.000557,0.367,0.8,2026-09-20T06:55:07.053336+00:00
2530,663486464,2.4494,0.000557,0.251,0.8,2026-09-20T06:55:07.852787+00:00
2531,663748608,2.4195,0.000557,0.859,0.8,2026-09-20T06:55:08.652474+00:00
2532,664010752,2.4345,0.000557,0.397,0.8,2026-09-20T06:55:09.442857+00:00
2533,664272896,2.4357,0.000557,0.351,0.8,2026-09-20T06:55:10.236707+00:00
2534,664535040,2.4642,0.000557,0.31,0.8,2026-09-20T06:55:11.027098+00:00
2535,664797184,2.3865,0.000557,0.367,0.8,2026-09-20T06:55:11.822900+00:00
2536,665059328,2.4413,0.000557,0.332,0.8,2026-09-20T06:55:12.608531+00:00
2537,665321472,2.4383,0.000556,0.254,0.8,2026-09-20T06:55:13.408586+00:00
2538,665583616,2.3906,0.000556,0.369,0.8,2026-09-20T06:55:14.202831+00:00
2539,665845760,2.42,0.000556,0.309,0.8,2026-09-20T06:55:14.996723+00:00
2540,666107904,2.3973,0.000556,0.336,0.8,2026-09-20T06:55:15.786584+00:00
2541,666370048,2.4697,0.000556,0.318,0.8,2026-09-20T06:55:16.579180+00:00
2542,666632192,2.4105,0.000556,0.241,0.8,2026-09-20T06:55:17.380861+00:00
2543,666894336,2.435,0.000556,0.285,0.8,2026-09-20T06:55:18.182091+00:00
2544,667156480,2.3772,0.000556,0.291,0.8,2026-09-20T06:55:18.976383+00:00
2545,667418624,2.4178,0.000556,0.218,0.8,2026-09-20T06:55:19.792026+00:00
2546,667680768,2.4785,0.000556,0.297,0.8,2026-09-20T06:55:20.578803+00:00
2547,667942912,2.3947,0.000556,0.257,0.8,2026-09-20T06:55:21.372853+00:00
2548,668205056,2.4393,0.000556,0.34,0.8,2026-09-20T06:55:22.179362+00:00
2549,668467200,2.4235,0.000556,0.364,0.8,2026-09-20T06:55:22.970901+00:00
2550,668729344,2.5169,0.000556,0.329,0.8,2026-09-20T06:55:23.760293+00:00
2551,668991488,2.4301,0.000556,0.349,0.8,2026-09-20T06:55:24.568830+00:00
2552,669253632,2.4518,0.000556,0.226,0.8,2026-09-20T06:55:25.360568+00:00
2553,669515776,2.4617,0.000556,0.333,0.8,2026-09-20T06:55:26.149455+00:00
2554,669777920,2.4821,0.000556,0.315,0.8,2026-09-20T06:55:26.957951+00:00
2555,670040064,2.4559,0.000556,0.285,0.8,2026-09-20T06:55:27.753538+00:00
2556,670302208,2.4403,0.000556,0.236,0.8,2026-09-20T06:55:28.544427+00:00
2557,670564352,2.4348,0.000556,0.244,0.8,2026-09-20T06:55:29.349263+00:00
2558,670826496,2.456,0.000556,0.226,0.8,2026-09-20T06:55:30.134687+00:00
2559,671088640,2.4001,0.000556,0.236,0.8,2026-09-20T06:55:30.929248+00:00
2560,671350784,2.4581,0.000555,0.207,0.8,2026-09-20T06:55:31.723987+00:00
2561,671612928,2.4316,0.000555,0.33,0.8,2026-09-20T06:55:32.528528+00:00
2562,671875072,2.4237,0.000555,0.459,0.8,2026-09-20T06:55:33.317134+00:00
2563,672137216,2.4063,0.000555,0.285,0.8,2026-09-20T06:55:34.101145+00:00
2564,672399360,2.4826,0.000555,0.231,0.8,2026-09-20T06:55:34.893984+00:00
2565,672661504,2.3757,0.000555,0.223,0.8,2026-09-20T06:55:35.683962+00:00
2566,672923648,2.4149,0.000555,0.232,0.8,2026-09-20T06:55:36.475167+00:00
2567,673185792,2.4025,0.000555,0.218,0.8,2026-09-20T06:55:37.262517+00:00
2568,673447936,2.4393,0.000555,0.623,0.8,2026-09-20T06:55:38.054622+00:00
2569,673710080,2.4339,0.000555,0.329,0.8,2026-09-20T06:55:38.853074+00:00
2570,673972224,2.5365,0.000555,0.225,0.8,2026-09-20T06:55:39.638005+00:00
2571,674234368,2.395,0.000555,0.288,0.8,2026-09-20T06:55:40.429877+00:00
2572,674496512,2.4434,0.000555,0.275,0.8,2026-09-20T06:55:41.228385+00:00
2573,674758656,2.4127,0.000555,0.613,0.8,2026-09-20T06:55:42.033022+00:00
2574,675020800,2.3713,0.000555,0.266,0.8,2026-09-20T06:55:42.832535+00:00
2575,675282944,2.4045,0.000555,0.269,0.8,2026-09-20T06:55:43.616059+00:00
2576,675545088,2.3785,0.000555,0.241,0.8,2026-09-20T06:55:44.397378+00:00
2577,675807232,2.4517,0.000555,0.364,0.8,2026-09-20T06:55:45.187379+00:00
2578,676069376,2.4316,0.000555,0.278,0.8,2026-09-20T06:55:45.977931+00:00
2579,676331520,2.5039,0.000555,0.285,0.8,2026-09-20T06:55:46.778203+00:00
2580,676593664,2.4495,0.000555,0.273,0.8,2026-09-20T06:55:47.566840+00:00
2581,676855808,2.4242,0.000555,0.248,0.8,2026-09-20T06:55:48.355966+00:00
2582,677117952,2.4346,0.000555,0.209,0.8,2026-09-20T06:55:49.138267+00:00
2583,677380096,2.3782,0.000554,0.254,0.8,2026-09-20T06:55:49.929571+00:00
2584,677642240,2.4132,0.000554,0.303,0.8,2026-09-20T06:55:50.733343+00:00
2585,677904384,2.4859,0.000554,0.268,0.8,2026-09-20T06:55:51.527956+00:00
2586,678166528,2.444,0.000554,0.209,0.8,2026-09-20T06:55:52.317432+00:00
2587,678428672,2.3992,0.000554,0.288,0.8,2026-09-20T06:55:53.109195+00:00
2588,678690816,2.4892,0.000554,0.281,0.8,2026-09-20T06:55:53.891035+00:00
2589,678952960,2.4101,0.000554,0.252,0.8,2026-09-20T06:55:54.691250+00:00
2590,679215104,2.447,0.000554,0.404,0.8,2026-09-20T06:55:55.480583+00:00
2591,679477248,2.4415,0.000554,0.293,0.8,2026-09-20T06:55:56.282457+00:00
2592,679739392,2.3662,0.000554,0.251,0.8,2026-09-20T06:55:57.073597+00:00
2593,680001536,2.4224,0.000554,0.321,0.8,2026-09-20T06:55:57.854424+00:00
2594,680263680,2.4485,0.000554,0.213,0.8,2026-09-20T06:55:58.641574+00:00
2595,680525824,2.4946,0.000554,0.337,0.8,2026-09-20T06:55:59.426944+00:00
2596,680787968,2.3877,0.000554,0.21,0.8,2026-09-20T06:56:00.219342+00:00
2597,681050112,2.4241,0.000554,0.336,0.8,2026-09-20T06:56:01.022802+00:00
2598,681312256,2.4154,0.000554,0.248,0.8,2026-09-20T06:56:01.817384+00:00
2599,681574400,2.3442,0.000554,0.267,0.8,2026-09-20T06:56:02.605633+00:00
2600,681836544,2.395,0.000554,0.315,0.8,2026-09-20T06:56:03.390262+00:00
2601,682098688,2.4685,0.000554,0.276,0.8,2026-09-20T06:56:04.184760+00:00
2602,682360832,2.4181,0.000554,0.26,0.8,2026-09-20T06:56:04.970751+00:00
2603,682622976,2.4304,0.000554,0.303,0.8,2026-09-20T06:56:05.774174+00:00
2604,682885120,2.424,0.000554,0.239,0.8,2026-09-20T06:56:06.569429+00:00
2605,683147264,2.454,0.000554,0.3,0.8,2026-09-20T06:56:07.363151+00:00
2606,683409408,2.4327,0.000553,0.229,0.8,2026-09-20T06:56:08.152857+00:00
2607,683671552,2.4822,0.000553,0.37,0.8,2026-09-20T06:56:08.943569+00:00
2608,683933696,2.4257,0.000553,0.35,0.8,2026-09-20T06:56:09.733223+00:00
2609,684195840,2.4139,0.000553,0.334,0.8,2026-09-20T06:56:10.529034+00:00
2610,684457984,2.3604,0.000553,0.285,0.8,2026-09-20T06:56:11.328238+00:00
2611,684720128,2.4188,0.000553,0.278,0.8,2026-09-20T06:56:12.113119+00:00
2612,684982272,2.391,0.000553,0.254,0.8,2026-09-20T06:56:12.905885+00:00
2613,685244416,2.4247,0.000553,0.213,0.8,2026-09-20T06:56:13.695423+00:00
2614,685506560,2.4703,0.000553,0.298,0.8,2026-09-20T06:56:14.478608+00:00
2615,685768704,2.4017,0.000553,0.266,0.8,2026-09-20T06:56:15.268213+00:00
2616,686030848,2.3233,0.000553,0.273,0.8,2026-09-20T06:56:16.060142+00:00
2617,686292992,2.4518,0.000553,0.412,0.8,2026-09-20T06:56:16.850707+00:00
2618,686555136,2.4213,0.000553,0.324,0.8,2026-09-20T06:56:17.655144+00:00
2619,686817280,2.4682,0.000553,0.367,0.8,2026-09-20T06:56:18.452591+00:00
2620,687079424,2.4141,0.000553,0.364,0.8,2026-09-20T06:56:19.271780+00:00
2621,687341568,2.4294,0.000553,0.377,0.8,2026-09-20T06:56:20.076929+00:00
2622,687603712,2.4344,0.000553,0.264,0.8,2026-09-20T06:56:20.881008+00:00
2623,687865856,2.5217,0.000553,0.273,0.8,2026-09-20T06:56:21.685243+00:00
2624,688128000,2.4138,0.000553,0.292,0.8,2026-09-20T06:56:22.504521+00:00
2625,688390144,2.4284,0.000553,0.242,0.8,2026-09-20T06:56:23.333210+00:00
2626,688652288,2.4013,0.000553,0.224,0.8,2026-09-20T06:56:24.151917+00:00
2627,688914432,2.4289,0.000553,0.218,0.8,2026-09-20T06:56:24.962247+00:00
2628,689176576,2.4676,0.000552,0.266,0.8,2026-09-20T06:56:25.773179+00:00
2629,689438720,2.4257,0.000552,0.248,0.8,2026-09-20T06:56:26.606464+00:00
2630,689700864,2.3946,0.000552,0.311,0.8,2026-09-20T06:56:27.411940+00:00
2631,689963008,2.4416,0.000552,0.244,0.8,2026-09-20T06:56:28.216770+00:00
2632,690225152,2.4983,0.000552,0.247,0.8,2026-09-20T06:56:29.019612+00:00
2633,690487296,2.416,0.000552,0.219,0.8,2026-09-20T06:56:29.828227+00:00
2634,690749440,2.3949,0.000552,0.241,0.8,2026-09-20T06:56:30.655222+00:00
2635,691011584,2.3834,0.000552,0.229,0.8,2026-09-20T06:56:31.462882+00:00
2636,691273728,2.4074,0.000552,0.222,0.8,2026-09-20T06:56:32.285499+00:00
2637,691535872,2.4433,0.000552,0.2,0.8,2026-09-20T06:56:33.079822+00:00
2638,691798016,2.4636,0.000552,0.244,0.8,2026-09-20T06:56:33.873688+00:00
2639,692060160,2.4072,0.000552,0.224,0.8,2026-09-20T06:56:34.671630+00:00
2640,692322304,2.4434,0.000552,0.228,0.8,2026-09-20T06:56:35.467519+00:00
2641,692584448,2.4327,0.000552,0.263,0.8,2026-09-20T06:56:36.290152+00:00
2642,692846592,2.5127,0.000552,0.296,0.8,2026-09-20T06:56:37.106727+00:00
2643,693108736,2.3962,0.000552,0.275,0.8,2026-09-20T06:56:37.899328+00:00
2644,693370880,2.4217,0.000552,0.218,0.8,2026-09-20T06:56:38.699937+00:00
2645,693633024,2.4439,0.000552,0.318,0.8,2026-09-20T06:56:39.509933+00:00
2646,693895168,2.395,0.000552,0.264,0.8,2026-09-20T06:56:40.315862+00:00
2647,694157312,2.4191,0.000552,0.255,0.8,2026-09-20T06:56:41.127697+00:00
2648,694419456,2.4248,0.000552,0.232,0.8,2026-09-20T06:56:41.933870+00:00
2649,694681600,2.4661,0.000552,0.235,0.8,2026-09-20T06:56:42.748802+00:00
2650,694943744,2.4544,0.000551,0.376,0.8,2026-09-20T06:56:43.546995+00:00
2651,695205888,2.4311,0.000551,0.236,0.8,2026-09-20T06:56:44.356199+00:00
2652,695468032,2.4229,0.000551,0.391,0.8,2026-09-20T06:56:45.166956+00:00
2653,695730176,2.4127,0.000551,0.346,0.8,2026-09-20T06:56:45.977709+00:00
2654,695992320,2.395,0.000551,0.269,0.8,2026-09-20T06:56:46.785876+00:00
2655,696254464,2.4385,0.000551,0.304,0.8,2026-09-20T06:56:47.586647+00:00
2656,696516608,2.4978,0.000551,0.244,0.8,2026-09-20T06:56:48.393986+00:00
2657,696778752,2.413,0.000551,0.25,0.8,2026-09-20T06:56:49.193287+00:00
2658,697040896,2.4491,0.000551,0.266,0.8,2026-09-20T06:56:49.996420+00:00
2659,697303040,2.4854,0.000551,0.251,0.8,2026-09-20T06:56:50.799957+00:00
2660,697565184,2.3967,0.000551,0.236,0.8,2026-09-20T06:56:51.621712+00:00
2661,697827328,2.3861,0.000551,0.28,0.8,2026-09-20T06:56:52.430385+00:00
2662,698089472,2.4704,0.000551,0.337,0.8,2026-09-20T06:56:53.240966+00:00
2663,698351616,2.3832,0.000551,0.258,0.8,2026-09-20T06:56:54.053582+00:00
2664,698613760,2.4957,0.000551,0.477,0.8,2026-09-20T06:56:54.851583+00:00
2665,698875904,2.4302,0.000551,0.406,0.8,2026-09-20T06:56:55.670742+00:00
2666,699138048,2.4338,0.000551,0.355,0.8,2026-09-20T06:56:56.471860+00:00
2667,699400192,2.4585,0.000551,0.364,0.8,2026-09-20T06:56:57.260526+00:00
2668,699662336,2.4178,0.000551,0.256,0.8,2026-09-20T06:56:58.059574+00:00
2669,699924480,2.441,0.000551,0.351,0.8,2026-09-20T06:56:58.849892+00:00
2670,700186624,2.4294,0.000551,0.27,0.8,2026-09-20T06:56:59.644583+00:00
2671,700448768,2.4388,0.000551,0.318,0.8,2026-09-20T06:57:00.450424+00:00
2672,700710912,2.4151,0.00055,0.24,0.8,2026-09-20T06:57:01.258476+00:00
2673,700973056,2.4791,0.00055,0.683,0.8,2026-09-20T06:57:02.065424+00:00
2674,701235200,2.4356,0.00055,0.329,0.8,2026-09-20T06:57:02.856894+00:00
2675,701497344,2.402,0.00055,0.289,0.8,2026-09-20T06:57:03.657787+00:00
2676,701759488,2.3903,0.00055,0.251,0.8,2026-09-20T06:57:04.461923+00:00
2677,702021632,2.4988,0.00055,0.233,0.8,2026-09-20T06:57:05.259010+00:00
2678,702283776,2.4767,0.00055,0.234,0.8,2026-09-20T06:57:06.063965+00:00
2679,702545920,2.4234,0.00055,0.338,0.8,2026-09-20T06:57:06.862795+00:00
2680,702808064,2.4425,0.00055,0.276,0.8,2026-09-20T06:57:07.654611+00:00
2681,703070208,2.4047,0.00055,0.242,0.8,2026-09-20T06:57:08.452711+00:00
2682,703332352,2.4371,0.00055,0.268,0.8,2026-09-20T06:57:09.258405+00:00
2683,703594496,2.441,0.00055,0.253,0.8,2026-09-20T06:57:10.054409+00:00
2684,703856640,2.4202,0.00055,0.226,0.8,2026-09-20T06:57:10.863950+00:00
2685,704118784,2.4228,0.00055,0.322,0.8,2026-09-20T06:57:11.670346+00:00
2686,704380928,2.3978,0.00055,0.239,0.8,2026-09-20T06:57:12.478071+00:00
2687,704643072,2.44,0.00055,0.219,0.8,2026-09-20T06:57:13.277797+00:00
2688,704905216,2.469,0.00055,0.243,0.8,2026-09-20T06:57:14.076892+00:00
2689,705167360,2.3785,0.00055,0.214,0.8,2026-09-20T06:57:14.896293+00:00
2690,705429504,2.3623,0.00055,0.321,0.8,2026-09-20T06:57:15.699430+00:00
2691,705691648,2.4467,0.00055,0.286,0.8,2026-09-20T06:57:16.520327+00:00
2692,705953792,2.4433,0.00055,0.259,0.8,2026-09-20T06:57:17.319262+00:00
2693,706215936,2.3934,0.00055,0.295,0.8,2026-09-20T06:57:18.128957+00:00
2694,706478080,2.3669,0.000549,0.215,0.8,2026-09-20T06:57:18.942792+00:00
2695,706740224,2.3975,0.000549,0.253,0.8,2026-09-20T06:57:19.739146+00:00
2696,707002368,2.4888,0.000549,0.291,0.8,2026-09-20T06:57:20.561642+00:00
2697,707264512,2.3791,0.000549,0.247,0.8,2026-09-20T06:57:21.375052+00:00
2698,707526656,2.356,0.000549,0.251,0.8,2026-09-20T06:57:22.169409+00:00
2699,707788800,2.3796,0.000549,0.278,0.8,2026-09-20T06:57:22.971683+00:00
2700,708050944,2.3481,0.000549,0.285,0.8,2026-09-20T06:57:23.779014+00:00
2701,708313088,2.3649,0.000549,0.449,0.8,2026-09-20T06:57:24.573417+00:00
2702,708575232,2.4452,0.000549,0.349,0.8,2026-09-20T06:57:25.385347+00:00
2703,708837376,2.4486,0.000549,0.305,0.8,2026-09-20T06:57:26.190895+00:00
2704,709099520,2.417,0.000549,0.285,0.8,2026-09-20T06:57:26.997716+00:00
2705,709361664,2.4228,0.000549,0.322,0.8,2026-09-20T06:57:27.814214+00:00
2706,709623808,2.4385,0.000549,0.214,0.8,2026-09-20T06:57:28.631015+00:00
2707,709885952,2.4488,0.000549,0.264,0.8,2026-09-20T06:57:29.438643+00:00
2708,710148096,2.4096,0.000549,0.214,0.8,2026-09-20T06:57:30.252677+00:00
2709,710410240,2.4455,0.000549,0.222,0.8,2026-09-20T06:57:31.057976+00:00
2710,710672384,2.3353,0.000549,0.23,0.8,2026-09-20T06:57:31.865652+00:00
2711,710934528,2.436,0.000549,0.562,0.8,2026-09-20T06:57:32.673463+00:00
2712,711196672,2.4149,0.000549,0.28,0.8,2026-09-20T06:57:33.488565+00:00
2713,711458816,2.4227,0.000549,0.261,0.8,2026-09-20T06:57:34.309215+00:00
2714,711720960,2.4882,0.000549,0.222,0.8,2026-09-20T06:57:35.133663+00:00
2715,711983104,2.4634,0.000549,0.453,0.8,2026-09-20T06:57:35.927694+00:00
2716,712245248,2.3588,0.000548,0.407,0.8,2026-09-20T06:57:36.740222+00:00
2717,712507392,2.4588,0.000548,0.28,0.8,2026-09-20T06:57:37.542573+00:00
2718,712769536,2.393,0.000548,0.352,0.8,2026-09-20T06:57:38.356612+00:00
2719,713031680,2.4386,0.000548,0.555,0.8,2026-09-20T06:57:39.171542+00:00
2720,713293824,2.4159,0.000548,0.292,0.8,2026-09-20T06:57:40.011482+00:00
2721,713555968,2.4356,0.000548,0.309,0.8,2026-09-20T06:57:40.820395+00:00
2722,713818112,2.4218,0.000548,0.257,0.8,2026-09-20T06:57:41.635981+00:00
2723,714080256,2.3984,0.000548,0.497,0.8,2026-09-20T06:57:42.435712+00:00
2724,714342400,2.4647,0.000548,0.323,0.8,2026-09-20T06:57:43.248387+00:00
2725,714604544,2.422,0.000548,0.342,0.8,2026-09-20T06:57:44.054385+00:00
2726,714866688,2.4052,0.000548,0.329,0.8,2026-09-20T06:57:44.872300+00:00
2727,715128832,2.3382,0.000548,0.227,0.8,2026-09-20T06:57:45.669011+00:00
2728,715390976,2.3892,0.000548,0.291,0.8,2026-09-20T06:57:46.491688+00:00
2729,715653120,2.4563,0.000548,0.386,0.8,2026-09-20T06:57:47.305891+00:00
2730,715915264,2.3714,0.000548,0.261,0.8,2026-09-20T06:57:48.132996+00:00
2731,716177408,2.4255,0.000548,0.261,0.8,2026-09-20T06:57:48.946378+00:00
2732,716439552,2.3901,0.000548,0.239,0.8,2026-09-20T06:57:49.754256+00:00
2733,716701696,2.4576,0.000548,0.228,0.8,2026-09-20T06:57:50.575771+00:00
2734,716963840,2.4221,0.000548,0.229,0.8,2026-09-20T06:57:51.396503+00:00
2735,717225984,2.4161,0.000548,0.247,0.8,2026-09-20T06:57:52.201076+00:00
2736,717488128,2.4751,0.000548,0.254,0.8,2026-09-20T06:57:53.002831+00:00
2737,717750272,2.4799,0.000547,0.334,0.8,2026-09-20T06:57:53.810189+00:00
2738,718012416,2.3913,0.000547,0.396,0.8,2026-09-20T06:57:54.629998+00:00
2739,718274560,2.3974,0.000547,0.425,0.8,2026-09-20T06:57:55.436261+00:00
2740,718536704,2.3862,0.000547,0.368,0.8,2026-09-20T06:57:56.260569+00:00
2741,718798848,2.396,0.000547,0.316,0.8,2026-09-20T06:57:57.070588+00:00
2742,719060992,2.4556,0.000547,0.308,0.8,2026-09-20T06:57:57.886246+00:00
2743,719323136,2.3838,0.000547,0.34,0.8,2026-09-20T06:57:58.696767+00:00
2744,719585280,2.4132,0.000547,0.278,0.8,2026-09-20T06:57:59.503983+00:00
2745,719847424,2.4193,0.000547,0.32,0.8,2026-09-20T06:58:00.316604+00:00
2746,720109568,2.5132,0.000547,0.248,0.8,2026-09-20T06:58:01.123292+00:00
2747,720371712,2.3938,0.000547,0.237,0.8,2026-09-20T06:58:01.931957+00:00
2748,720633856,2.4149,0.000547,0.246,0.8,2026-09-20T06:58:02.762608+00:00
2749,720896000,2.4231,0.000547,0.21,0.8,2026-09-20T06:58:03.571818+00:00
2750,721158144,2.4487,0.000547,0.266,0.8,2026-09-20T06:58:20.494662+00:00
2751,721420288,2.3892,0.000547,0.215,0.8,2026-09-20T06:58:21.318934+00:00
2752,721682432,2.4474,0.000547,0.248,0.9,2026-09-20T06:58:22.171470+00:00
2753,721944576,2.4236,0.000547,0.222,0.8,2026-09-20T06:58:23.018048+00:00
2754,722206720,2.3947,0.000547,0.272,0.8,2026-09-20T06:58:23.840769+00:00
2755,722468864,2.3992,0.000547,0.723,0.8,2026-09-20T06:58:24.675382+00:00
2756,722731008,2.3908,0.000547,0.311,0.8,2026-09-20T06:58:25.484776+00:00
2757,722993152,2.364,0.000547,0.32,0.8,2026-09-20T06:58:26.326792+00:00
2758,723255296,2.3775,0.000547,0.229,0.8,2026-09-20T06:58:27.149290+00:00
2759,723517440,2.3815,0.000546,0.284,0.8,2026-09-20T06:58:27.955868+00:00
2760,723779584,2.4305,0.000546,0.489,0.8,2026-09-20T06:58:28.771728+00:00
2761,724041728,2.3889,0.000546,0.391,0.8,2026-09-20T06:58:29.590344+00:00
2762,724303872,2.4538,0.000546,0.251,0.8,2026-09-20T06:58:30.414752+00:00
2763,724566016,2.4486,0.000546,0.209,0.8,2026-09-20T06:58:31.227031+00:00
2764,724828160,2.3331,0.000546,0.226,0.8,2026-09-20T06:58:32.041912+00:00
2765,725090304,2.4369,0.000546,0.259,0.8,2026-09-20T06:58:32.855266+00:00
2766,725352448,2.4452,0.000546,0.274,0.8,2026-09-20T06:58:33.672461+00:00
2767,725614592,2.4163,0.000546,0.226,0.8,2026-09-20T06:58:34.486885+00:00
2768,725876736,2.488,0.000546,0.297,0.8,2026-09-20T06:58:35.321977+00:00
2769,726138880,2.3323,0.000546,0.24,0.8,2026-09-20T06:58:36.139383+00:00
2770,726401024,2.4335,0.000546,0.286,0.8,2026-09-20T06:58:36.940940+00:00
2771,726663168,2.4189,0.000546,0.278,0.8,2026-09-20T06:58:37.756359+00:00
2772,726925312,2.459,0.000546,0.274,0.8,2026-09-20T06:58:38.596180+00:00
2773,727187456,2.4618,0.000546,0.251,0.8,2026-09-20T06:58:39.406290+00:00
2774,727449600,2.4128,0.000546,0.222,0.8,2026-09-20T06:58:40.208081+00:00
2775,727711744,2.4226,0.000546,0.211,0.8,2026-09-20T06:58:41.021225+00:00
2776,727973888,2.4111,0.000546,0.322,0.8,2026-09-20T06:58:41.852170+00:00
2777,728236032,2.381,0.000546,0.294,0.8,2026-09-20T06:58:42.675554+00:00
2778,728498176,2.4128,0.000546,0.211,0.8,2026-09-20T06:58:43.482328+00:00
2779,728760320,2.3494,0.000546,0.304,0.8,2026-09-20T06:58:44.299162+00:00
2780,729022464,2.4359,0.000545,0.292,0.8,2026-09-20T06:58:45.105379+00:00
2781,729284608,2.4072,0.000545,0.373,0.8,2026-09-20T06:58:45.908200+00:00
2782,729546752,2.4275,0.000545,0.311,0.8,2026-09-20T06:58:46.704514+00:00
2783,729808896,2.4773,0.000545,0.298,0.8,2026-09-20T06:58:47.509751+00:00
2784,730071040,2.3716,0.000545,0.329,0.8,2026-09-20T06:58:48.327295+00:00
2785,730333184,2.4074,0.000545,0.295,0.8,2026-09-20T06:58:49.121561+00:00
2786,730595328,2.4315,0.000545,0.254,0.8,2026-09-20T06:58:49.929324+00:00
2787,730857472,2.4366,0.000545,0.266,0.8,2026-09-20T06:58:50.736763+00:00
2788,731119616,2.4388,0.000545,0.392,0.8,2026-09-20T06:58:51.557096+00:00
2789,731381760,2.4056,0.000545,0.33,0.8,2026-09-20T06:58:52.361849+00:00
2790,731643904,2.42,0.000545,0.451,0.8,2026-09-20T06:58:53.174136+00:00
2791,731906048,2.4149,0.000545,0.386,0.8,2026-09-20T06:58:53.983151+00:00
2792,732168192,2.4162,0.000545,0.507,0.8,2026-09-20T06:58:54.783514+00:00
2793,732430336,2.4623,0.000545,0.323,0.8,2026-09-20T06:58:55.584894+00:00
2794,732692480,2.41,0.000545,0.269,0.8,2026-09-20T06:58:56.417989+00:00
2795,732954624,2.4186,0.000545,0.317,0.8,2026-09-20T06:58:57.219302+00:00
2796,733216768,2.4288,0.000545,0.272,0.8,2026-09-20T06:58:58.012878+00:00
2797,733478912,2.3826,0.000545,0.235,0.8,2026-09-20T06:58:58.808789+00:00
2798,733741056,2.4924,0.000545,0.252,0.8,2026-09-20T06:58:59.606938+00:00
2799,734003200,2.4548,0.000545,0.225,0.8,2026-09-20T06:59:00.408703+00:00
2800,734265344,2.4226,0.000545,0.23,0.8,2026-09-20T06:59:01.224835+00:00
2801,734527488,2.4356,0.000544,0.238,0.8,2026-09-20T06:59:02.028061+00:00
2802,734789632,2.4462,0.000544,0.323,0.8,2026-09-20T06:59:02.834733+00:00
2803,735051776,2.4366,0.000544,0.361,0.8,2026-09-20T06:59:03.643306+00:00
2804,735313920,2.3302,0.000544,0.36,0.8,2026-09-20T06:59:04.449342+00:00
2805,735576064,2.4466,0.000544,0.291,0.8,2026-09-20T06:59:05.253388+00:00
2806,735838208,2.398,0.000544,0.285,0.8,2026-09-20T06:59:06.073160+00:00
2807,736100352,2.4496,0.000544,0.253,0.8,2026-09-20T06:59:06.883183+00:00
2808,736362496,2.4315,0.000544,0.314,0.8,2026-09-20T06:59:07.688248+00:00
2809,736624640,2.4679,0.000544,0.273,0.8,2026-09-20T06:59:08.511580+00:00
2810,736886784,2.3992,0.000544,0.279,0.8,2026-09-20T06:59:09.330697+00:00
2811,737148928,2.4206,0.000544,0.299,0.8,2026-09-20T06:59:10.157177+00:00
2812,737411072,2.4513,0.000544,0.242,0.8,2026-09-20T06:59:10.978510+00:00
2813,737673216,2.4028,0.000544,0.293,0.8,2026-09-20T06:59:11.804676+00:00
2814,737935360,2.4046,0.000544,0.408,0.8,2026-09-20T06:59:12.611437+00:00
2815,738197504,2.4341,0.000544,0.352,0.8,2026-09-20T06:59:13.450193+00:00
2816,738459648,2.3793,0.000544,0.256,0.8,2026-09-20T06:59:14.268563+00:00
2817,738721792,2.4195,0.000544,0.468,0.8,2026-09-20T06:59:15.082871+00:00
2818,738983936,2.4392,0.000544,0.294,0.8,2026-09-20T06:59:15.890546+00:00
2819,739246080,2.3595,0.000544,0.348,0.8,2026-09-20T06:59:16.710431+00:00
2820,739508224,2.4357,0.000544,0.313,0.8,2026-09-20T06:59:17.519342+00:00
2821,739770368,2.3815,0.000544,0.327,0.8,2026-09-20T06:59:18.352472+00:00
2822,740032512,2.3994,0.000543,0.395,0.8,2026-09-20T06:59:19.170199+00:00
2823,740294656,2.4254,0.000543,0.263,0.8,2026-09-20T06:59:19.985882+00:00
2824,740556800,2.4447,0.000543,0.285,0.8,2026-09-20T06:59:20.806729+00:00
2825,740818944,2.3424,0.000543,0.25,0.8,2026-09-20T06:59:21.629012+00:00
2826,741081088,2.4099,0.000543,0.327,0.8,2026-09-20T06:59:22.445707+00:00
2827,741343232,2.3613,0.000543,0.229,0.8,2026-09-20T06:59:23.265224+00:00
2828,741605376,2.4256,0.000543,0.315,0.8,2026-09-20T06:59:24.081797+00:00
2829,741867520,2.4156,0.000543,0.207,0.8,2026-09-20T06:59:24.904802+00:00
2830,742129664,2.4138,0.000543,0.286,0.8,2026-09-20T06:59:25.723851+00:00
2831,742391808,2.3168,0.000543,0.314,0.8,2026-09-20T06:59:26.550766+00:00
2832,742653952,2.3967,0.000543,0.223,0.8,2026-09-20T06:59:27.367762+00:00
2833,742916096,2.372,0.000543,0.284,0.8,2026-09-20T06:59:28.180499+00:00
2834,743178240,2.3811,0.000543,0.249,0.8,2026-09-20T06:59:28.999254+00:00
2835,743440384,2.4011,0.000543,0.227,0.8,2026-09-20T06:59:29.807995+00:00
2836,743702528,2.4258,0.000543,0.218,0.8,2026-09-20T06:59:30.624422+00:00
2837,743964672,2.4299,0.000543,0.214,0.8,2026-09-20T06:59:31.437351+00:00
2838,744226816,2.3569,0.000543,0.259,0.8,2026-09-20T06:59:32.252573+00:00
2839,744488960,2.3458,0.000543,0.241,0.8,2026-09-20T06:59:33.055801+00:00
2840,744751104,2.377,0.000543,0.438,0.8,2026-09-20T06:59:33.852690+00:00
2841,745013248,2.3769,0.000543,0.289,0.8,2026-09-20T06:59:34.649982+00:00
2842,745275392,2.3594,0.000542,0.283,0.8,2026-09-20T06:59:35.446879+00:00
2843,745537536,2.4405,0.000542,0.271,0.8,2026-09-20T06:59:36.258375+00:00
2844,745799680,2.4894,0.000542,0.397,0.8,2026-09-20T06:59:37.087453+00:00
2845,746061824,2.4149,0.000542,0.285,0.8,2026-09-20T06:59:37.906170+00:00
2846,746323968,2.4468,0.000542,0.257,0.8,2026-09-20T06:59:38.719507+00:00
2847,746586112,2.3911,0.000542,0.509,0.8,2026-09-20T06:59:39.530998+00:00
2848,746848256,2.355,0.000542,0.229,0.8,2026-09-20T06:59:40.346196+00:00
2849,747110400,2.4293,0.000542,0.282,0.8,2026-09-20T06:59:41.169358+00:00
2850,747372544,2.4094,0.000542,0.247,0.8,2026-09-20T06:59:41.980955+00:00
2851,747634688,2.4035,0.000542,0.251,0.8,2026-09-20T06:59:42.784054+00:00
2852,747896832,2.351,0.000542,0.254,0.8,2026-09-20T06:59:43.577335+00:00
2853,748158976,2.4776,0.000542,0.252,0.8,2026-09-20T06:59:44.379286+00:00
2854,748421120,2.4446,0.000542,0.215,0.8,2026-09-20T06:59:45.178588+00:00
2855,748683264,2.4155,0.000542,0.438,0.8,2026-09-20T06:59:45.985444+00:00
2856,748945408,2.3802,0.000542,0.296,0.8,2026-09-20T06:59:46.795531+00:00
2857,749207552,2.3449,0.000542,0.254,0.8,2026-09-20T06:59:47.599551+00:00
2858,749469696,2.4323,0.000542,0.246,0.8,2026-09-20T06:59:48.409470+00:00
2859,749731840,2.4142,0.000542,0.223,0.8,2026-09-20T06:59:49.215750+00:00
2860,749993984,2.4022,0.000542,0.265,0.8,2026-09-20T06:59:50.036650+00:00
2861,750256128,2.4029,0.000542,0.22,0.8,2026-09-20T06:59:50.848738+00:00
2862,750518272,2.4238,0.000542,0.255,0.8,2026-09-20T06:59:51.641368+00:00
2863,750780416,2.3601,0.000541,0.213,0.8,2026-09-20T06:59:52.451694+00:00
2864,751042560,2.3931,0.000541,0.237,0.8,2026-09-20T06:59:53.253641+00:00
2865,751304704,2.3654,0.000541,0.257,0.8,2026-09-20T06:59:54.044683+00:00
2866,751566848,2.4208,0.000541,0.225,0.8,2026-09-20T06:59:54.848562+00:00
2867,751828992,2.3616,0.000541,0.208,0.8,2026-09-20T06:59:55.652678+00:00
2868,752091136,2.3641,0.000541,0.365,0.8,2026-09-20T06:59:56.457764+00:00
2869,752353280,2.3886,0.000541,0.359,0.8,2026-09-20T06:59:57.257680+00:00
2870,752615424,2.4193,0.000541,0.302,0.8,2026-09-20T06:59:58.061530+00:00
2871,752877568,2.4079,0.000541,0.242,0.8,2026-09-20T06:59:58.869004+00:00
2872,753139712,2.4071,0.000541,0.347,0.8,2026-09-20T06:59:59.686874+00:00
2873,753401856,2.395,0.000541,0.412,0.8,2026-09-20T07:00:00.492289+00:00
2874,753664000,2.4141,0.000541,0.314,0.8,2026-09-20T07:00:01.299376+00:00
2875,753926144,2.4299,0.000541,0.359,0.8,2026-09-20T07:00:02.112727+00:00
2876,754188288,2.3457,0.000541,0.328,0.8,2026-09-20T07:00:02.912339+00:00
2877,754450432,2.4639,0.000541,0.246,0.8,2026-09-20T07:00:03.710589+00:00
2878,754712576,2.4183,0.000541,0.311,0.8,2026-09-20T07:00:04.515447+00:00
2879,754974720,2.4081,0.000541,0.337,0.8,2026-09-20T07:00:05.302407+00:00
2880,755236864,2.3682,0.000541,0.243,0.8,2026-09-20T07:00:06.119808+00:00
2881,755499008,2.445,0.000541,0.325,0.8,2026-09-20T07:00:06.919215+00:00
2882,755761152,2.3642,0.000541,0.432,0.8,2026-09-20T07:00:07.727367+00:00
2883,756023296,2.4089,0.00054,0.299,0.8,2026-09-20T07:00:08.517733+00:00
2884,756285440,2.3537,0.00054,0.413,0.8,2026-09-20T07:00:09.310686+00:00
2885,756547584,2.3782,0.00054,0.372,0.8,2026-09-20T07:00:10.117983+00:00
2886,756809728,2.4166,0.00054,0.273,0.8,2026-09-20T07:00:10.946776+00:00
2887,757071872,2.4073,0.00054,0.373,0.8,2026-09-20T07:00:11.772232+00:00
2888,757334016,2.3823,0.00054,0.277,0.8,2026-09-20T07:00:12.581258+00:00
2889,757596160,2.3885,0.00054,0.309,0.8,2026-09-20T07:00:13.391701+00:00
2890,757858304,2.4149,0.00054,0.29,0.8,2026-09-20T07:00:14.189688+00:00
2891,758120448,2.4276,0.00054,0.372,0.8,2026-09-20T07:00:14.994943+00:00
2892,758382592,2.3163,0.00054,0.342,0.8,2026-09-20T07:00:15.796938+00:00
2893,758644736,2.4015,0.00054,0.308,0.8,2026-09-20T07:00:16.621559+00:00
2894,758906880,2.4742,0.00054,0.419,0.8,2026-09-20T07:00:17.444576+00:00
2895,759169024,2.4462,0.00054,0.302,0.8,2026-09-20T07:00:18.265945+00:00
2896,759431168,2.346,0.00054,0.296,0.8,2026-09-20T07:00:19.086251+00:00
2897,759693312,2.4034,0.00054,0.299,0.8,2026-09-20T07:00:19.913992+00:00
2898,759955456,2.4203,0.00054,0.307,0.8,2026-09-20T07:00:20.734967+00:00
2899,760217600,2.3644,0.00054,0.248,0.8,2026-09-20T07:00:21.550624+00:00
2900,760479744,2.3566,0.00054,0.307,0.8,2026-09-20T07:00:22.384848+00:00
2901,760741888,2.4365,0.00054,0.309,0.8,2026-09-20T07:00:23.205247+00:00
2902,761004032,2.3753,0.00054,0.291,0.8,2026-09-20T07:00:24.045584+00:00
2903,761266176,2.3206,0.000539,0.287,0.8,2026-09-20T07:00:24.887967+00:00
2904,761528320,2.4794,0.000539,0.272,0.8,2026-09-20T07:00:25.714406+00:00
2905,761790464,2.4026,0.000539,0.317,0.8,2026-09-20T07:00:26.549578+00:00
2906,762052608,2.437,0.000539,0.312,0.8,2026-09-20T07:00:27.386507+00:00
2907,762314752,2.4052,0.000539,0.255,0.8,2026-09-20T07:00:28.216026+00:00
2908,762576896,2.4437,0.000539,0.338,0.8,2026-09-20T07:00:29.016286+00:00
2909,762839040,2.4079,0.000539,0.304,0.8,2026-09-20T07:00:29.839648+00:00
2910,763101184,2.4163,0.000539,0.269,0.8,2026-09-20T07:00:30.640841+00:00
2911,763363328,2.4179,0.000539,0.388,0.8,2026-09-20T07:00:31.453698+00:00
2912,763625472,2.443,0.000539,0.284,0.8,2026-09-20T07:00:32.262657+00:00
2913,763887616,2.4493,0.000539,0.441,0.8,2026-09-20T07:00:33.069706+00:00
2914,764149760,2.3843,0.000539,0.286,0.8,2026-09-20T07:00:33.870103+00:00
2915,764411904,2.4081,0.000539,0.396,0.8,2026-09-20T07:00:34.675702+00:00
2916,764674048,2.3496,0.000539,0.325,0.8,2026-09-20T07:00:35.494201+00:00
2917,764936192,2.3098,0.000539,0.291,0.8,2026-09-20T07:00:36.322989+00:00
2918,765198336,2.3554,0.000539,0.374,0.8,2026-09-20T07:00:37.135860+00:00
2919,765460480,2.3893,0.000539,0.726,0.8,2026-09-20T07:00:37.935859+00:00
2920,765722624,2.3783,0.000539,0.99,0.8,2026-09-20T07:00:38.733930+00:00
2921,765984768,2.4765,0.000539,0.728,0.8,2026-09-20T07:00:39.535369+00:00
2922,766246912,2.3576,0.000539,0.55,0.8,2026-09-20T07:00:40.332395+00:00
2923,766509056,2.4325,0.000538,0.405,0.8,2026-09-20T07:00:41.133518+00:00
2924,766771200,2.4496,0.000538,0.339,0.8,2026-09-20T07:00:41.929871+00:00
2925,767033344,2.4073,0.000538,0.322,0.8,2026-09-20T07:00:42.736554+00:00
2926,767295488,2.4533,0.000538,0.313,0.8,2026-09-20T07:00:43.536082+00:00
2927,767557632,2.4291,0.000538,0.288,0.8,2026-09-20T07:00:44.336514+00:00
2928,767819776,2.4481,0.000538,0.27,0.8,2026-09-20T07:00:45.127166+00:00
2929,768081920,2.3887,0.000538,0.65,0.8,2026-09-20T07:00:45.915776+00:00
2930,768344064,2.3828,0.000538,0.52,0.8,2026-09-20T07:00:46.719315+00:00
2931,768606208,2.4314,0.000538,0.346,0.8,2026-09-20T07:00:47.512105+00:00
2932,768868352,2.4012,0.000538,0.262,0.8,2026-09-20T07:00:48.310521+00:00
2933,769130496,2.4264,0.000538,0.299,0.8,2026-09-20T07:00:49.127656+00:00
2934,769392640,2.3304,0.000538,0.275,0.8,2026-09-20T07:00:49.946758+00:00
2935,769654784,2.4355,0.000538,0.278,0.8,2026-09-20T07:00:50.758517+00:00
2936,769916928,2.3913,0.000538,0.29,0.8,2026-09-20T07:00:51.569813+00:00
2937,770179072,2.4234,0.000538,0.322,0.8,2026-09-20T07:00:52.376046+00:00
2938,770441216,2.3617,0.000538,0.355,0.8,2026-09-20T07:00:53.190347+00:00
2939,770703360,2.5139,0.000538,0.333,0.8,2026-09-20T07:00:54.011940+00:00
2940,770965504,2.4135,0.000538,0.499,0.8,2026-09-20T07:00:54.825392+00:00
2941,771227648,2.4064,0.000538,0.358,0.8,2026-09-20T07:00:55.635394+00:00
2942,771489792,2.3578,0.000538,0.286,0.8,2026-09-20T07:00:56.446408+00:00
2943,771751936,2.404,0.000537,0.314,0.8,2026-09-20T07:00:57.263384+00:00
2944,772014080,2.4042,0.000537,0.286,0.8,2026-09-20T07:00:58.092420+00:00
2945,772276224,2.4238,0.000537,0.296,0.8,2026-09-20T07:00:58.913082+00:00
2946,772538368,2.4373,0.000537,0.307,0.8,2026-09-20T07:00:59.731217+00:00
2947,772800512,2.3735,0.000537,0.244,0.8,2026-09-20T07:01:00.557736+00:00
2948,773062656,2.3809,0.000537,0.288,0.8,2026-09-20T07:01:01.396578+00:00
2949,773324800,2.3478,0.000537,0.252,0.8,2026-09-20T07:01:02.213195+00:00
2950,773586944,2.3772,0.000537,0.267,0.8,2026-09-20T07:01:03.041547+00:00
2951,773849088,2.3868,0.000537,0.368,0.8,2026-09-20T07:01:03.851421+00:00
2952,774111232,2.322,0.000537,0.283,0.8,2026-09-20T07:01:04.655589+00:00
2953,774373376,2.415,0.000537,0.217,0.8,2026-09-20T07:01:05.489901+00:00
2954,774635520,2.3771,0.000537,0.417,0.8,2026-09-20T07:01:06.323932+00:00
2955,774897664,2.4048,0.000537,0.287,0.8,2026-09-20T07:01:07.146293+00:00
2956,775159808,2.4304,0.000537,0.263,0.8,2026-09-20T07:01:07.974194+00:00
2957,775421952,2.4203,0.000537,0.368,0.8,2026-09-20T07:01:08.788732+00:00
2958,775684096,2.37,0.000537,0.612,0.8,2026-09-20T07:01:09.608343+00:00
2959,775946240,2.4454,0.000537,0.289,0.8,2026-09-20T07:01:10.431688+00:00
2960,776208384,2.3738,0.000537,0.276,0.8,2026-09-20T07:01:11.244617+00:00
2961,776470528,2.3803,0.000537,0.292,0.8,2026-09-20T07:01:12.071299+00:00
2962,776732672,2.4035,0.000537,0.318,0.8,2026-09-20T07:01:12.893629+00:00
2963,776994816,2.3972,0.000536,0.287,0.8,2026-09-20T07:01:13.714013+00:00
2964,777256960,2.4097,0.000536,0.25,0.8,2026-09-20T07:01:14.543870+00:00
2965,777519104,2.4405,0.000536,0.327,0.8,2026-09-20T07:01:15.356404+00:00
2966,777781248,2.3552,0.000536,0.271,0.8,2026-09-20T07:01:16.182844+00:00
2967,778043392,2.4232,0.000536,0.282,0.8,2026-09-20T07:01:17.000599+00:00
2968,778305536,2.3883,0.000536,0.416,0.8,2026-09-20T07:01:17.827270+00:00
2969,778567680,2.4043,0.000536,0.277,0.8,2026-09-20T07:01:18.643161+00:00
2970,778829824,2.3107,0.000536,0.377,0.8,2026-09-20T07:01:19.453119+00:00
2971,779091968,2.4391,0.000536,0.305,0.8,2026-09-20T07:01:20.285395+00:00
2972,779354112,2.4013,0.000536,0.377,0.8,2026-09-20T07:01:21.100943+00:00
2973,779616256,2.4076,0.000536,0.333,0.8,2026-09-20T07:01:21.922026+00:00
2974,779878400,2.4175,0.000536,0.3,0.8,2026-09-20T07:01:22.749561+00:00
2975,780140544,2.3679,0.000536,0.402,0.8,2026-09-20T07:01:23.549331+00:00
2976,780402688,2.4004,0.000536,0.386,0.8,2026-09-20T07:01:24.378373+00:00
2977,780664832,2.3983,0.000536,0.325,0.8,2026-09-20T07:01:25.192812+00:00
2978,780926976,2.4716,0.000536,0.38,0.8,2026-09-20T07:01:25.992887+00:00
2979,781189120,2.4057,0.000536,0.49,0.8,2026-09-20T07:01:26.801958+00:00
2980,781451264,2.3879,0.000536,0.31,0.8,2026-09-20T07:01:27.616424+00:00
2981,781713408,2.4098,0.000536,0.383,0.8,2026-09-20T07:01:28.437545+00:00
2982,781975552,2.3816,0.000535,0.364,0.8,2026-09-20T07:01:29.263885+00:00
2983,782237696,2.4313,0.000535,0.352,0.8,2026-09-20T07:01:30.100087+00:00
2984,782499840,2.3654,0.000535,0.361,0.8,2026-09-20T07:01:30.909946+00:00
2985,782761984,2.3952,0.000535,0.395,0.8,2026-09-20T07:01:31.721994+00:00
2986,783024128,2.3725,0.000535,0.325,0.8,2026-09-20T07:01:32.529727+00:00
2987,783286272,2.394,0.000535,0.47,0.8,2026-09-20T07:01:33.335056+00:00
2988,783548416,2.3839,0.000535,0.386,0.8,2026-09-20T07:01:34.162058+00:00
2989,783810560,2.3514,0.000535,0.321,0.8,2026-09-20T07:01:34.982591+00:00
2990,784072704,2.4227,0.000535,0.35,0.8,2026-09-20T07:01:35.792972+00:00
2991,784334848,2.3961,0.000535,0.494,0.8,2026-09-20T07:01:36.618373+00:00
2992,784596992,2.4341,0.000535,0.518,0.8,2026-09-20T07:01:37.437744+00:00
2993,784859136,2.3984,0.000535,0.486,0.8,2026-09-20T07:01:38.263752+00:00
2994,785121280,2.3913,0.000535,0.505,0.8,2026-09-20T07:01:39.086933+00:00
2995,785383424,2.4311,0.000535,0.47,0.8,2026-09-20T07:01:39.914748+00:00
2996,785645568,2.401,0.000535,0.54,0.8,2026-09-20T07:01:40.737055+00:00
2997,785907712,2.4403,0.000535,0.602,0.8,2026-09-20T07:01:41.577415+00:00
2998,786169856,2.4195,0.000535,0.84,0.8,2026-09-20T07:01:42.405609+00:00
2999,786432000,2.4391,0.000535,2.17,0.8,2026-09-20T07:01:43.231071+00:00
3000,786694144,2.4621,0.000535,1.119,1.0,2026-09-20T07:02:05.959695+00:00
3001,786956288,2.4283,0.000535,0.684,0.9,2026-09-20T07:02:06.890728+00:00
3002,787218432,2.4212,0.000534,0.679,0.9,2026-09-20T07:02:07.797691+00:00
3003,787480576,2.507,0.000534,0.76,0.9,2026-09-20T07:02:08.721950+00:00
3004,787742720,2.4331,0.000534,0.57,0.9,2026-09-20T07:02:09.582930+00:00
3005,788004864,2.4534,0.000534,0.416,0.9,2026-09-20T07:02:10.444197+00:00
3006,788267008,2.4589,0.000534,0.402,0.9,2026-09-20T07:02:11.314368+00:00
3007,788529152,2.4203,0.000534,0.389,0.9,2026-09-20T07:02:12.168899+00:00
3008,788791296,2.3803,0.000534,0.34,0.8,2026-09-20T07:02:13.011547+00:00
3009,789053440,2.4568,0.000534,0.312,0.8,2026-09-20T07:02:13.859656+00:00
3010,789315584,2.3925,0.000534,0.284,0.9,2026-09-20T07:02:14.711150+00:00
3011,789577728,2.4141,0.000534,0.289,0.8,2026-09-20T07:02:15.542732+00:00
3012,789839872,2.4457,0.000534,0.481,0.8,2026-09-20T07:02:16.368513+00:00
3013,790102016,2.4038,0.000534,0.325,0.8,2026-09-20T07:02:17.174411+00:00
3014,790364160,2.4187,0.000534,0.274,0.8,2026-09-20T07:02:17.995994+00:00
3015,790626304,2.4021,0.000534,0.257,0.8,2026-09-20T07:02:18.830138+00:00
3016,790888448,2.4575,0.000534,0.263,0.8,2026-09-20T07:02:19.654660+00:00
3017,791150592,2.4224,0.000534,0.306,0.8,2026-09-20T07:02:20.493513+00:00
3018,791412736,2.3536,0.000534,0.275,0.8,2026-09-20T07:02:21.319123+00:00
3019,791674880,2.4678,0.000534,0.321,0.8,2026-09-20T07:02:22.136582+00:00
3020,791937024,2.3958,0.000534,0.278,0.8,2026-09-20T07:02:22.972501+00:00
3021,792199168,2.4115,0.000533,0.293,0.8,2026-09-20T07:02:23.778671+00:00
3022,792461312,2.3913,0.000533,0.433,0.8,2026-09-20T07:02:24.580419+00:00
3023,792723456,2.3622,0.000533,0.288,0.8,2026-09-20T07:02:25.383468+00:00
3024,792985600,2.3819,0.000533,0.329,0.8,2026-09-20T07:02:26.192833+00:00
3025,793247744,2.4118,0.000533,0.326,0.8,2026-09-20T07:02:27.002656+00:00
3026,793509888,2.4256,0.000533,0.289,0.8,2026-09-20T07:02:27.819059+00:00
3027,793772032,2.3789,0.000533,0.298,0.8,2026-09-20T07:02:28.627741+00:00
3028,794034176,2.4062,0.000533,0.266,0.8,2026-09-20T07:02:29.451197+00:00
3029,794296320,2.3596,0.000533,0.289,0.8,2026-09-20T07:02:30.263124+00:00
3030,794558464,2.3925,0.000533,0.285,0.8,2026-09-20T07:02:31.077517+00:00
3031,794820608,2.4688,0.000533,0.273,0.8,2026-09-20T07:02:31.875741+00:00
3032,795082752,2.4181,0.000533,0.324,0.8,2026-09-20T07:02:32.689404+00:00
3033,795344896,2.3692,0.000533,0.293,0.8,2026-09-20T07:02:33.487453+00:00
3034,795607040,2.3649,0.000533,0.363,0.8,2026-09-20T07:02:34.288337+00:00
3035,795869184,2.3494,0.000533,0.322,0.8,2026-09-20T07:02:35.079176+00:00
3036,796131328,2.3533,0.000533,0.407,0.8,2026-09-20T07:02:35.880702+00:00
3037,796393472,2.4072,0.000533,0.419,0.8,2026-09-20T07:02:36.676123+00:00
3038,796655616,2.4088,0.000533,0.448,0.8,2026-09-20T07:02:37.470145+00:00
3039,796917760,2.4305,0.000533,0.295,0.8,2026-09-20T07:02:38.271204+00:00
3040,797179904,2.3907,0.000532,0.536,0.8,2026-09-20T07:02:39.083623+00:00
3041,797442048,2.4407,0.000532,0.577,0.8,2026-09-20T07:02:39.889965+00:00
3042,797704192,2.4517,0.000532,0.566,0.8,2026-09-20T07:02:40.696031+00:00
3043,797966336,2.406,0.000532,0.448,0.8,2026-09-20T07:02:41.493745+00:00
3044,798228480,2.3982,0.000532,0.395,0.8,2026-09-20T07:02:42.311236+00:00
3045,798490624,2.4135,0.000532,0.356,0.8,2026-09-20T07:02:43.121960+00:00
3046,798752768,2.4228,0.000532,0.328,0.8,2026-09-20T07:02:43.929961+00:00
3047,799014912,2.4148,0.000532,0.327,0.8,2026-09-20T07:02:44.748005+00:00
3048,799277056,2.4256,0.000532,0.401,0.8,2026-09-20T07:02:45.562224+00:00
3049,799539200,2.4335,0.000532,0.347,0.8,2026-09-20T07:02:46.365782+00:00
3050,799801344,2.2843,0.000532,0.326,0.8,2026-09-20T07:02:47.177338+00:00
3051,800063488,2.3417,0.000532,0.311,0.8,2026-09-20T07:02:47.990385+00:00
3052,800325632,2.3978,0.000532,0.32,0.8,2026-09-20T07:02:48.790355+00:00
3053,800587776,2.3721,0.000532,0.296,0.8,2026-09-20T07:02:49.598662+00:00
3054,800849920,2.3432,0.000532,0.324,0.8,2026-09-20T07:02:50.406524+00:00
3055,801112064,2.3579,0.000532,0.414,0.8,2026-09-20T07:02:51.215330+00:00
3056,801374208,2.362,0.000532,0.372,0.8,2026-09-20T07:02:52.027327+00:00
3057,801636352,2.4172,0.000532,0.531,0.8,2026-09-20T07:02:52.833530+00:00
3058,801898496,2.3288,0.000532,0.376,0.8,2026-09-20T07:02:53.640806+00:00
3059,802160640,2.4066,0.000532,0.377,0.8,2026-09-20T07:02:54.448664+00:00
3060,802422784,2.3671,0.000531,0.297,0.8,2026-09-20T07:02:55.254463+00:00
3061,802684928,2.496,0.000531,0.353,0.8,2026-09-20T07:02:56.068656+00:00
3062,802947072,2.3562,0.000531,0.408,0.8,2026-09-20T07:02:56.869151+00:00
3063,803209216,2.4038,0.000531,0.299,0.8,2026-09-20T07:02:57.671724+00:00
3064,803471360,2.3926,0.000531,0.403,0.8,2026-09-20T07:02:58.468567+00:00
3065,803733504,2.3936,0.000531,0.354,0.8,2026-09-20T07:02:59.264138+00:00
3066,803995648,2.3924,0.000531,0.283,0.8,2026-09-20T07:03:00.064230+00:00
3067,804257792,2.3259,0.000531,0.53,0.8,2026-09-20T07:03:00.863399+00:00
3068,804519936,2.417,0.000531,0.441,0.8,2026-09-20T07:03:01.674051+00:00
3069,804782080,2.4368,0.000531,0.36,0.8,2026-09-20T07:03:02.469462+00:00
3070,805044224,2.3808,0.000531,0.341,0.8,2026-09-20T07:03:03.278531+00:00
3071,805306368,2.4035,0.000531,0.361,0.8,2026-09-20T07:03:04.074981+00:00
3072,805568512,2.4093,0.000531,0.315,0.8,2026-09-20T07:03:04.875040+00:00
3073,805830656,2.3801,0.000531,0.359,0.8,2026-09-20T07:03:05.670878+00:00
3074,806092800,2.4157,0.000531,0.309,0.8,2026-09-20T07:03:06.469384+00:00
3075,806354944,2.3551,0.000531,0.34,0.8,2026-09-20T07:03:07.269991+00:00
3076,806617088,2.3749,0.000531,0.311,0.8,2026-09-20T07:03:08.089080+00:00
3077,806879232,2.4661,0.000531,0.344,0.8,2026-09-20T07:03:08.915444+00:00
3078,807141376,2.4216,0.000531,0.357,0.8,2026-09-20T07:03:09.733080+00:00
3079,807403520,2.3067,0.00053,0.428,0.8,2026-09-20T07:03:10.533957+00:00
3080,807665664,2.413,0.00053,0.325,0.8,2026-09-20T07:03:11.344646+00:00
3081,807927808,2.3326,0.00053,0.34,0.8,2026-09-20T07:03:12.145525+00:00
3082,808189952,2.342,0.00053,0.437,0.8,2026-09-20T07:03:12.953550+00:00
3083,808452096,2.3717,0.00053,0.411,0.8,2026-09-20T07:03:13.754125+00:00
3084,808714240,2.4121,0.00053,0.413,0.8,2026-09-20T07:03:14.563691+00:00
3085,808976384,2.3617,0.00053,0.383,0.8,2026-09-20T07:03:15.366998+00:00
3086,809238528,2.3925,0.00053,0.361,0.8,2026-09-20T07:03:16.186019+00:00
3087,809500672,2.4485,0.00053,0.383,0.8,2026-09-20T07:03:16.984853+00:00
3088,809762816,2.3758,0.00053,0.39,0.8,2026-09-20T07:03:17.781983+00:00
3089,810024960,2.442,0.00053,0.45,0.8,2026-09-20T07:03:18.596882+00:00
3090,810287104,2.3342,0.00053,0.407,0.8,2026-09-20T07:03:19.389708+00:00
3091,810549248,2.4196,0.00053,0.4,0.8,2026-09-20T07:03:20.215176+00:00
3092,810811392,2.382,0.00053,0.433,0.8,2026-09-20T07:03:21.030215+00:00
3093,811073536,2.4286,0.00053,0.351,0.8,2026-09-20T07:03:21.844818+00:00
3094,811335680,2.3738,0.00053,0.347,0.8,2026-09-20T07:03:22.656793+00:00
3095,811597824,2.3607,0.00053,0.811,0.8,2026-09-20T07:03:23.498013+00:00
3096,811859968,2.4434,0.00053,0.415,0.8,2026-09-20T07:03:24.309848+00:00
3097,812122112,2.3847,0.000529,0.431,0.8,2026-09-20T07:03:25.118775+00:00
3098,812384256,2.3573,0.000529,0.403,0.8,2026-09-20T07:03:25.934498+00:00
3099,812646400,2.3434,0.000529,0.42,0.8,2026-09-20T07:03:26.768401+00:00
3100,812908544,2.3972,0.000529,0.374,0.8,2026-09-20T07:03:27.594945+00:00
3101,813170688,2.4386,0.000529,0.568,0.8,2026-09-20T07:03:28.420457+00:00
3102,813432832,2.4,0.000529,0.643,0.8,2026-09-20T07:03:29.229897+00:00
3103,813694976,2.4474,0.000529,0.65,0.8,2026-09-20T07:03:30.063876+00:00
3104,813957120,2.3957,0.000529,0.352,0.8,2026-09-20T07:03:30.884988+00:00
3105,814219264,2.3827,0.000529,0.349,0.8,2026-09-20T07:03:31.687175+00:00
3106,814481408,2.3916,0.000529,0.367,0.8,2026-09-20T07:03:32.526396+00:00
3107,814743552,2.4539,0.000529,0.482,0.8,2026-09-20T07:03:33.341318+00:00
3108,815005696,2.4211,0.000529,0.386,0.8,2026-09-20T07:03:34.149437+00:00
3109,815267840,2.4701,0.000529,0.356,0.8,2026-09-20T07:03:34.974398+00:00
3110,815529984,2.4086,0.000529,0.833,0.8,2026-09-20T07:03:35.790815+00:00
3111,815792128,2.3877,0.000529,0.424,0.8,2026-09-20T07:03:36.607134+00:00
3112,816054272,2.4253,0.000529,0.802,0.8,2026-09-20T07:03:37.425328+00:00
3113,816316416,2.3921,0.000529,0.619,0.8,2026-09-20T07:03:38.239066+00:00
3114,816578560,2.4522,0.000529,0.557,0.8,2026-09-20T07:03:39.063312+00:00
3115,816840704,2.4502,0.000529,0.483,0.8,2026-09-20T07:03:39.880603+00:00
3116,817102848,2.4134,0.000528,0.462,0.8,2026-09-20T07:03:40.697924+00:00
3117,817364992,2.4154,0.000528,0.349,0.8,2026-09-20T07:03:41.513304+00:00
3118,817627136,2.363,0.000528,0.461,0.8,2026-09-20T07:03:42.337565+00:00
3119,817889280,2.4289,0.000528,0.359,0.8,2026-09-20T07:03:43.144438+00:00
3120,818151424,2.4077,0.000528,0.342,0.8,2026-09-20T07:03:43.969143+00:00
3121,818413568,2.375,0.000528,0.36,0.8,2026-09-20T07:03:44.801764+00:00
3122,818675712,2.3946,0.000528,0.326,0.8,2026-09-20T07:03:45.628133+00:00
3123,818937856,2.3954,0.000528,0.313,0.8,2026-09-20T07:03:46.459254+00:00
3124,819200000,2.3276,0.000528,0.303,0.8,2026-09-20T07:03:47.292684+00:00
3125,819462144,2.4454,0.000528,0.439,0.8,2026-09-20T07:03:48.114500+00:00
3126,819724288,2.3764,0.000528,0.878,0.8,2026-09-20T07:03:48.927127+00:00
3127,819986432,2.4408,0.000528,0.552,0.8,2026-09-20T07:03:49.727789+00:00
3128,820248576,2.3925,0.000528,0.419,0.8,2026-09-20T07:03:50.537265+00:00
3129,820510720,2.4245,0.000528,0.42,0.8,2026-09-20T07:03:51.351571+00:00
3130,820772864,2.3682,0.000528,0.384,0.8,2026-09-20T07:03:52.154032+00:00
3131,821035008,2.3499,0.000528,0.431,0.8,2026-09-20T07:03:52.966946+00:00
3132,821297152,2.4178,0.000528,0.464,0.8,2026-09-20T07:03:53.768112+00:00
3133,821559296,2.4416,0.000528,0.514,0.8,2026-09-20T07:03:54.566610+00:00
3134,821821440,2.3928,0.000528,0.432,0.8,2026-09-20T07:03:55.364644+00:00
3135,822083584,2.4001,0.000527,0.453,0.8,2026-09-20T07:03:56.163334+00:00
3136,822345728,2.3967,0.000527,0.402,0.8,2026-09-20T07:03:56.969135+00:00
3137,822607872,2.3719,0.000527,0.379,0.8,2026-09-20T07:03:57.762200+00:00
3138,822870016,2.374,0.000527,0.649,0.8,2026-09-20T07:03:58.557744+00:00
3139,823132160,2.4448,0.000527,0.55,0.8,2026-09-20T07:03:59.360774+00:00
3140,823394304,2.4283,0.000527,0.536,0.8,2026-09-20T07:04:00.163774+00:00
3141,823656448,2.4079,0.000527,0.461,0.8,2026-09-20T07:04:00.968657+00:00
3142,823918592,2.3968,0.000527,0.436,0.8,2026-09-20T07:04:01.762226+00:00
3143,824180736,2.3765,0.000527,0.382,0.8,2026-09-20T07:04:02.563959+00:00
3144,824442880,2.3609,0.000527,0.398,0.8,2026-09-20T07:04:03.356025+00:00
3145,824705024,2.3622,0.000527,0.323,0.8,2026-09-20T07:04:04.153832+00:00
3146,824967168,2.3871,0.000527,0.332,0.8,2026-09-20T07:04:04.945995+00:00
3147,825229312,2.3674,0.000527,0.335,0.8,2026-09-20T07:04:05.740890+00:00
3148,825491456,2.4007,0.000527,0.334,0.8,2026-09-20T07:04:06.547174+00:00
3149,825753600,2.304,0.000527,0.591,0.8,2026-09-20T07:04:07.349057+00:00
3150,826015744,2.4244,0.000527,0.39,0.8,2026-09-20T07:04:08.157407+00:00
3151,826277888,2.4379,0.000527,0.361,0.8,2026-09-20T07:04:08.961380+00:00
3152,826540032,2.3661,0.000527,0.422,0.8,2026-09-20T07:04:09.758584+00:00
3153,826802176,2.4383,0.000526,0.4,0.8,2026-09-20T07:04:10.558412+00:00
3154,827064320,2.4025,0.000526,0.419,0.8,2026-09-20T07:04:11.359823+00:00
3155,827326464,2.3846,0.000526,0.542,0.8,2026-09-20T07:04:12.158725+00:00
3156,827588608,2.4014,0.000526,0.432,0.8,2026-09-20T07:04:12.948640+00:00
3157,827850752,2.4537,0.000526,0.648,0.8,2026-09-20T07:04:13.745928+00:00
3158,828112896,2.4058,0.000526,0.58,0.8,2026-09-20T07:04:14.551513+00:00
3159,828375040,2.3635,0.000526,0.618,0.8,2026-09-20T07:04:15.365298+00:00
3160,828637184,2.4017,0.000526,0.44,0.8,2026-09-20T07:04:16.173182+00:00
3161,828899328,2.3931,0.000526,0.398,0.8,2026-09-20T07:04:16.979431+00:00
3162,829161472,2.3827,0.000526,0.405,0.8,2026-09-20T07:04:17.766112+00:00
3163,829423616,2.3722,0.000526,0.389,0.8,2026-09-20T07:04:18.559649+00:00
3164,829685760,2.4683,0.000526,0.313,0.8,2026-09-20T07:04:19.354155+00:00
3165,829947904,2.3389,0.000526,0.363,0.8,2026-09-20T07:04:20.140292+00:00
3166,830210048,2.3977,0.000526,0.45,0.8,2026-09-20T07:04:20.930181+00:00
3167,830472192,2.3932,0.000526,0.331,0.8,2026-09-20T07:04:21.719789+00:00
3168,830734336,2.3173,0.000526,0.364,0.8,2026-09-20T07:04:22.511770+00:00
3169,830996480,2.3728,0.000526,0.343,0.8,2026-09-20T07:04:23.307112+00:00
3170,831258624,2.3918,0.000526,0.348,0.8,2026-09-20T07:04:24.103024+00:00
3171,831520768,2.4373,0.000526,0.37,0.8,2026-09-20T07:04:24.898692+00:00
3172,831782912,2.3629,0.000525,0.338,0.8,2026-09-20T07:04:25.691251+00:00
3173,832045056,2.441,0.000525,0.505,0.8,2026-09-20T07:04:26.490011+00:00
3174,832307200,2.3892,0.000525,0.522,0.8,2026-09-20T07:04:27.286965+00:00
3175,832569344,2.4329,0.000525,0.431,0.8,2026-09-20T07:04:28.075577+00:00
3176,832831488,2.443,0.000525,0.419,0.8,2026-09-20T07:04:28.873766+00:00
3177,833093632,2.4224,0.000525,0.354,0.8,2026-09-20T07:04:29.667691+00:00
3178,833355776,2.4382,0.000525,0.365,0.8,2026-09-20T07:04:30.464227+00:00
3179,833617920,2.4038,0.000525,0.318,0.8,2026-09-20T07:04:31.263027+00:00
3180,833880064,2.4331,0.000525,0.351,0.8,2026-09-20T07:04:32.073169+00:00
3181,834142208,2.3445,0.000525,0.431,0.8,2026-09-20T07:04:32.877517+00:00
3182,834404352,2.3821,0.000525,0.379,0.8,2026-09-20T07:04:33.672511+00:00
3183,834666496,2.4312,0.000525,0.398,0.8,2026-09-20T07:04:34.480815+00:00
3184,834928640,2.3934,0.000525,0.34,0.8,2026-09-20T07:04:35.283108+00:00
3185,835190784,2.3442,0.000525,0.406,0.8,2026-09-20T07:04:36.103679+00:00
3186,835452928,2.3731,0.000525,0.388,0.8,2026-09-20T07:04:36.905988+00:00
3187,835715072,2.4269,0.000525,0.58,0.8,2026-09-20T07:04:37.708226+00:00
3188,835977216,2.3722,0.000525,0.56,0.8,2026-09-20T07:04:38.530870+00:00
3189,836239360,2.4144,0.000525,0.517,0.8,2026-09-20T07:04:39.336325+00:00
3190,836501504,2.3277,0.000524,0.439,0.8,2026-09-20T07:04:40.143703+00:00
3191,836763648,2.3782,0.000524,0.483,0.8,2026-09-20T07:04:40.945092+00:00
3192,837025792,2.4052,0.000524,0.525,0.9,2026-09-20T07:04:41.799679+00:00
3193,837287936,2.44,0.000524,0.606,0.8,2026-09-20T07:04:42.621871+00:00
3194,837550080,2.353,0.000524,0.521,0.8,2026-09-20T07:04:43.431616+00:00
3195,837812224,2.3883,0.000524,0.514,0.8,2026-09-20T07:04:44.241971+00:00
3196,838074368,2.4016,0.000524,0.398,0.8,2026-09-20T07:04:45.059191+00:00
3197,838336512,2.3565,0.000524,0.348,0.8,2026-09-20T07:04:45.866449+00:00
3198,838598656,2.3659,0.000524,0.392,0.8,2026-09-20T07:04:46.686029+00:00
3199,838860800,2.3912,0.000524,0.394,0.8,2026-09-20T07:04:47.494290+00:00
3200,839122944,2.4373,0.000524,0.478,0.8,2026-09-20T07:04:48.307492+00:00
3201,839385088,2.4125,0.000524,0.49,0.8,2026-09-20T07:04:49.132352+00:00
3202,839647232,2.3836,0.000524,0.438,0.8,2026-09-20T07:04:49.941273+00:00
3203,839909376,2.3677,0.000524,0.38,0.8,2026-09-20T07:04:50.764514+00:00
3204,840171520,2.3631,0.000524,0.428,0.8,2026-09-20T07:04:51.583696+00:00
3205,840433664,2.3517,0.000524,0.392,0.8,2026-09-20T07:04:52.394805+00:00
3206,840695808,2.4579,0.000524,0.4,0.8,2026-09-20T07:04:53.209485+00:00
3207,840957952,2.4559,0.000524,0.41,0.8,2026-09-20T07:04:54.031234+00:00
3208,841220096,2.3716,0.000523,0.48,0.8,2026-09-20T07:04:54.854546+00:00
3209,841482240,2.3904,0.000523,1.05,0.8,2026-09-20T07:04:55.674045+00:00
3210,841744384,2.3351,0.000523,0.536,0.8,2026-09-20T07:04:56.483707+00:00
3211,842006528,2.4319,0.000523,0.382,0.8,2026-09-20T07:04:57.331086+00:00
3212,842268672,2.3782,0.000523,0.422,0.8,2026-09-20T07:04:58.144406+00:00
3213,842530816,2.3818,0.000523,0.376,0.8,2026-09-20T07:04:58.959343+00:00
3214,842792960,2.426,0.000523,0.493,0.8,2026-09-20T07:04:59.776620+00:00
3215,843055104,2.3575,0.000523,0.9,0.8,2026-09-20T07:05:00.593149+00:00
3216,843317248,2.3708,0.000523,0.564,0.8,2026-09-20T07:05:01.413707+00:00
3217,843579392,2.4216,0.000523,1.631,0.8,2026-09-20T07:05:02.225833+00:00
3218,843841536,2.3932,0.000523,0.564,0.8,2026-09-20T07:05:03.039688+00:00
3219,844103680,2.4373,0.000523,1.389,0.8,2026-09-20T07:05:03.864012+00:00
3220,844365824,2.4289,0.000523,3.932,0.8,2026-09-20T07:05:04.680310+00:00
3221,844627968,2.5514,0.000523,0.784,0.8,2026-09-20T07:05:05.497676+00:00
3222,844890112,2.4416,0.000523,1.09,0.8,2026-09-20T07:05:06.324794+00:00
3223,845152256,2.4701,0.000523,0.524,0.8,2026-09-20T07:05:07.143831+00:00
3224,845414400,2.4176,0.000523,0.579,0.8,2026-09-20T07:05:07.963642+00:00
3225,845676544,2.3879,0.000523,0.42,0.8,2026-09-20T07:05:08.774843+00:00
3226,845938688,2.4089,0.000523,0.433,0.8,2026-09-20T07:05:09.587414+00:00
3227,846200832,2.3588,0.000522,0.379,0.8,2026-09-20T07:05:10.413526+00:00
3228,846462976,2.3685,0.000522,0.57,0.8,2026-09-20T07:05:11.235528+00:00
3229,846725120,2.3579,0.000522,0.4,0.8,2026-09-20T07:05:12.049932+00:00
3230,846987264,2.3229,0.000522,0.412,0.8,2026-09-20T07:05:12.858520+00:00
3231,847249408,2.4322,0.000522,0.309,0.8,2026-09-20T07:05:13.658649+00:00
3232,847511552,2.41,0.000522,0.291,0.8,2026-09-20T07:05:14.480514+00:00
3233,847773696,2.4325,0.000522,0.387,0.8,2026-09-20T07:05:15.279266+00:00
3234,848035840,2.4416,0.000522,0.319,0.8,2026-09-20T07:05:16.082192+00:00
3235,848297984,2.3972,0.000522,0.319,0.8,2026-09-20T07:05:16.896989+00:00
3236,848560128,2.4024,0.000522,0.388,0.8,2026-09-20T07:05:17.706044+00:00
3237,848822272,2.3535,0.000522,0.271,0.8,2026-09-20T07:05:18.526666+00:00
3238,849084416,2.3116,0.000522,0.744,0.8,2026-09-20T07:05:19.334283+00:00
3239,849346560,2.4637,0.000522,0.392,0.8,2026-09-20T07:05:20.129670+00:00
3240,849608704,2.3749,0.000522,0.274,0.8,2026-09-20T07:05:20.941398+00:00
3241,849870848,2.3721,0.000522,0.379,0.8,2026-09-20T07:05:21.755800+00:00
3242,850132992,2.3849,0.000522,0.337,0.8,2026-09-20T07:05:22.569137+00:00
3243,850395136,2.3942,0.000522,0.38,0.8,2026-09-20T07:05:23.384251+00:00
3244,850657280,2.4063,0.000522,0.322,0.8,2026-09-20T07:05:24.191779+00:00
3245,850919424,2.391,0.000521,0.435,0.8,2026-09-20T07:05:25.002339+00:00
3246,851181568,2.431,0.000521,0.317,0.8,2026-09-20T07:05:25.809841+00:00
3247,851443712,2.3716,0.000521,0.398,0.8,2026-09-20T07:05:26.627215+00:00
3248,851705856,2.4519,0.000521,0.467,0.8,2026-09-20T07:05:27.442419+00:00
3249,851968000,2.4188,0.000521,0.382,0.8,2026-09-20T07:05:28.268798+00:00
3250,852230144,2.4645,0.000521,0.39,0.9,2026-09-20T07:05:51.979932+00:00
3251,852492288,2.3491,0.000521,0.343,1.0,2026-09-20T07:05:52.935474+00:00
3252,852754432,2.3403,0.000521,0.346,0.9,2026-09-20T07:05:53.837142+00:00
3253,853016576,2.3736,0.000521,0.334,0.9,2026-09-20T07:05:54.746006+00:00
3254,853278720,2.4136,0.000521,0.334,0.9,2026-09-20T07:05:55.611417+00:00
3255,853540864,2.3902,0.000521,0.428,0.8,2026-09-20T07:05:56.455752+00:00
3256,853803008,2.4231,0.000521,0.357,0.9,2026-09-20T07:05:57.311541+00:00
3257,854065152,2.4195,0.000521,1.336,0.8,2026-09-20T07:05:58.147630+00:00
3258,854327296,2.3581,0.000521,0.521,0.8,2026-09-20T07:05:58.981714+00:00
3259,854589440,2.4351,0.000521,0.423,0.8,2026-09-20T07:05:59.815861+00:00
3260,854851584,2.3794,0.000521,0.485,0.8,2026-09-20T07:06:00.662860+00:00
3261,855113728,2.4026,0.000521,0.428,0.8,2026-09-20T07:06:01.478104+00:00
3262,855375872,2.3799,0.000521,0.443,0.8,2026-09-20T07:06:02.311258+00:00
3263,855638016,2.3698,0.00052,0.417,0.8,2026-09-20T07:06:03.134062+00:00
3264,855900160,2.3283,0.00052,0.481,0.8,2026-09-20T07:06:03.950921+00:00
3265,856162304,2.4166,0.00052,0.616,0.8,2026-09-20T07:06:04.787587+00:00
3266,856424448,2.3978,0.00052,0.53,0.8,2026-09-20T07:06:05.617344+00:00
3267,856686592,2.4457,0.00052,0.479,0.8,2026-09-20T07:06:06.424138+00:00
3268,856948736,2.395,0.00052,0.475,0.8,2026-09-20T07:06:07.225395+00:00
3269,857210880,2.4045,0.00052,0.459,0.8,2026-09-20T07:06:08.060575+00:00
3270,857473024,2.3563,0.00052,0.474,0.8,2026-09-20T07:06:08.867762+00:00
3271,857735168,2.3659,0.00052,0.618,0.8,2026-09-20T07:06:09.676233+00:00
3272,857997312,2.428,0.00052,0.445,0.8,2026-09-20T07:06:10.493412+00:00
3273,858259456,2.3638,0.00052,0.487,0.8,2026-09-20T07:06:11.301940+00:00
3274,858521600,2.3832,0.00052,0.369,0.8,2026-09-20T07:06:12.114133+00:00
3275,858783744,2.3607,0.00052,0.393,0.8,2026-09-20T07:06:12.928846+00:00
3276,859045888,2.3716,0.00052,0.497,0.8,2026-09-20T07:06:13.733628+00:00
3277,859308032,2.3872,0.00052,0.469,0.8,2026-09-20T07:06:14.534325+00:00
3278,859570176,2.3471,0.00052,0.436,0.8,2026-09-20T07:06:15.352173+00:00
3279,859832320,2.4196,0.00052,0.415,0.8,2026-09-20T07:06:16.167336+00:00
3280,860094464,2.3802,0.000519,0.439,0.8,2026-09-20T07:06:16.963728+00:00
3281,860356608,2.3414,0.000519,0.399,0.8,2026-09-20T07:06:17.767711+00:00
3282,860618752,2.3871,0.000519,0.384,0.8,2026-09-20T07:06:18.580351+00:00
3283,860880896,2.3441,0.000519,0.602,0.8,2026-09-20T07:06:19.387131+00:00
3284,861143040,2.3991,0.000519,0.365,0.8,2026-09-20T07:06:20.192727+00:00
3285,861405184,2.3852,0.000519,0.5,0.8,2026-09-20T07:06:21.016863+00:00
3286,861667328,2.3555,0.000519,0.429,0.8,2026-09-20T07:06:21.835653+00:00
3287,861929472,2.3269,0.000519,0.448,0.8,2026-09-20T07:06:22.644678+00:00
3288,862191616,2.3563,0.000519,0.371,0.8,2026-09-20T07:06:23.480887+00:00
3289,862453760,2.3597,0.000519,0.442,0.8,2026-09-20T07:06:24.287410+00:00
3290,862715904,2.3587,0.000519,0.431,0.8,2026-09-20T07:06:25.091010+00:00
3291,862978048,2.3709,0.000519,0.346,0.8,2026-09-20T07:06:25.905986+00:00
3292,863240192,2.3798,0.000519,0.383,0.8,2026-09-20T07:06:26.722994+00:00
3293,863502336,2.3694,0.000519,0.362,0.8,2026-09-20T07:06:27.536819+00:00
3294,863764480,2.3452,0.000519,0.644,0.8,2026-09-20T07:06:28.360702+00:00
3295,864026624,2.3781,0.000519,0.594,0.8,2026-09-20T07:06:29.166401+00:00
3296,864288768,2.4029,0.000519,0.574,0.8,2026-09-20T07:06:29.975593+00:00
3297,864550912,2.4338,0.000519,0.599,0.8,2026-09-20T07:06:30.783332+00:00
3298,864813056,2.3705,0.000518,0.397,0.8,2026-09-20T07:06:31.598105+00:00
3299,865075200,2.3955,0.000518,0.397,0.8,2026-09-20T07:06:32.399064+00:00
3300,865337344,2.4357,0.000518,0.415,0.8,2026-09-20T07:06:33.209946+00:00
3301,865599488,2.364,0.000518,0.45,0.8,2026-09-20T07:06:34.003188+00:00
3302,865861632,2.4112,0.000518,0.447,0.8,2026-09-20T07:06:34.799438+00:00
3303,866123776,2.3852,0.000518,0.496,0.8,2026-09-20T07:06:35.595360+00:00
3304,866385920,2.351,0.000518,0.48,0.8,2026-09-20T07:06:36.391305+00:00
3305,866648064,2.406,0.000518,0.459,0.8,2026-09-20T07:06:37.185385+00:00
3306,866910208,2.4149,0.000518,0.445,0.8,2026-09-20T07:06:37.991132+00:00
3307,867172352,2.3894,0.000518,0.568,0.8,2026-09-20T07:06:38.781860+00:00
3308,867434496,2.3595,0.000518,0.655,0.8,2026-09-20T07:06:39.577238+00:00
3309,867696640,2.4237,0.000518,0.4,0.8,2026-09-20T07:06:40.373505+00:00
3310,867958784,2.3648,0.000518,0.617,0.8,2026-09-20T07:06:41.184555+00:00
3311,868220928,2.3653,0.000518,0.521,0.8,2026-09-20T07:06:41.987129+00:00
3312,868483072,2.4439,0.000518,0.761,0.8,2026-09-20T07:06:42.786703+00:00
3313,868745216,2.4179,0.000518,0.713,0.8,2026-09-20T07:06:43.579354+00:00
3314,869007360,2.3527,0.000518,0.615,0.8,2026-09-20T07:06:44.373969+00:00
3315,869269504,2.3627,0.000518,0.619,0.8,2026-09-20T07:06:45.164404+00:00
3316,869531648,2.4345,0.000517,0.44,0.8,2026-09-20T07:06:45.959591+00:00
3317,869793792,2.4125,0.000517,0.425,0.8,2026-09-20T07:06:46.749254+00:00
3318,870055936,2.3641,0.000517,0.366,0.8,2026-09-20T07:06:47.541271+00:00
3319,870318080,2.3229,0.000517,0.443,0.8,2026-09-20T07:06:48.327848+00:00
3320,870580224,2.3786,0.000517,0.38,0.8,2026-09-20T07:06:49.122546+00:00
3321,870842368,2.3797,0.000517,0.515,0.8,2026-09-20T07:06:49.910739+00:00
3322,871104512,2.3712,0.000517,0.383,0.8,2026-09-20T07:06:50.721107+00:00
3323,871366656,2.3157,0.000517,0.428,0.8,2026-09-20T07:06:51.524037+00:00
3324,871628800,2.35,0.000517,0.363,0.8,2026-09-20T07:06:52.332714+00:00
3325,871890944,2.396,0.000517,0.37,0.8,2026-09-20T07:06:53.147204+00:00
3326,872153088,2.3755,0.000517,0.356,0.8,2026-09-20T07:06:53.961205+00:00
3327,872415232,2.4244,0.000517,0.479,0.8,2026-09-20T07:06:54.786291+00:00
3328,872677376,2.4052,0.000517,0.421,0.8,2026-09-20T07:06:55.598635+00:00
3329,872939520,2.361,0.000517,0.43,0.8,2026-09-20T07:06:56.400232+00:00
3330,873201664,2.3652,0.000517,0.428,0.8,2026-09-20T07:06:57.215533+00:00
3331,873463808,2.3904,0.000517,0.482,0.8,2026-09-20T07:06:58.019472+00:00
3332,873725952,2.3821,0.000517,0.418,0.8,2026-09-20T07:06:58.836457+00:00
3333,873988096,2.3873,0.000516,0.397,0.8,2026-09-20T07:06:59.636891+00:00
3334,874250240,2.4159,0.000516,0.43,0.8,2026-09-20T07:07:00.451006+00:00
3335,874512384,2.3895,0.000516,0.387,0.8,2026-09-20T07:07:01.278962+00:00
3336,874774528,2.353,0.000516,0.41,0.8,2026-09-20T07:07:02.088990+00:00
3337,875036672,2.3075,0.000516,0.401,0.8,2026-09-20T07:07:02.901984+00:00
3338,875298816,2.3403,0.000516,0.483,0.8,2026-09-20T07:07:03.707782+00:00
3339,875560960,2.3673,0.000516,0.378,0.8,2026-09-20T07:07:04.518647+00:00
3340,875823104,2.3762,0.000516,0.466,0.8,2026-09-20T07:07:05.323726+00:00
3341,876085248,2.4141,0.000516,1.266,0.8,2026-09-20T07:07:06.132837+00:00
3342,876347392,2.4229,0.000516,0.771,0.8,2026-09-20T07:07:06.952479+00:00
3343,876609536,2.4259,0.000516,0.857,0.8,2026-09-20T07:07:07.757272+00:00
3344,876871680,2.4305,0.000516,0.725,0.8,2026-09-20T07:07:08.594460+00:00
3345,877133824,2.4002,0.000516,0.594,0.8,2026-09-20T07:07:09.422512+00:00
3346,877395968,2.4296,0.000516,0.606,0.8,2026-09-20T07:07:10.241825+00:00
3347,877658112,2.3392,0.000516,0.426,0.8,2026-09-20T07:07:11.055709+00:00
3348,877920256,2.4117,0.000516,0.695,0.8,2026-09-20T07:07:11.866357+00:00
3349,878182400,2.4309,0.000516,0.439,0.8,2026-09-20T07:07:12.674700+00:00
3350,878444544,2.3878,0.000516,0.486,0.8,2026-09-20T07:07:13.490196+00:00
3351,878706688,2.4183,0.000515,0.442,0.8,2026-09-20T07:07:14.305149+00:00
3352,878968832,2.3325,0.000515,0.398,0.8,2026-09-20T07:07:15.100965+00:00
3353,879230976,2.4293,0.000515,0.488,0.8,2026-09-20T07:07:15.904783+00:00
3354,879493120,2.3936,0.000515,0.404,0.8,2026-09-20T07:07:16.717345+00:00
3355,879755264,2.3611,0.000515,0.412,0.8,2026-09-20T07:07:17.545437+00:00
3356,880017408,2.3558,0.000515,0.537,0.8,2026-09-20T07:07:18.358543+00:00
3357,880279552,2.3311,0.000515,0.681,0.8,2026-09-20T07:07:19.164088+00:00
3358,880541696,2.3748,0.000515,0.566,0.8,2026-09-20T07:07:19.975200+00:00
3359,880803840,2.3939,0.000515,0.476,0.8,2026-09-20T07:07:20.791893+00:00
3360,881065984,2.3825,0.000515,0.485,0.8,2026-09-20T07:07:21.606936+00:00
3361,881328128,2.4055,0.000515,0.599,0.8,2026-09-20T07:07:22.420002+00:00
3362,881590272,2.4236,0.000515,0.522,0.8,2026-09-20T07:07:23.237818+00:00
3363,881852416,2.3827,0.000515,0.53,0.8,2026-09-20T07:07:24.063853+00:00
3364,882114560,2.3765,0.000515,0.604,0.8,2026-09-20T07:07:24.879785+00:00
3365,882376704,2.3965,0.000515,0.54,0.8,2026-09-20T07:07:25.688050+00:00
3366,882638848,2.3761,0.000515,0.604,0.8,2026-09-20T07:07:26.513996+00:00
3367,882900992,2.3956,0.000515,0.614,0.8,2026-09-20T07:07:27.318693+00:00
3368,883163136,2.3447,0.000514,0.519,0.8,2026-09-20T07:07:28.141046+00:00
3369,883425280,2.436,0.000514,0.584,0.8,2026-09-20T07:07:28.953165+00:00
3370,883687424,2.3482,0.000514,1.512,0.8,2026-09-20T07:07:29.769530+00:00
3371,883949568,2.4336,0.000514,0.508,0.8,2026-09-20T07:07:30.587950+00:00
3372,884211712,2.3886,0.000514,0.557,0.8,2026-09-20T07:07:31.410972+00:00
3373,884473856,2.3973,0.000514,0.413,0.8,2026-09-20T07:07:32.219881+00:00
3374,884736000,2.386,0.000514,0.53,0.8,2026-09-20T07:07:33.033450+00:00
3375,884998144,2.4026,0.000514,0.464,0.8,2026-09-20T07:07:33.842138+00:00
3376,885260288,2.3905,0.000514,1.326,0.8,2026-09-20T07:07:34.661633+00:00
3377,885522432,2.4209,0.000514,0.56,0.8,2026-09-20T07:07:35.487406+00:00
3378,885784576,2.3767,0.000514,0.755,0.8,2026-09-20T07:07:36.290295+00:00
3379,886046720,2.4271,0.000514,0.715,0.8,2026-09-20T07:07:37.110005+00:00
3380,886308864,2.3604,0.000514,0.834,0.8,2026-09-20T07:07:37.924658+00:00
3381,886571008,2.3657,0.000514,0.837,0.8,2026-09-20T07:07:38.736246+00:00
3382,886833152,2.4315,0.000514,0.775,0.8,2026-09-20T07:07:39.548295+00:00
3383,887095296,2.3608,0.000514,1.419,0.8,2026-09-20T07:07:40.355840+00:00
3384,887357440,2.3943,0.000514,1.077,0.8,2026-09-20T07:07:41.164717+00:00
3385,887619584,2.375,0.000514,0.588,0.8,2026-09-20T07:07:41.973733+00:00
3386,887881728,2.4125,0.000513,0.716,0.8,2026-09-20T07:07:42.780406+00:00
3387,888143872,2.4018,0.000513,1.426,0.8,2026-09-20T07:07:43.586675+00:00
3388,888406016,2.4194,0.000513,0.944,0.8,2026-09-20T07:07:44.385746+00:00
3389,888668160,2.3373,0.000513,0.834,0.8,2026-09-20T07:07:45.193986+00:00
3390,888930304,2.3895,0.000513,0.728,0.8,2026-09-20T07:07:45.987807+00:00
3391,889192448,2.3407,0.000513,0.604,0.8,2026-09-20T07:07:46.786020+00:00
3392,889454592,2.4109,0.000513,0.71,0.8,2026-09-20T07:07:47.583670+00:00
3393,889716736,2.3795,0.000513,0.587,0.8,2026-09-20T07:07:48.393038+00:00
3394,889978880,2.3672,0.000513,0.551,0.8,2026-09-20T07:07:49.190587+00:00
3395,890241024,2.3773,0.000513,0.652,0.8,2026-09-20T07:07:49.984936+00:00
3396,890503168,2.4135,0.000513,0.635,0.8,2026-09-20T07:07:50.784976+00:00
3397,890765312,2.3581,0.000513,0.564,0.8,2026-09-20T07:07:51.592192+00:00
3398,891027456,2.373,0.000513,0.601,0.8,2026-09-20T07:07:52.388871+00:00
3399,891289600,2.3819,0.000513,0.687,0.8,2026-09-20T07:07:53.191100+00:00
3400,891551744,2.454,0.000513,0.86,0.8,2026-09-20T07:07:53.986696+00:00
3401,891813888,2.3026,0.000513,0.462,0.8,2026-09-20T07:07:54.781142+00:00
3402,892076032,2.3283,0.000513,1.542,0.8,2026-09-20T07:07:55.571115+00:00
3403,892338176,2.4032,0.000512,0.578,0.8,2026-09-20T07:07:56.363946+00:00
3404,892600320,2.4456,0.000512,0.536,0.8,2026-09-20T07:07:57.154490+00:00
3405,892862464,2.4612,0.000512,0.583,0.8,2026-09-20T07:07:57.951503+00:00
3406,893124608,2.3705,0.000512,0.518,0.8,2026-09-20T07:07:58.739447+00:00
3407,893386752,2.4815,0.000512,0.572,0.8,2026-09-20T07:07:59.527438+00:00
3408,893648896,2.3449,0.000512,0.647,0.8,2026-09-20T07:08:00.314155+00:00
3409,893911040,2.3998,0.000512,2.607,0.8,2026-09-20T07:08:01.096579+00:00
3410,894173184,2.3895,0.000512,0.977,0.8,2026-09-20T07:08:01.886438+00:00
3411,894435328,2.4368,0.000512,0.965,0.8,2026-09-20T07:08:02.682519+00:00
3412,894697472,2.3958,0.000512,1.619,0.8,2026-09-20T07:08:03.494868+00:00
3413,894959616,2.3952,0.000512,0.707,0.8,2026-09-20T07:08:04.288972+00:00
3414,895221760,2.3973,0.000512,0.551,0.8,2026-09-20T07:08:05.092137+00:00
3415,895483904,2.4613,0.000512,0.598,0.8,2026-09-20T07:08:05.893217+00:00
3416,895746048,2.3568,0.000512,0.525,0.8,2026-09-20T07:08:06.681434+00:00
3417,896008192,2.4203,0.000512,0.596,0.8,2026-09-20T07:08:07.480765+00:00
3418,896270336,2.3475,0.000512,0.53,0.8,2026-09-20T07:08:08.270882+00:00
3419,896532480,2.4344,0.000512,0.519,0.8,2026-09-20T07:08:09.059683+00:00
3420,896794624,2.3635,0.000511,0.588,0.8,2026-09-20T07:08:09.855476+00:00
3421,897056768,2.3626,0.000511,0.535,0.8,2026-09-20T07:08:10.645005+00:00
3422,897318912,2.4096,0.000511,0.782,0.8,2026-09-20T07:08:11.437655+00:00
3423,897581056,2.4077,0.000511,0.561,0.8,2026-09-20T07:08:12.242877+00:00
3424,897843200,2.4032,0.000511,0.611,0.8,2026-09-20T07:08:13.034302+00:00
3425,898105344,2.3916,0.000511,0.71,0.8,2026-09-20T07:08:13.830862+00:00
3426,898367488,2.3575,0.000511,0.903,0.8,2026-09-20T07:08:14.628518+00:00
3427,898629632,2.3545,0.000511,0.572,0.8,2026-09-20T07:08:15.418196+00:00
3428,898891776,2.3266,0.000511,0.676,0.8,2026-09-20T07:08:16.207716+00:00
3429,899153920,2.388,0.000511,1.645,0.8,2026-09-20T07:08:17.004153+00:00
3430,899416064,2.3818,0.000511,0.629,0.8,2026-09-20T07:08:17.802338+00:00
3431,899678208,2.3927,0.000511,0.704,0.8,2026-09-20T07:08:18.598032+00:00
3432,899940352,2.4666,0.000511,0.501,0.8,2026-09-20T07:08:19.392209+00:00
3433,900202496,2.4201,0.000511,0.549,0.8,2026-09-20T07:08:20.188477+00:00
3434,900464640,2.3931,0.000511,0.589,0.8,2026-09-20T07:08:20.983688+00:00
3435,900726784,2.3681,0.000511,0.583,0.8,2026-09-20T07:08:21.774997+00:00
3436,900988928,2.3563,0.000511,0.532,0.8,2026-09-20T07:08:22.565318+00:00
3437,901251072,2.393,0.00051,0.561,0.8,2026-09-20T07:08:23.349082+00:00
3438,901513216,2.3818,0.00051,0.552,0.8,2026-09-20T07:08:24.151791+00:00
3439,901775360,2.4621,0.00051,0.507,0.8,2026-09-20T07:08:24.960220+00:00
3440,902037504,2.4086,0.00051,0.404,0.8,2026-09-20T07:08:25.758367+00:00
3441,902299648,2.3733,0.00051,0.702,0.8,2026-09-20T07:08:26.564473+00:00
3442,902561792,2.3538,0.00051,0.432,0.8,2026-09-20T07:08:27.379239+00:00
3443,902823936,2.3334,0.00051,0.499,0.8,2026-09-20T07:08:28.186076+00:00
3444,903086080,2.3922,0.00051,0.511,0.8,2026-09-20T07:08:28.986413+00:00
3445,903348224,2.4066,0.00051,0.521,0.8,2026-09-20T07:08:29.784090+00:00
3446,903610368,2.3666,0.00051,0.488,0.8,2026-09-20T07:08:30.586514+00:00
3447,903872512,2.3862,0.00051,0.538,0.8,2026-09-20T07:08:31.386039+00:00
3448,904134656,2.3651,0.00051,0.457,0.8,2026-09-20T07:08:32.183780+00:00
3449,904396800,2.3809,0.00051,0.667,0.8,2026-09-20T07:08:32.988961+00:00
3450,904658944,2.4026,0.00051,0.55,0.8,2026-09-20T07:08:33.792437+00:00
3451,904921088,2.4413,0.00051,0.59,0.8,2026-09-20T07:08:34.587695+00:00
3452,905183232,2.3421,0.00051,0.544,0.8,2026-09-20T07:08:35.388394+00:00
3453,905445376,2.3853,0.00051,0.676,0.8,2026-09-20T07:08:36.187969+00:00
3454,905707520,2.4199,0.000509,0.707,0.8,2026-09-20T07:08:36.979715+00:00
3455,905969664,2.3969,0.000509,0.824,0.8,2026-09-20T07:08:37.782345+00:00
3456,906231808,2.3786,0.000509,0.791,0.8,2026-09-20T07:08:38.584079+00:00
3457,906493952,2.3942,0.000509,0.722,0.8,2026-09-20T07:08:39.376830+00:00
3458,906756096,2.3717,0.000509,0.601,0.8,2026-09-20T07:08:40.184065+00:00
3459,907018240,2.4002,0.000509,0.941,0.8,2026-09-20T07:08:40.984822+00:00
3460,907280384,2.3882,0.000509,0.488,0.8,2026-09-20T07:08:41.793581+00:00
3461,907542528,2.3847,0.000509,0.573,0.8,2026-09-20T07:08:42.603717+00:00
3462,907804672,2.3598,0.000509,0.47,0.8,2026-09-20T07:08:43.412391+00:00
3463,908066816,2.3713,0.000509,0.481,0.8,2026-09-20T07:08:44.215706+00:00
3464,908328960,2.4008,0.000509,0.487,0.8,2026-09-20T07:08:45.018147+00:00
3465,908591104,2.3332,0.000509,0.544,0.8,2026-09-20T07:08:45.823988+00:00
3466,908853248,2.3479,0.000509,0.521,0.8,2026-09-20T07:08:46.620873+00:00
3467,909115392,2.2784,0.000509,0.433,0.8,2026-09-20T07:08:47.424258+00:00
3468,909377536,2.4179,0.000509,0.674,0.8,2026-09-20T07:08:48.240562+00:00
3469,909639680,2.4068,0.000509,0.489,0.8,2026-09-20T07:08:49.044703+00:00
3470,909901824,2.3523,0.000509,0.468,0.8,2026-09-20T07:08:49.865109+00:00
3471,910163968,2.312,0.000508,0.671,0.8,2026-09-20T07:08:50.670501+00:00
3472,910426112,2.3983,0.000508,0.589,0.8,2026-09-20T07:08:51.499159+00:00
3473,910688256,2.3827,0.000508,0.76,0.8,2026-09-20T07:08:52.326699+00:00
3474,910950400,2.3906,0.000508,0.714,0.8,2026-09-20T07:08:53.139781+00:00
3475,911212544,2.2951,0.000508,0.83,0.8,2026-09-20T07:08:53.956690+00:00
3476,911474688,2.3648,0.000508,0.716,0.8,2026-09-20T07:08:54.769876+00:00
3477,911736832,2.3474,0.000508,0.943,0.8,2026-09-20T07:08:55.583321+00:00
3478,911998976,2.3711,0.000508,0.671,0.8,2026-09-20T07:08:56.396390+00:00
3479,912261120,2.3912,0.000508,0.748,0.8,2026-09-20T07:08:57.210733+00:00
3480,912523264,2.3966,0.000508,0.624,0.8,2026-09-20T07:08:58.020398+00:00
3481,912785408,2.4154,0.000508,0.809,0.8,2026-09-20T07:08:58.835532+00:00
3482,913047552,2.4184,0.000508,0.59,0.8,2026-09-20T07:08:59.651201+00:00
3483,913309696,2.4103,0.000508,0.581,0.8,2026-09-20T07:09:00.462535+00:00
3484,913571840,2.354,0.000508,0.614,0.8,2026-09-20T07:09:01.282947+00:00
3485,913833984,2.3929,0.000508,0.533,0.8,2026-09-20T07:09:02.101098+00:00
3486,914096128,2.3982,0.000508,0.472,0.8,2026-09-20T07:09:02.934954+00:00
3487,914358272,2.3389,0.000508,0.499,0.8,2026-09-20T07:09:03.751686+00:00
3488,914620416,2.3418,0.000507,0.528,0.8,2026-09-20T07:09:04.565168+00:00
3489,914882560,2.4132,0.000507,0.49,0.8,2026-09-20T07:09:05.399015+00:00
3490,915144704,2.3332,0.000507,0.504,0.8,2026-09-20T07:09:06.209764+00:00
3491,915406848,2.4513,0.000507,0.498,0.8,2026-09-20T07:09:07.022784+00:00
3492,915668992,2.3945,0.000507,0.611,0.8,2026-09-20T07:09:07.824230+00:00
3493,915931136,2.4466,0.000507,0.598,0.8,2026-09-20T07:09:08.641322+00:00
3494,916193280,2.3531,0.000507,0.611,0.8,2026-09-20T07:09:09.446980+00:00
3495,916455424,2.3898,0.000507,0.61,0.8,2026-09-20T07:09:10.262736+00:00
3496,916717568,2.408,0.000507,0.656,0.8,2026-09-20T07:09:11.081510+00:00
3497,916979712,2.4053,0.000507,0.715,0.8,2026-09-20T07:09:11.899577+00:00
3498,917241856,2.3903,0.000507,0.672,0.8,2026-09-20T07:09:12.718475+00:00
3499,917504000,2.3483,0.000507,0.605,0.8,2026-09-20T07:09:13.528109+00:00
3500,917766144,2.3776,0.000507,0.747,0.9,2026-09-20T07:09:38.807412+00:00
3501,918028288,2.3644,0.000507,0.642,0.9,2026-09-20T07:09:39.709363+00:00
3502,918290432,2.3637,0.000507,0.712,0.9,2026-09-20T07:09:40.631166+00:00
3503,918552576,2.3973,0.000507,0.572,0.9,2026-09-20T07:09:41.513098+00:00
3504,918814720,2.3949,0.000507,0.666,0.9,2026-09-20T07:09:42.370095+00:00
3505,919076864,2.3585,0.000506,0.786,0.9,2026-09-20T07:09:43.223039+00:00
3506,919339008,2.4048,0.000506,0.668,0.8,2026-09-20T07:09:44.053737+00:00
3507,919601152,2.366,0.000506,0.649,0.8,2026-09-20T07:09:44.902095+00:00
3508,919863296,2.4112,0.000506,0.62,0.9,2026-09-20T07:09:45.754193+00:00
3509,920125440,2.3874,0.000506,0.766,0.8,2026-09-20T07:09:46.593526+00:00
3510,920387584,2.3869,0.000506,0.876,0.8,2026-09-20T07:09:47.437742+00:00
3511,920649728,2.4436,0.000506,0.768,0.8,2026-09-20T07:09:48.277939+00:00
3512,920911872,2.4292,0.000506,0.768,0.8,2026-09-20T07:09:49.101382+00:00
3513,921174016,2.3716,0.000506,0.801,0.8,2026-09-20T07:09:49.921499+00:00
3514,921436160,2.3346,0.000506,0.643,0.8,2026-09-20T07:09:50.748945+00:00
3515,921698304,2.3535,0.000506,0.61,0.8,2026-09-20T07:09:51.573329+00:00
3516,921960448,2.36,0.000506,0.554,0.8,2026-09-20T07:09:52.390616+00:00
3517,922222592,2.4608,0.000506,0.554,0.8,2026-09-20T07:09:53.235332+00:00
3518,922484736,2.3693,0.000506,1.015,0.8,2026-09-20T07:09:54.058216+00:00
3519,922746880,2.4527,0.000506,0.653,0.8,2026-09-20T07:09:54.875628+00:00
3520,923009024,2.3511,0.000506,0.586,0.8,2026-09-20T07:09:55.692067+00:00
3521,923271168,2.412,0.000505,0.754,0.8,2026-09-20T07:09:56.531232+00:00
3522,923533312,2.3615,0.000505,0.782,0.8,2026-09-20T07:09:57.343865+00:00
3523,923795456,2.3982,0.000505,0.717,0.8,2026-09-20T07:09:58.166211+00:00
3524,924057600,2.3907,0.000505,0.631,0.8,2026-09-20T07:09:58.975862+00:00
3525,924319744,2.4024,0.000505,0.617,0.8,2026-09-20T07:09:59.801898+00:00
3526,924581888,2.455,0.000505,0.525,0.8,2026-09-20T07:10:00.622224+00:00
3527,924844032,2.4316,0.000505,0.577,0.8,2026-09-20T07:10:01.435132+00:00
3528,925106176,2.4735,0.000505,0.591,0.8,2026-09-20T07:10:02.252116+00:00
3529,925368320,2.4564,0.000505,0.722,0.8,2026-09-20T07:10:03.066261+00:00
3530,925630464,2.4192,0.000505,0.893,0.8,2026-09-20T07:10:03.883570+00:00
3531,925892608,2.3149,0.000505,0.653,0.8,2026-09-20T07:10:04.703671+00:00
3532,926154752,2.3226,0.000505,0.916,0.8,2026-09-20T07:10:05.515776+00:00
3533,926416896,2.3384,0.000505,0.759,0.8,2026-09-20T07:10:06.326503+00:00
3534,926679040,2.3652,0.000505,0.929,0.8,2026-09-20T07:10:07.133873+00:00
3535,926941184,2.3685,0.000505,0.813,0.8,2026-09-20T07:10:07.981690+00:00
3536,927203328,2.3926,0.000505,0.627,0.8,2026-09-20T07:10:08.798474+00:00
3537,927465472,2.3056,0.000505,0.831,0.8,2026-09-20T07:10:09.612139+00:00
3538,927727616,2.4669,0.000504,0.703,0.8,2026-09-20T07:10:10.430089+00:00
3539,927989760,2.4166,0.000504,0.56,0.8,2026-09-20T07:10:11.264202+00:00
3540,928251904,2.3317,0.000504,0.565,0.8,2026-09-20T07:10:12.085959+00:00
3541,928514048,2.3429,0.000504,1.152,0.8,2026-09-20T07:10:12.911957+00:00
3542,928776192,2.477,0.000504,0.589,0.8,2026-09-20T07:10:13.721141+00:00
3543,929038336,2.4134,0.000504,0.577,0.8,2026-09-20T07:10:14.552118+00:00
3544,929300480,2.3448,0.000504,0.662,0.8,2026-09-20T07:10:15.364481+00:00
3545,929562624,2.3886,0.000504,0.573,0.8,2026-09-20T07:10:16.176364+00:00
3546,929824768,2.3861,0.000504,0.632,0.8,2026-09-20T07:10:16.984865+00:00
3547,930086912,2.3411,0.000504,0.658,0.8,2026-09-20T07:10:17.789589+00:00
3548,930349056,2.3792,0.000504,0.709,0.8,2026-09-20T07:10:18.601016+00:00
3549,930611200,2.3388,0.000504,0.703,0.8,2026-09-20T07:10:19.407010+00:00
3550,930873344,2.441,0.000504,0.673,0.8,2026-09-20T07:10:20.198109+00:00
3551,931135488,2.3868,0.000504,0.701,0.8,2026-09-20T07:10:21.002396+00:00
3552,931397632,2.3623,0.000504,0.635,0.8,2026-09-20T07:10:21.804429+00:00
3553,931659776,2.415,0.000504,0.798,0.8,2026-09-20T07:10:22.627713+00:00
3554,931921920,2.3659,0.000504,0.856,0.8,2026-09-20T07:10:23.434639+00:00
3555,932184064,2.351,0.000503,0.672,0.8,2026-09-20T07:10:24.248924+00:00
3556,932446208,2.4159,0.000503,0.905,0.8,2026-09-20T07:10:25.058115+00:00
3557,932708352,2.3599,0.000503,0.753,0.8,2026-09-20T07:10:25.868116+00:00
3558,932970496,2.3997,0.000503,0.748,0.8,2026-09-20T07:10:26.694985+00:00
3559,933232640,2.4223,0.000503,0.714,0.8,2026-09-20T07:10:27.503806+00:00
3560,933494784,2.3729,0.000503,0.906,0.8,2026-09-20T07:10:28.304898+00:00
3561,933756928,2.3988,0.000503,0.679,0.8,2026-09-20T07:10:29.107640+00:00
3562,934019072,2.3649,0.000503,0.558,0.8,2026-09-20T07:10:29.924010+00:00
3563,934281216,2.3883,0.000503,0.616,0.8,2026-09-20T07:10:30.749420+00:00
3564,934543360,2.4342,0.000503,0.825,0.8,2026-09-20T07:10:31.580981+00:00
3565,934805504,2.4747,0.000503,0.508,0.8,2026-09-20T07:10:32.401951+00:00
3566,935067648,2.4436,0.000503,0.985,0.8,2026-09-20T07:10:33.241308+00:00
3567,935329792,2.3793,0.000503,0.818,0.8,2026-09-20T07:10:34.059635+00:00
3568,935591936,2.3712,0.000503,0.603,0.8,2026-09-20T07:10:34.863954+00:00
3569,935854080,2.3875,0.000503,0.661,0.8,2026-09-20T07:10:35.680735+00:00
3570,936116224,2.3738,0.000503,0.695,0.8,2026-09-20T07:10:36.491172+00:00
3571,936378368,2.3657,0.000502,0.577,0.8,2026-09-20T07:10:37.303002+00:00
3572,936640512,2.3735,0.000502,0.63,0.8,2026-09-20T07:10:38.142384+00:00
3573,936902656,2.3616,0.000502,0.52,0.8,2026-09-20T07:10:38.967930+00:00
3574,937164800,2.3505,0.000502,0.571,0.8,2026-09-20T07:10:39.789097+00:00
3575,937426944,2.4203,0.000502,0.763,0.8,2026-09-20T07:10:40.596979+00:00
3576,937689088,2.3376,0.000502,0.888,0.8,2026-09-20T07:10:41.426927+00:00
3577,937951232,2.3598,0.000502,0.691,0.8,2026-09-20T07:10:42.245183+00:00
3578,938213376,2.2968,0.000502,0.712,0.8,2026-09-20T07:10:43.050576+00:00
3579,938475520,2.3782,0.000502,0.649,0.8,2026-09-20T07:10:43.857958+00:00
3580,938737664,2.3378,0.000502,0.684,0.8,2026-09-20T07:10:44.668841+00:00
3581,938999808,2.3752,0.000502,0.496,0.8,2026-09-20T07:10:45.472943+00:00
3582,939261952,2.4052,0.000502,0.604,0.8,2026-09-20T07:10:46.287758+00:00
3583,939524096,2.4824,0.000502,0.648,0.8,2026-09-20T07:10:47.104436+00:00
3584,939786240,2.4221,0.000502,0.703,0.8,2026-09-20T07:10:47.916358+00:00
3585,940048384,2.4255,0.000502,0.553,0.8,2026-09-20T07:10:48.721210+00:00
3586,940310528,2.3826,0.000502,0.585,0.8,2026-09-20T07:10:49.538483+00:00
3587,940572672,2.3958,0.000502,0.536,0.8,2026-09-20T07:10:50.332193+00:00
3588,940834816,2.3734,0.000501,0.555,0.8,2026-09-20T07:10:51.133029+00:00
3589,941096960,2.3778,0.000501,0.799,0.8,2026-09-20T07:10:51.930142+00:00
3590,941359104,2.3657,0.000501,0.473,0.8,2026-09-20T07:10:52.730718+00:00
3591,941621248,2.3618,0.000501,0.643,0.8,2026-09-20T07:10:53.542392+00:00
3592,941883392,2.4794,0.000501,0.742,0.8,2026-09-20T07:10:54.347016+00:00
3593,942145536,2.3155,0.000501,0.616,0.8,2026-09-20T07:10:55.163548+00:00
3594,942407680,2.3495,0.000501,0.624,0.8,2026-09-20T07:10:55.958820+00:00
3595,942669824,2.4173,0.000501,0.615,0.8,2026-09-20T07:10:56.760628+00:00
3596,942931968,2.3941,0.000501,0.456,0.8,2026-09-20T07:10:57.562112+00:00
3597,943194112,2.4352,0.000501,0.597,0.8,2026-09-20T07:10:58.360081+00:00
3598,943456256,2.3795,0.000501,0.596,0.8,2026-09-20T07:10:59.156331+00:00
3599,943718400,2.3823,0.000501,0.62,0.8,2026-09-20T07:10:59.957497+00:00
3600,943980544,2.3858,0.000501,0.596,0.8,2026-09-20T07:11:00.741139+00:00
3601,944242688,2.3609,0.000501,0.585,0.8,2026-09-20T07:11:01.542990+00:00
3602,944504832,2.3633,0.000501,0.5,0.8,2026-09-20T07:11:02.327760+00:00
3603,944766976,2.3551,0.000501,0.617,0.8,2026-09-20T07:11:03.118785+00:00
3604,945029120,2.4069,0.0005,0.537,0.8,2026-09-20T07:11:03.909669+00:00
3605,945291264,2.3687,0.0005,0.572,0.8,2026-09-20T07:11:04.707496+00:00
3606,945553408,2.3905,0.0005,0.608,0.8,2026-09-20T07:11:05.500121+00:00
3607,945815552,2.3738,0.0005,0.611,0.8,2026-09-20T07:11:06.290307+00:00
3608,946077696,2.3456,0.0005,0.548,0.8,2026-09-20T07:11:07.077135+00:00
3609,946339840,2.3471,0.0005,0.75,0.8,2026-09-20T07:11:07.863552+00:00
3610,946601984,2.3668,0.0005,1.29,0.8,2026-09-20T07:11:08.665741+00:00
3611,946864128,2.4794,0.0005,1.022,0.8,2026-09-20T07:11:09.458164+00:00
3612,947126272,2.3827,0.0005,1.3,0.8,2026-09-20T07:11:10.256749+00:00
3613,947388416,2.3969,0.0005,0.979,0.8,2026-09-20T07:11:11.051993+00:00
3614,947650560,2.4371,0.0005,0.874,0.8,2026-09-20T07:11:11.859250+00:00
3615,947912704,2.4661,0.0005,0.718,0.8,2026-09-20T07:11:12.659593+00:00
3616,948174848,2.448,0.0005,0.741,0.8,2026-09-20T07:11:13.463370+00:00
3617,948436992,2.3901,0.0005,0.945,0.8,2026-09-20T07:11:14.278599+00:00
3618,948699136,2.3907,0.0005,0.617,0.8,2026-09-20T07:11:15.098716+00:00
3619,948961280,2.3648,0.0005,0.655,0.8,2026-09-20T07:11:15.918826+00:00
3620,949223424,2.351,0.000499,1.107,0.8,2026-09-20T07:11:16.722514+00:00
3621,949485568,2.3719,0.000499,0.486,0.8,2026-09-20T07:11:17.543796+00:00
3622,949747712,2.3982,0.000499,0.578,0.8,2026-09-20T07:11:18.360745+00:00
3623,950009856,2.4344,0.000499,0.63,0.8,2026-09-20T07:11:19.166957+00:00
3624,950272000,2.3267,0.000499,0.717,0.8,2026-09-20T07:11:19.971825+00:00
3625,950534144,2.4094,0.000499,0.58,0.8,2026-09-20T07:11:20.779537+00:00
3626,950796288,2.3095,0.000499,0.655,0.8,2026-09-20T07:11:21.601374+00:00
3627,951058432,2.4001,0.000499,0.566,0.8,2026-09-20T07:11:22.421160+00:00
3628,951320576,2.3738,0.000499,0.584,0.8,2026-09-20T07:11:23.236707+00:00
3629,951582720,2.3574,0.000499,0.555,0.8,2026-09-20T07:11:24.050380+00:00
3630,951844864,2.3436,0.000499,0.62,0.8,2026-09-20T07:11:24.864156+00:00
3631,952107008,2.3991,0.000499,0.633,0.8,2026-09-20T07:11:25.669759+00:00
3632,952369152,2.3766,0.000499,0.832,0.8,2026-09-20T07:11:26.479841+00:00
3633,952631296,2.3718,0.000499,0.901,0.8,2026-09-20T07:11:27.286206+00:00
3634,952893440,2.4338,0.000499,0.898,0.8,2026-09-20T07:11:28.095079+00:00
3635,953155584,2.3392,0.000499,0.862,0.8,2026-09-20T07:11:28.915395+00:00
3636,953417728,2.3473,0.000499,1.163,0.8,2026-09-20T07:11:29.726721+00:00
3637,953679872,2.3872,0.000498,1.028,0.8,2026-09-20T07:11:30.563578+00:00
3638,953942016,2.3728,0.000498,0.638,0.8,2026-09-20T07:11:31.372880+00:00
3639,954204160,2.3676,0.000498,0.636,0.8,2026-09-20T07:11:32.183280+00:00
3640,954466304,2.4279,0.000498,0.566,0.8,2026-09-20T07:11:33.004327+00:00
3641,954728448,2.329,0.000498,0.623,0.8,2026-09-20T07:11:33.821482+00:00
3642,954990592,2.3972,0.000498,0.608,0.8,2026-09-20T07:11:34.637557+00:00
3643,955252736,2.4186,0.000498,0.464,0.8,2026-09-20T07:11:35.457621+00:00
3644,955514880,2.3964,0.000498,0.756,0.8,2026-09-20T07:11:36.268627+00:00
3645,955777024,2.339,0.000498,0.587,0.8,2026-09-20T07:11:37.075707+00:00
3646,956039168,2.3506,0.000498,0.736,0.8,2026-09-20T07:11:37.872927+00:00
3647,956301312,2.3562,0.000498,0.697,0.8,2026-09-20T07:11:38.681073+00:00
3648,956563456,2.4495,0.000498,1.132,0.8,2026-09-20T07:11:39.488517+00:00
3649,956825600,2.3588,0.000498,0.829,0.8,2026-09-20T07:11:40.293243+00:00
3650,957087744,2.4474,0.000498,0.728,0.8,2026-09-20T07:11:41.126031+00:00
3651,957349888,2.3948,0.000498,0.624,0.8,2026-09-20T07:11:41.931163+00:00
3652,957612032,2.3245,0.000498,0.708,0.8,2026-09-20T07:11:42.748580+00:00
3653,957874176,2.4349,0.000497,0.633,0.8,2026-09-20T07:11:43.553128+00:00
3654,958136320,2.4261,0.000497,0.828,0.8,2026-09-20T07:11:44.359760+00:00
3655,958398464,2.4326,0.000497,0.87,0.8,2026-09-20T07:11:45.160698+00:00
3656,958660608,2.4193,0.000497,0.959,0.8,2026-09-20T07:11:45.960556+00:00
3657,958922752,2.3797,0.000497,0.797,0.8,2026-09-20T07:11:46.774747+00:00
3658,959184896,2.343,0.000497,0.745,0.8,2026-09-20T07:11:47.573143+00:00
3659,959447040,2.3399,0.000497,0.634,0.8,2026-09-20T07:11:48.384313+00:00
3660,959709184,2.3181,0.000497,0.619,0.8,2026-09-20T07:11:49.199558+00:00
3661,959971328,2.333,0.000497,0.616,0.8,2026-09-20T07:11:50.018391+00:00
3662,960233472,2.3536,0.000497,0.677,0.8,2026-09-20T07:11:50.823387+00:00
3663,960495616,2.3744,0.000497,0.771,0.8,2026-09-20T07:11:51.640999+00:00
3664,960757760,2.3971,0.000497,0.534,0.8,2026-09-20T07:11:52.467952+00:00
3665,961019904,2.4217,0.000497,0.677,0.8,2026-09-20T07:11:53.287399+00:00
3666,961282048,2.3711,0.000497,0.491,0.8,2026-09-20T07:11:54.111726+00:00
3667,961544192,2.3574,0.000497,0.727,0.8,2026-09-20T07:11:54.943343+00:00
3668,961806336,2.3236,0.000497,0.549,0.8,2026-09-20T07:11:55.757418+00:00
3669,962068480,2.3038,0.000496,0.552,0.8,2026-09-20T07:11:56.575872+00:00
3670,962330624,2.4014,0.000496,0.628,0.8,2026-09-20T07:11:57.388144+00:00
3671,962592768,2.4265,0.000496,0.601,0.8,2026-09-20T07:11:58.200577+00:00
3672,962854912,2.355,0.000496,0.7,0.8,2026-09-20T07:11:59.006733+00:00
3673,963117056,2.3685,0.000496,0.699,0.8,2026-09-20T07:11:59.834814+00:00
3674,963379200,2.3185,0.000496,0.714,0.8,2026-09-20T07:12:00.647994+00:00
3675,963641344,2.4141,0.000496,0.675,0.8,2026-09-20T07:12:01.469067+00:00
3676,963903488,2.3316,0.000496,0.618,0.8,2026-09-20T07:12:02.293473+00:00
3677,964165632,2.3348,0.000496,1.522,0.8,2026-09-20T07:12:03.098839+00:00
3678,964427776,2.321,0.000496,0.713,0.8,2026-09-20T07:12:03.908523+00:00
3679,964689920,2.3842,0.000496,0.89,0.8,2026-09-20T07:12:04.725531+00:00
3680,964952064,2.3633,0.000496,0.992,0.8,2026-09-20T07:12:05.548832+00:00
3681,965214208,2.3432,0.000496,0.875,0.8,2026-09-20T07:12:06.369362+00:00
3682,965476352,2.2895,0.000496,0.564,0.8,2026-09-20T07:12:07.188141+00:00
3683,965738496,2.3383,0.000496,0.681,0.8,2026-09-20T07:12:08.012975+00:00
3684,966000640,2.3483,0.000496,0.568,0.8,2026-09-20T07:12:08.826426+00:00
3685,966262784,2.3661,0.000495,0.667,0.8,2026-09-20T07:12:09.651249+00:00
3686,966524928,2.3462,0.000495,0.528,0.8,2026-09-20T07:12:10.455922+00:00
3687,966787072,2.3465,0.000495,0.841,0.8,2026-09-20T07:12:11.278151+00:00
3688,967049216,2.3543,0.000495,0.528,0.8,2026-09-20T07:12:12.087856+00:00
3689,967311360,2.3593,0.000495,0.551,0.8,2026-09-20T07:12:12.885941+00:00
3690,967573504,2.3926,0.000495,0.668,0.8,2026-09-20T07:12:13.685585+00:00
3691,967835648,2.3789,0.000495,0.681,0.8,2026-09-20T07:12:14.494703+00:00
3692,968097792,2.3825,0.000495,0.643,0.8,2026-09-20T07:12:15.309537+00:00
3693,968359936,2.3368,0.000495,0.854,0.8,2026-09-20T07:12:16.114607+00:00
3694,968622080,2.4044,0.000495,0.561,0.8,2026-09-20T07:12:16.926897+00:00
3695,968884224,2.3106,0.000495,0.721,0.8,2026-09-20T07:12:17.734188+00:00
3696,969146368,2.2884,0.000495,0.655,0.8,2026-09-20T07:12:18.526804+00:00
3697,969408512,2.4264,0.000495,0.622,0.8,2026-09-20T07:12:19.328784+00:00
3698,969670656,2.3989,0.000495,0.576,0.8,2026-09-20T07:12:20.128688+00:00
3699,969932800,2.3227,0.000495,0.62,0.8,2026-09-20T07:12:20.928102+00:00
3700,970194944,2.3199,0.000495,0.736,0.8,2026-09-20T07:12:21.721772+00:00
3701,970457088,2.344,0.000494,0.615,0.8,2026-09-20T07:12:22.523161+00:00
3702,970719232,2.367,0.000494,0.678,0.8,2026-09-20T07:12:23.313362+00:00
3703,970981376,2.3923,0.000494,0.562,0.8,2026-09-20T07:12:24.111932+00:00
3704,971243520,2.4155,0.000494,0.493,0.8,2026-09-20T07:12:24.900374+00:00
3705,971505664,2.3829,0.000494,0.596,0.8,2026-09-20T07:12:25.697237+00:00
3706,971767808,2.3706,0.000494,0.551,0.8,2026-09-20T07:12:26.519399+00:00
3707,972029952,2.3572,0.000494,0.5,0.8,2026-09-20T07:12:27.303869+00:00
3708,972292096,2.408,0.000494,0.565,0.8,2026-09-20T07:12:28.113329+00:00
3709,972554240,2.4533,0.000494,0.617,0.8,2026-09-20T07:12:28.909987+00:00
3710,972816384,2.4637,0.000494,0.684,0.8,2026-09-20T07:12:29.707235+00:00
3711,973078528,2.3748,0.000494,0.828,0.8,2026-09-20T07:12:30.503306+00:00
3712,973340672,2.41,0.000494,0.672,0.8,2026-09-20T07:12:31.299638+00:00
3713,973602816,2.4414,0.000494,0.696,0.8,2026-09-20T07:12:32.090387+00:00
3714,973864960,2.3912,0.000494,0.897,0.8,2026-09-20T07:12:32.884960+00:00
3715,974127104,2.366,0.000494,0.67,0.8,2026-09-20T07:12:33.677234+00:00
3716,974389248,2.2897,0.000494,0.549,0.8,2026-09-20T07:12:34.471506+00:00
3717,974651392,2.4557,0.000493,0.906,0.8,2026-09-20T07:12:35.274198+00:00
3718,974913536,2.3453,0.000493,0.678,0.8,2026-09-20T07:12:36.093937+00:00
3719,975175680,2.379,0.000493,0.561,0.8,2026-09-20T07:12:36.898974+00:00
3720,975437824,2.3422,0.000493,1.558,0.8,2026-09-20T07:12:37.703769+00:00
3721,975699968,2.4101,0.000493,0.677,0.8,2026-09-20T07:12:38.506156+00:00
3722,975962112,2.3933,0.000493,0.62,0.8,2026-09-20T07:12:39.306048+00:00
3723,976224256,2.3501,0.000493,2.359,0.8,2026-09-20T07:12:40.102823+00:00
3724,976486400,2.347,0.000493,0.724,0.8,2026-09-20T07:12:40.897353+00:00
3725,976748544,2.4518,0.000493,2.372,0.8,2026-09-20T07:12:41.713257+00:00
3726,977010688,2.4368,0.000493,1.315,0.8,2026-09-20T07:12:42.521609+00:00
3727,977272832,2.3412,0.000493,1.198,0.8,2026-09-20T07:12:43.327976+00:00
3728,977534976,2.356,0.000493,35.106,0.8,2026-09-20T07:12:44.127044+00:00
3729,977797120,2.4579,0.000493,7.099,0.8,2026-09-20T07:12:44.930624+00:00
3730,978059264,2.3989,0.000493,2.824,0.8,2026-09-20T07:12:45.745935+00:00
3731,978321408,2.4849,0.000493,1.448,0.8,2026-09-20T07:12:46.556165+00:00
3732,978583552,2.3412,0.000493,4.16,0.8,2026-09-20T07:12:47.351368+00:00
3733,978845696,2.4649,0.000492,1.642,0.8,2026-09-20T07:12:48.152598+00:00
3734,979107840,2.3583,0.000492,0.619,0.8,2026-09-20T07:12:48.966564+00:00
3735,979369984,2.3488,0.000492,0.623,0.8,2026-09-20T07:12:49.763365+00:00
3736,979632128,2.4142,0.000492,0.911,0.8,2026-09-20T07:12:50.574305+00:00
3737,979894272,2.2937,0.000492,0.99,0.8,2026-09-20T07:12:51.377580+00:00
3738,980156416,2.4002,0.000492,0.707,0.8,2026-09-20T07:12:52.171774+00:00
3739,980418560,2.4436,0.000492,0.725,0.8,2026-09-20T07:12:52.962891+00:00
3740,980680704,2.3707,0.000492,0.834,0.8,2026-09-20T07:12:53.774050+00:00
3741,980942848,2.3276,0.000492,0.62,0.8,2026-09-20T07:12:54.575594+00:00
3742,981204992,2.3477,0.000492,0.635,0.8,2026-09-20T07:12:55.381553+00:00
3743,981467136,2.4014,0.000492,0.698,0.8,2026-09-20T07:12:56.194697+00:00
3744,981729280,2.3697,0.000492,0.592,0.8,2026-09-20T07:12:57.001726+00:00
3745,981991424,2.3506,0.000492,0.647,0.8,2026-09-20T07:12:57.804384+00:00
3746,982253568,2.3844,0.000492,0.743,0.8,2026-09-20T07:12:58.604558+00:00
3747,982515712,2.3277,0.000492,0.704,0.8,2026-09-20T07:12:59.413459+00:00
3748,982777856,2.4042,0.000492,0.84,0.8,2026-09-20T07:13:00.214385+00:00
3749,983040000,2.4103,0.000491,0.716,0.8,2026-09-20T07:13:01.017992+00:00
3750,983302144,2.3629,0.000491,0.639,0.9,2026-09-20T07:13:29.851956+00:00
3751,983564288,2.4359,0.000491,0.846,0.9,2026-09-20T07:13:30.711416+00:00
3752,983826432,2.3272,0.000491,0.944,0.8,2026-09-20T07:13:31.560282+00:00
3753,984088576,2.4146,0.000491,0.927,0.8,2026-09-20T07:13:32.405414+00:00
3754,984350720,2.3285,0.000491,0.684,0.8,2026-09-20T07:13:33.252272+00:00
3755,984612864,2.3774,0.000491,0.815,0.8,2026-09-20T07:13:34.092327+00:00
3756,984875008,2.4752,0.000491,0.759,0.8,2026-09-20T07:13:34.910017+00:00
3757,985137152,2.3669,0.000491,0.629,0.8,2026-09-20T07:13:35.727084+00:00
3758,985399296,2.4273,0.000491,0.731,0.8,2026-09-20T07:13:36.570141+00:00
3759,985661440,2.4614,0.000491,0.705,0.8,2026-09-20T07:13:37.386819+00:00
3760,985923584,2.3631,0.000491,0.573,0.8,2026-09-20T07:13:38.204334+00:00
3761,986185728,2.4034,0.000491,0.571,0.8,2026-09-20T07:13:39.032408+00:00
3762,986447872,2.347,0.000491,0.659,0.8,2026-09-20T07:13:39.845214+00:00
3763,986710016,2.352,0.000491,0.569,0.8,2026-09-20T07:13:40.665435+00:00
3764,986972160,2.3485,0.00049,0.502,0.8,2026-09-20T07:13:41.487695+00:00
3765,987234304,2.3402,0.00049,0.556,0.8,2026-09-20T07:13:42.299958+00:00
3766,987496448,2.3739,0.00049,0.586,0.8,2026-09-20T07:13:43.106211+00:00
3767,987758592,2.2874,0.00049,0.599,0.8,2026-09-20T07:13:43.916932+00:00
3768,988020736,2.3376,0.00049,0.7,0.8,2026-09-20T07:13:44.715021+00:00
3769,988282880,2.427,0.00049,1.261,0.8,2026-09-20T07:13:45.530173+00:00
3770,988545024,2.3375,0.00049,0.622,0.8,2026-09-20T07:13:46.336318+00:00
3771,988807168,2.3714,0.00049,0.531,0.8,2026-09-20T07:13:47.135040+00:00
3772,989069312,2.3558,0.00049,0.58,0.8,2026-09-20T07:13:47.943775+00:00
3773,989331456,2.3649,0.00049,0.592,0.8,2026-09-20T07:13:48.766166+00:00
3774,989593600,2.3532,0.00049,0.863,0.8,2026-09-20T07:13:49.585160+00:00
3775,989855744,2.3832,0.00049,0.567,0.8,2026-09-20T07:13:50.392566+00:00
3776,990117888,2.3772,0.00049,0.653,0.8,2026-09-20T07:13:51.207240+00:00
3777,990380032,2.3902,0.00049,0.581,0.8,2026-09-20T07:13:52.016235+00:00
3778,990642176,2.3199,0.00049,0.602,0.8,2026-09-20T07:13:52.829962+00:00
3779,990904320,2.406,0.00049,0.573,0.8,2026-09-20T07:13:53.661567+00:00
3780,991166464,2.3726,0.000489,0.609,0.8,2026-09-20T07:13:54.484409+00:00
3781,991428608,2.3299,0.000489,0.615,0.8,2026-09-20T07:13:55.302674+00:00
3782,991690752,2.4607,0.000489,0.703,0.8,2026-09-20T07:13:56.100594+00:00
3783,991952896,2.3822,0.000489,0.817,0.8,2026-09-20T07:13:56.910677+00:00
3784,992215040,2.4272,0.000489,0.746,0.8,2026-09-20T07:13:57.709343+00:00
3785,992477184,2.39,0.000489,0.81,0.8,2026-09-20T07:13:58.510813+00:00
3786,992739328,2.4245,0.000489,0.882,0.8,2026-09-20T07:13:59.311590+00:00
3787,993001472,2.3976,0.000489,0.956,0.8,2026-09-20T07:14:00.113572+00:00
3788,993263616,2.3877,0.000489,1.894,0.8,2026-09-20T07:14:00.909932+00:00
3789,993525760,2.4449,0.000489,1.001,0.8,2026-09-20T07:14:01.704024+00:00
3790,993787904,2.3692,0.000489,0.802,0.8,2026-09-20T07:14:02.501278+00:00
3791,994050048,2.3642,0.000489,1.076,0.8,2026-09-20T07:14:03.293767+00:00
3792,994312192,2.379,0.000489,0.774,0.8,2026-09-20T07:14:04.083629+00:00
3793,994574336,2.3531,0.000489,0.697,0.8,2026-09-20T07:14:04.876405+00:00
3794,994836480,2.325,0.000489,0.778,0.8,2026-09-20T07:14:05.673147+00:00
3795,995098624,2.408,0.000489,0.753,0.8,2026-09-20T07:14:06.459928+00:00
3796,995360768,2.3209,0.000488,0.841,0.8,2026-09-20T07:14:07.245576+00:00
3797,995622912,2.3418,0.000488,0.792,0.8,2026-09-20T07:14:08.038518+00:00
3798,995885056,2.4011,0.000488,0.621,0.8,2026-09-20T07:14:08.823789+00:00
3799,996147200,2.4622,0.000488,0.618,0.8,2026-09-20T07:14:09.614849+00:00
3800,996409344,2.3188,0.000488,0.8,0.8,2026-09-20T07:14:10.406133+00:00
3801,996671488,2.3783,0.000488,0.756,0.8,2026-09-20T07:14:11.197631+00:00
3802,996933632,2.3475,0.000488,0.757,0.8,2026-09-20T07:14:11.995167+00:00
3803,997195776,2.3454,0.000488,0.867,0.8,2026-09-20T07:14:12.784365+00:00
3804,997457920,2.4068,0.000488,0.63,0.8,2026-09-20T07:14:13.570659+00:00
3805,997720064,2.3932,0.000488,0.624,0.8,2026-09-20T07:14:14.360343+00:00
3806,997982208,2.397,0.000488,0.631,0.8,2026-09-20T07:14:15.144755+00:00
3807,998244352,2.3681,0.000488,0.628,0.8,2026-09-20T07:14:15.931964+00:00
3808,998506496,2.4358,0.000488,0.629,0.8,2026-09-20T07:14:16.717920+00:00
3809,998768640,2.3767,0.000488,0.602,0.8,2026-09-20T07:14:17.507608+00:00
3810,999030784,2.374,0.000488,0.657,0.8,2026-09-20T07:14:18.292717+00:00
3811,999292928,2.3821,0.000487,0.536,0.8,2026-09-20T07:14:19.077782+00:00
3812,999555072,2.3334,0.000487,0.561,0.8,2026-09-20T07:14:19.860811+00:00
3813,999817216,2.2935,0.000487,0.515,0.8,2026-09-20T07:14:20.650202+00:00
3814,1000079360,2.3384,0.000487,0.83,0.8,2026-09-20T07:14:21.438556+00:00
3815,1000341504,2.3569,0.000487,0.798,0.9,2026-09-20T07:15:02.793950+00:00
3816,1000603648,2.3695,0.000487,0.75,0.9,2026-09-20T07:15:03.646775+00:00
3817,1000865792,2.3876,0.000487,0.81,0.8,2026-09-20T07:15:04.490219+00:00
3818,1001127936,2.3294,0.000487,0.706,0.8,2026-09-20T07:15:05.321604+00:00
3819,1001390080,2.3932,0.000487,0.672,0.8,2026-09-20T07:15:06.141687+00:00
3820,1001652224,2.3376,0.000487,0.797,0.8,2026-09-20T07:15:06.974753+00:00
3821,1001914368,2.4556,0.000487,0.9,0.8,2026-09-20T07:15:07.795443+00:00
3822,1002176512,2.3434,0.000487,0.803,0.8,2026-09-20T07:15:08.634227+00:00
3823,1002438656,2.3838,0.000487,0.705,0.8,2026-09-20T07:15:09.447046+00:00
3824,1002700800,2.4039,0.000487,0.548,0.8,2026-09-20T07:15:10.258809+00:00
3825,1002962944,2.3655,0.000487,1.015,0.8,2026-09-20T07:15:11.068605+00:00
3826,1003225088,2.3489,0.000487,0.793,0.8,2026-09-20T07:15:11.884370+00:00
3827,1003487232,2.4634,0.000486,1.785,0.8,2026-09-20T07:15:12.692164+00:00
3828,1003749376,2.388,0.000486,0.826,0.8,2026-09-20T07:15:13.495590+00:00
3829,1004011520,2.417,0.000486,2.152,0.8,2026-09-20T07:15:14.296287+00:00
3830,1004273664,2.3851,0.000486,1.175,0.8,2026-09-20T07:15:15.115414+00:00
3831,1004535808,2.4119,0.000486,0.884,0.8,2026-09-20T07:15:15.921026+00:00
3832,1004797952,2.3443,0.000486,0.772,0.8,2026-09-20T07:15:16.742200+00:00
3833,1005060096,2.3401,0.000486,0.869,0.8,2026-09-20T07:15:17.548764+00:00
3834,1005322240,2.3622,0.000486,0.797,0.8,2026-09-20T07:15:18.358222+00:00
3835,1005584384,2.4188,0.000486,0.693,0.8,2026-09-20T07:15:19.165560+00:00
3836,1005846528,2.3521,0.000486,0.679,0.8,2026-09-20T07:15:19.955524+00:00
3837,1006108672,2.3918,0.000486,0.698,0.8,2026-09-20T07:15:20.755951+00:00
3838,1006370816,2.3857,0.000486,1.015,0.8,2026-09-20T07:15:21.563257+00:00
3839,1006632960,2.3676,0.000486,0.668,0.8,2026-09-20T07:15:22.366707+00:00
3840,1006895104,2.3475,0.000486,0.564,0.8,2026-09-20T07:15:23.177564+00:00
3841,1007157248,2.3445,0.000486,0.633,0.8,2026-09-20T07:15:23.977433+00:00
3842,1007419392,2.4304,0.000486,0.749,0.8,2026-09-20T07:15:24.776803+00:00
3843,1007681536,2.3501,0.000485,1.427,0.8,2026-09-20T07:15:25.580625+00:00
3844,1007943680,2.3646,0.000485,0.659,0.8,2026-09-20T07:15:26.377601+00:00
3845,1008205824,2.3899,0.000485,0.93,0.8,2026-09-20T07:15:27.181987+00:00
3846,1008467968,2.3857,0.000485,0.741,0.8,2026-09-20T07:15:27.971540+00:00
3847,1008730112,2.3887,0.000485,0.692,0.8,2026-09-20T07:15:28.763408+00:00
3848,1008992256,2.4115,0.000485,0.808,0.8,2026-09-20T07:15:29.569762+00:00
3849,1009254400,2.3455,0.000485,0.637,0.8,2026-09-20T07:15:30.363047+00:00
3850,1009516544,2.3614,0.000485,0.899,0.8,2026-09-20T07:15:31.161195+00:00
3851,1009778688,2.3381,0.000485,0.936,0.8,2026-09-20T07:15:31.957332+00:00
3852,1010040832,2.4253,0.000485,1.069,0.8,2026-09-20T07:15:32.747098+00:00
3853,1010302976,2.3857,0.000485,0.696,0.8,2026-09-20T07:15:33.552486+00:00
3854,1010565120,2.4357,0.000485,1.258,0.8,2026-09-20T07:15:34.351733+00:00
3855,1010827264,2.4094,0.000485,1.178,0.8,2026-09-20T07:15:35.153475+00:00
3856,1011089408,2.3723,0.000485,0.914,0.8,2026-09-20T07:15:35.940332+00:00
3857,1011351552,2.447,0.000485,0.787,0.8,2026-09-20T07:15:36.739182+00:00
3858,1011613696,2.3474,0.000484,0.816,0.8,2026-09-20T07:15:37.529495+00:00
3859,1011875840,2.3417,0.000484,0.835,0.8,2026-09-20T07:15:38.330347+00:00
3860,1012137984,2.3836,0.000484,0.997,0.8,2026-09-20T07:15:39.123824+00:00
3861,1012400128,2.3351,0.000484,0.971,0.8,2026-09-20T07:15:39.916751+00:00
3862,1012662272,2.3458,0.000484,0.919,0.8,2026-09-20T07:15:40.706891+00:00
3863,1012924416,2.389,0.000484,0.726,0.8,2026-09-20T07:15:41.522161+00:00
3864,1013186560,2.4296,0.000484,1.392,0.8,2026-09-20T07:15:42.332656+00:00
3865,1013448704,2.3557,0.000484,0.873,0.8,2026-09-20T07:15:43.142258+00:00
3866,1013710848,2.3877,0.000484,1.047,0.8,2026-09-20T07:15:43.929003+00:00
3867,1013972992,2.3731,0.000484,0.835,0.8,2026-09-20T07:15:44.726729+00:00
3868,1014235136,2.2825,0.000484,1.103,0.8,2026-09-20T07:15:45.522129+00:00
3869,1014497280,2.3265,0.000484,0.757,0.8,2026-09-20T07:15:46.311947+00:00
3870,1014759424,2.3617,0.000484,0.806,0.8,2026-09-20T07:15:47.114669+00:00
3871,1015021568,2.329,0.000484,0.713,0.8,2026-09-20T07:15:47.909866+00:00
3872,1015283712,2.4052,0.000484,0.74,0.8,2026-09-20T07:15:48.714287+00:00
3873,1015545856,2.44,0.000484,0.714,0.8,2026-09-20T07:15:49.513011+00:00
3874,1015808000,2.315,0.000483,0.727,0.8,2026-09-20T07:15:50.310582+00:00
3875,1016070144,2.4055,0.000483,0.609,0.8,2026-09-20T07:15:51.115936+00:00
3876,1016332288,2.4219,0.000483,0.73,0.8,2026-09-20T07:15:51.902962+00:00
3877,1016594432,2.3898,0.000483,1.085,0.8,2026-09-20T07:15:52.701225+00:00
3878,1016856576,2.4023,0.000483,0.854,0.8,2026-09-20T07:15:53.497383+00:00
3879,1017118720,2.3382,0.000483,0.552,0.8,2026-09-20T07:15:54.291042+00:00
3880,1017380864,2.396,0.000483,0.674,0.8,2026-09-20T07:15:55.089973+00:00
3881,1017643008,2.379,0.000483,0.683,0.8,2026-09-20T07:15:55.889780+00:00
3882,1017905152,2.3449,0.000483,0.579,0.8,2026-09-20T07:15:56.684846+00:00
3883,1018167296,2.3826,0.000483,0.897,0.8,2026-09-20T07:15:57.487183+00:00
3884,1018429440,2.4061,0.000483,0.619,0.8,2026-09-20T07:15:58.291337+00:00
3885,1018691584,2.3404,0.000483,0.558,0.8,2026-09-20T07:15:59.089752+00:00
3886,1018953728,2.4193,0.000483,0.703,0.8,2026-09-20T07:15:59.890837+00:00
3887,1019215872,2.3367,0.000483,0.792,0.8,2026-09-20T07:16:00.697612+00:00
3888,1019478016,2.385,0.000483,0.662,0.8,2026-09-20T07:16:01.485285+00:00
3889,1019740160,2.3277,0.000482,0.72,0.8,2026-09-20T07:16:02.290709+00:00
3890,1020002304,2.2829,0.000482,0.76,0.8,2026-09-20T07:16:03.081611+00:00
3891,1020264448,2.3916,0.000482,0.549,0.8,2026-09-20T07:16:03.888410+00:00
3892,1020526592,2.3651,0.000482,0.581,0.8,2026-09-20T07:16:04.689285+00:00
3893,1020788736,2.3682,0.000482,0.589,0.8,2026-09-20T07:16:05.496161+00:00
3894,1021050880,2.2856,0.000482,0.631,0.8,2026-09-20T07:16:06.310857+00:00
3895,1021313024,2.4324,0.000482,0.838,0.8,2026-09-20T07:16:07.098986+00:00
3896,1021575168,2.3962,0.000482,0.793,0.8,2026-09-20T07:16:07.933267+00:00
3897,1021837312,2.3247,0.000482,0.863,0.8,2026-09-20T07:16:08.735856+00:00
3898,1022099456,2.329,0.000482,0.752,0.8,2026-09-20T07:16:09.541424+00:00
3899,1022361600,2.3696,0.000482,0.848,0.8,2026-09-20T07:16:10.333775+00:00
3900,1022623744,2.4197,0.000482,0.613,0.8,2026-09-20T07:16:11.136736+00:00
3901,1022885888,2.3912,0.000482,0.736,0.8,2026-09-20T07:16:11.950363+00:00
3902,1023148032,2.3477,0.000482,1.048,0.8,2026-09-20T07:16:12.746994+00:00
3903,1023410176,2.4334,0.000482,0.679,0.8,2026-09-20T07:16:13.536869+00:00
3904,1023672320,2.3414,0.000481,0.874,0.8,2026-09-20T07:16:14.324898+00:00
3905,1023934464,2.4034,0.000481,1.014,0.8,2026-09-20T07:16:15.115290+00:00
3906,1024196608,2.4352,0.000481,0.735,0.8,2026-09-20T07:16:15.904294+00:00
3907,1024458752,2.3477,0.000481,0.842,0.8,2026-09-20T07:16:16.699747+00:00
3908,1024720896,2.344,0.000481,0.735,0.8,2026-09-20T07:16:17.498734+00:00
3909,1024983040,2.3752,0.000481,0.899,0.8,2026-09-20T07:16:18.291752+00:00
3910,1025245184,2.3447,0.000481,0.999,0.8,2026-09-20T07:16:19.090153+00:00
3911,1025507328,2.3672,0.000481,0.827,0.8,2026-09-20T07:16:19.878524+00:00
3912,1025769472,2.3676,0.000481,0.896,0.8,2026-09-20T07:16:20.683258+00:00
3913,1026031616,2.3225,0.000481,1.393,0.8,2026-09-20T07:16:21.467452+00:00
3914,1026293760,2.3435,0.000481,0.8,0.8,2026-09-20T07:16:22.253277+00:00
3915,1026555904,2.3502,0.000481,0.938,0.8,2026-09-20T07:16:23.039337+00:00
3916,1026818048,2.3513,0.000481,0.818,0.8,2026-09-20T07:16:23.839004+00:00
3917,1027080192,2.3771,0.000481,0.777,0.8,2026-09-20T07:16:24.630709+00:00
3918,1027342336,2.4031,0.000481,0.787,0.8,2026-09-20T07:16:25.427839+00:00
3919,1027604480,2.3896,0.000481,0.842,0.8,2026-09-20T07:16:26.213491+00:00
3920,1027866624,2.2714,0.00048,0.962,0.8,2026-09-20T07:16:26.999684+00:00
3921,1028128768,2.3941,0.00048,0.831,0.8,2026-09-20T07:16:27.793660+00:00
3922,1028390912,2.3191,0.00048,0.723,0.8,2026-09-20T07:16:28.582726+00:00
3923,1028653056,2.4253,0.00048,0.715,0.8,2026-09-20T07:16:29.370154+00:00
3924,1028915200,2.3596,0.00048,0.804,0.8,2026-09-20T07:16:30.156756+00:00
3925,1029177344,2.3546,0.00048,0.666,0.8,2026-09-20T07:16:30.939900+00:00
3926,1029439488,2.3941,0.00048,0.74,0.8,2026-09-20T07:16:31.730506+00:00
3927,1029701632,2.3981,0.00048,0.581,0.8,2026-09-20T07:16:32.521300+00:00
3928,1029963776,2.4042,0.00048,1.121,0.8,2026-09-20T07:16:33.309980+00:00
3929,1030225920,2.3472,0.00048,0.666,0.8,2026-09-20T07:16:34.096393+00:00
3930,1030488064,2.4143,0.00048,0.687,0.8,2026-09-20T07:16:34.886860+00:00
3931,1030750208,2.2931,0.00048,0.59,0.8,2026-09-20T07:16:35.682731+00:00
3932,1031012352,2.3266,0.00048,0.954,0.8,2026-09-20T07:16:36.484501+00:00
3933,1031274496,2.3677,0.00048,0.651,0.8,2026-09-20T07:16:37.276462+00:00
3934,1031536640,2.3115,0.00048,0.697,0.8,2026-09-20T07:16:38.076540+00:00
3935,1031798784,2.3462,0.000479,0.756,0.8,2026-09-20T07:16:38.878608+00:00
3936,1032060928,2.4323,0.000479,0.872,0.8,2026-09-20T07:16:39.672617+00:00
3937,1032323072,2.4343,0.000479,0.62,0.8,2026-09-20T07:16:40.466354+00:00
3938,1032585216,2.4202,0.000479,0.846,0.8,2026-09-20T07:16:41.260576+00:00
3939,1032847360,2.3926,0.000479,1.292,0.8,2026-09-20T07:16:42.052523+00:00
3940,1033109504,2.334,0.000479,0.698,0.8,2026-09-20T07:16:42.846764+00:00
3941,1033371648,2.4391,0.000479,0.612,0.8,2026-09-20T07:16:43.651427+00:00
3942,1033633792,2.3905,0.000479,0.714,0.8,2026-09-20T07:16:44.446128+00:00
3943,1033895936,2.3494,0.000479,0.588,0.8,2026-09-20T07:16:45.257341+00:00
3944,1034158080,2.4195,0.000479,0.712,0.8,2026-09-20T07:16:46.051181+00:00
3945,1034420224,2.4318,0.000479,0.574,0.8,2026-09-20T07:16:46.846027+00:00
3946,1034682368,2.383,0.000479,0.625,0.8,2026-09-20T07:16:47.642944+00:00
3947,1034944512,2.3351,0.000479,1.265,0.8,2026-09-20T07:16:48.434606+00:00
3948,1035206656,2.4025,0.000479,0.711,0.8,2026-09-20T07:16:49.230448+00:00
3949,1035468800,2.381,0.000479,0.85,0.8,2026-09-20T07:16:50.029926+00:00
3950,1035730944,2.3304,0.000478,0.627,0.8,2026-09-20T07:16:50.822706+00:00
3951,1035993088,2.4257,0.000478,1.03,0.8,2026-09-20T07:16:51.618417+00:00
3952,1036255232,2.3671,0.000478,0.873,0.8,2026-09-20T07:16:52.410006+00:00
3953,1036517376,2.3427,0.000478,0.766,0.8,2026-09-20T07:16:53.207978+00:00
3954,1036779520,2.3182,0.000478,0.695,0.8,2026-09-20T07:16:53.999388+00:00
3955,1037041664,2.4175,0.000478,0.685,0.8,2026-09-20T07:16:54.785728+00:00
3956,1037303808,2.3894,0.000478,0.788,0.8,2026-09-20T07:16:55.570613+00:00
3957,1037565952,2.4147,0.000478,0.619,0.8,2026-09-20T07:16:56.353575+00:00
3958,1037828096,2.3515,0.000478,0.947,0.8,2026-09-20T07:16:57.138559+00:00
3959,1038090240,2.3337,0.000478,0.948,0.8,2026-09-20T07:16:57.919930+00:00
3960,1038352384,2.4283,0.000478,0.753,0.8,2026-09-20T07:16:58.704968+00:00
3961,1038614528,2.3816,0.000478,0.614,0.8,2026-09-20T07:16:59.485765+00:00
3962,1038876672,2.3832,0.000478,0.794,0.8,2026-09-20T07:17:00.267361+00:00
3963,1039138816,2.375,0.000478,0.788,0.8,2026-09-20T07:17:01.048010+00:00
3964,1039400960,2.3994,0.000478,0.712,0.8,2026-09-20T07:17:01.827222+00:00
3965,1039663104,2.406,0.000477,0.657,0.8,2026-09-20T07:17:02.611545+00:00
3966,1039925248,2.3611,0.000477,0.851,0.8,2026-09-20T07:17:03.394496+00:00
3967,1040187392,2.3456,0.000477,0.828,0.8,2026-09-20T07:17:04.176828+00:00
3968,1040449536,2.3803,0.000477,0.776,0.8,2026-09-20T07:17:04.963316+00:00
3969,1040711680,2.3798,0.000477,0.92,0.8,2026-09-20T07:17:05.747316+00:00
3970,1040973824,2.4202,0.000477,0.637,0.8,2026-09-20T07:17:06.530180+00:00
3971,1041235968,2.3481,0.000477,0.672,0.8,2026-09-20T07:17:07.319291+00:00
3972,1041498112,2.287,0.000477,0.829,0.8,2026-09-20T07:17:08.109545+00:00
3973,1041760256,2.3305,0.000477,0.982,0.8,2026-09-20T07:17:08.894587+00:00
3974,1042022400,2.3532,0.000477,0.793,0.8,2026-09-20T07:17:09.680344+00:00
3975,1042284544,2.4054,0.000477,1.176,0.8,2026-09-20T07:17:10.462098+00:00
3976,1042546688,2.4131,0.000477,0.565,0.8,2026-09-20T07:17:11.245390+00:00
3977,1042808832,2.3558,0.000477,0.715,0.8,2026-09-20T07:17:12.026875+00:00
3978,1043070976,2.4076,0.000477,0.768,0.8,2026-09-20T07:17:12.806501+00:00
3979,1043333120,2.302,0.000477,0.863,0.8,2026-09-20T07:17:13.587381+00:00
3980,1043595264,2.3666,0.000476,0.919,0.8,2026-09-20T07:17:14.368182+00:00
3981,1043857408,2.365,0.000476,0.712,0.8,2026-09-20T07:17:15.148300+00:00
3982,1044119552,2.3848,0.000476,0.588,0.8,2026-09-20T07:17:15.933483+00:00
3983,1044381696,2.3778,0.000476,1.026,0.8,2026-09-20T07:17:16.713795+00:00
3984,1044643840,2.3689,0.000476,0.872,0.8,2026-09-20T07:17:17.496349+00:00
3985,1044905984,2.3559,0.000476,0.594,0.8,2026-09-20T07:17:18.281150+00:00
3986,1045168128,2.2798,0.000476,0.699,0.8,2026-09-20T07:17:19.065873+00:00
3987,1045430272,2.332,0.000476,0.898,0.8,2026-09-20T07:17:19.843890+00:00
3988,1045692416,2.349,0.000476,0.994,0.8,2026-09-20T07:17:20.623593+00:00
3989,1045954560,2.4182,0.000476,0.648,0.8,2026-09-20T07:17:21.403301+00:00
3990,1046216704,2.331,0.000476,0.635,0.8,2026-09-20T07:17:22.189553+00:00
3991,1046478848,2.3643,0.000476,0.675,0.8,2026-09-20T07:17:22.976577+00:00
3992,1046740992,2.4387,0.000476,0.852,0.8,2026-09-20T07:17:23.758851+00:00
3993,1047003136,2.4144,0.000476,0.854,0.8,2026-09-20T07:17:24.537266+00:00
3994,1047265280,2.4169,0.000476,1.205,0.8,2026-09-20T07:17:25.317808+00:00
3995,1047527424,2.3319,0.000475,0.643,0.8,2026-09-20T07:17:26.100623+00:00
3996,1047789568,2.301,0.000475,0.71,0.8,2026-09-20T07:17:26.882621+00:00
3997,1048051712,2.4132,0.000475,0.763,0.8,2026-09-20T07:17:27.665074+00:00
3998,1048313856,2.3529,0.000475,0.72,0.8,2026-09-20T07:17:28.448946+00:00
3999,1048576000,2.3642,0.000475,1.002,0.8,2026-09-20T07:17:29.232868+00:00
4000,1048838144,2.3707,0.000475,0.835,0.8,2026-09-20T07:17:55.579476+00:00
4001,1049100288,2.4177,0.000475,0.664,0.8,2026-09-20T07:17:56.359477+00:00
4002,1049362432,2.3196,0.000475,0.703,0.8,2026-09-20T07:17:57.138616+00:00
4003,1049624576,2.3467,0.000475,0.602,0.8,2026-09-20T07:17:57.927296+00:00
4004,1049886720,2.3257,0.000475,1.285,0.8,2026-09-20T07:17:58.713118+00:00
4005,1050148864,2.392,0.000475,0.796,0.8,2026-09-20T07:17:59.493013+00:00
4006,1050411008,2.33,0.000475,0.75,0.8,2026-09-20T07:18:00.274056+00:00
4007,1050673152,2.367,0.000475,0.686,0.8,2026-09-20T07:18:01.056782+00:00
4008,1050935296,2.3727,0.000475,1.255,0.8,2026-09-20T07:18:01.838278+00:00
4009,1051197440,2.3021,0.000475,0.774,0.8,2026-09-20T07:18:02.617947+00:00
4010,1051459584,2.3503,0.000474,0.694,0.8,2026-09-20T07:18:03.396539+00:00
4011,1051721728,2.4049,0.000474,0.617,0.8,2026-09-20T07:18:04.179856+00:00
4012,1051983872,2.297,0.000474,0.645,0.8,2026-09-20T07:18:04.959801+00:00
4013,1052246016,2.3854,0.000474,1.386,0.8,2026-09-20T07:18:05.743491+00:00
4014,1052508160,2.3357,0.000474,0.942,0.8,2026-09-20T07:18:06.527015+00:00
4015,1052770304,2.3972,0.000474,0.648,0.8,2026-09-20T07:18:07.310746+00:00
4016,1053032448,2.3196,0.000474,0.671,0.8,2026-09-20T07:18:08.093574+00:00
4017,1053294592,2.3008,0.000474,0.722,0.8,2026-09-20T07:18:08.876941+00:00
4018,1053556736,2.3543,0.000474,0.897,0.8,2026-09-20T07:18:09.660637+00:00
4019,1053818880,2.3814,0.000474,0.76,0.8,2026-09-20T07:18:10.443204+00:00
4020,1054081024,2.4183,0.000474,0.91,0.8,2026-09-20T07:18:11.225412+00:00
4021,1054343168,2.3298,0.000474,0.637,0.8,2026-09-20T07:18:12.009799+00:00
4022,1054605312,2.3806,0.000474,0.712,0.8,2026-09-20T07:18:12.789775+00:00
4023,1054867456,2.3834,0.000474,0.775,0.8,2026-09-20T07:18:13.569228+00:00
4024,1055129600,2.32,0.000474,1.161,0.8,2026-09-20T07:18:14.353424+00:00
4025,1055391744,2.3525,0.000473,0.774,0.8,2026-09-20T07:18:15.134555+00:00
4026,1055653888,2.2898,0.000473,0.845,0.8,2026-09-20T07:18:15.914325+00:00
4027,1055916032,2.3507,0.000473,0.974,0.8,2026-09-20T07:18:16.700224+00:00
4028,1056178176,2.3873,0.000473,0.774,0.8,2026-09-20T07:18:17.483900+00:00
4029,1056440320,2.3456,0.000473,0.686,0.8,2026-09-20T07:18:18.265881+00:00
4030,1056702464,2.3783,0.000473,1.324,0.8,2026-09-20T07:18:19.047260+00:00
4031,1056964608,2.3833,0.000473,0.692,0.8,2026-09-20T07:18:19.829239+00:00
4032,1057226752,2.3569,0.000473,0.818,0.8,2026-09-20T07:18:20.610189+00:00
4033,1057488896,2.3499,0.000473,0.828,0.8,2026-09-20T07:18:21.393271+00:00
4034,1057751040,2.3678,0.000473,0.688,0.8,2026-09-20T07:18:22.176217+00:00
4035,1058013184,2.368,0.000473,0.917,0.8,2026-09-20T07:18:22.956780+00:00
4036,1058275328,2.3929,0.000473,0.731,0.8,2026-09-20T07:18:23.738598+00:00
4037,1058537472,2.354,0.000473,0.588,0.8,2026-09-20T07:18:24.519707+00:00
4038,1058799616,2.3449,0.000473,0.72,0.8,2026-09-20T07:18:25.297975+00:00
4039,1059061760,2.3806,0.000473,0.974,0.8,2026-09-20T07:18:26.078411+00:00
4040,1059323904,2.31,0.000472,0.585,0.8,2026-09-20T07:18:26.860423+00:00
4041,1059586048,2.357,0.000472,0.718,0.8,2026-09-20T07:18:27.642630+00:00
4042,1059848192,2.3317,0.000472,0.654,0.8,2026-09-20T07:18:28.429132+00:00
4043,1060110336,2.3924,0.000472,0.687,0.8,2026-09-20T07:18:29.212367+00:00
4044,1060372480,2.3332,0.000472,0.636,0.8,2026-09-20T07:18:29.996191+00:00
4045,1060634624,2.3827,0.000472,0.679,0.8,2026-09-20T07:18:30.782302+00:00
4046,1060896768,2.3477,0.000472,0.61,0.8,2026-09-20T07:18:31.568605+00:00
4047,1061158912,2.3389,0.000472,0.635,0.8,2026-09-20T07:18:32.349988+00:00
4048,1061421056,2.3472,0.000472,0.782,0.8,2026-09-20T07:18:33.135183+00:00
4049,1061683200,2.3329,0.000472,0.639,0.8,2026-09-20T07:18:33.921780+00:00
4050,1061945344,2.3589,0.000472,0.806,0.8,2026-09-20T07:18:34.714114+00:00
4051,1062207488,2.4367,0.000472,0.703,0.8,2026-09-20T07:18:35.501938+00:00
4052,1062469632,2.404,0.000472,0.945,0.8,2026-09-20T07:18:36.288153+00:00
4053,1062731776,2.2567,0.000472,3.228,0.8,2026-09-20T07:18:37.077880+00:00
4054,1062993920,2.4353,0.000472,1.185,0.8,2026-09-20T07:18:37.864969+00:00
4055,1063256064,2.4362,0.000471,0.931,0.8,2026-09-20T07:18:38.656261+00:00
4056,1063518208,2.434,0.000471,0.852,0.8,2026-09-20T07:18:39.453739+00:00
4057,1063780352,2.302,0.000471,0.91,0.8,2026-09-20T07:18:40.245094+00:00
4058,1064042496,2.3114,0.000471,0.761,0.8,2026-09-20T07:18:41.038237+00:00
4059,1064304640,2.3879,0.000471,0.824,0.8,2026-09-20T07:18:41.833200+00:00
4060,1064566784,2.3561,0.000471,0.67,0.8,2026-09-20T07:18:42.625731+00:00
4061,1064828928,2.3525,0.000471,0.609,0.8,2026-09-20T07:18:43.412858+00:00
4062,1065091072,2.3657,0.000471,0.608,0.8,2026-09-20T07:18:44.206489+00:00
4063,1065353216,2.4247,0.000471,0.641,0.8,2026-09-20T07:18:44.998601+00:00
4064,1065615360,2.3351,0.000471,0.75,0.8,2026-09-20T07:18:45.791744+00:00
4065,1065877504,2.3716,0.000471,0.793,0.8,2026-09-20T07:18:46.589612+00:00
4066,1066139648,2.3477,0.000471,1.283,0.8,2026-09-20T07:18:47.378220+00:00
4067,1066401792,2.4056,0.000471,0.688,0.8,2026-09-20T07:18:48.171305+00:00
4068,1066663936,2.31,0.000471,0.624,0.8,2026-09-20T07:18:48.953846+00:00
4069,1066926080,2.3587,0.000471,0.637,0.8,2026-09-20T07:18:49.747534+00:00
4070,1067188224,2.3955,0.00047,0.648,0.8,2026-09-20T07:18:50.540193+00:00
4071,1067450368,2.3225,0.00047,0.657,0.8,2026-09-20T07:18:51.327973+00:00
4072,1067712512,2.2959,0.00047,0.681,0.8,2026-09-20T07:18:52.118696+00:00
4073,1067974656,2.3457,0.00047,0.674,0.8,2026-09-20T07:18:52.924138+00:00
4074,1068236800,2.3469,0.00047,0.575,0.8,2026-09-20T07:18:53.727931+00:00
4075,1068498944,2.3695,0.00047,0.906,0.8,2026-09-20T07:18:54.521562+00:00
4076,1068761088,2.3578,0.00047,0.794,0.8,2026-09-20T07:18:55.318404+00:00
4077,1069023232,2.2799,0.00047,0.828,0.8,2026-09-20T07:18:56.121360+00:00
4078,1069285376,2.3731,0.00047,0.882,0.8,2026-09-20T07:18:56.919805+00:00
4079,1069547520,2.3508,0.00047,0.711,0.8,2026-09-20T07:18:57.714648+00:00
4080,1069809664,2.3267,0.00047,0.796,0.8,2026-09-20T07:18:58.511163+00:00
4081,1070071808,2.335,0.00047,0.85,0.8,2026-09-20T07:18:59.302646+00:00
4082,1070333952,2.3521,0.00047,0.949,0.8,2026-09-20T07:19:00.095307+00:00
4083,1070596096,2.3591,0.00047,1.088,0.8,2026-09-20T07:19:00.885531+00:00
4084,1070858240,2.3447,0.00047,1.67,0.8,2026-09-20T07:19:01.681698+00:00
4085,1071120384,2.3598,0.000469,0.868,0.8,2026-09-20T07:19:02.484056+00:00
4086,1071382528,2.3667,0.000469,1.778,0.8,2026-09-20T07:19:03.276609+00:00
4087,1071644672,2.3152,0.000469,0.956,0.8,2026-09-20T07:19:04.072719+00:00
4088,1071906816,2.395,0.000469,1.109,0.8,2026-09-20T07:19:04.872482+00:00
4089,1072168960,2.4272,0.000469,0.778,0.8,2026-09-20T07:19:05.663402+00:00
4090,1072431104,2.3749,0.000469,0.938,0.8,2026-09-20T07:19:06.463316+00:00
4091,1072693248,2.3298,0.000469,0.657,0.8,2026-09-20T07:19:07.263484+00:00
4092,1072955392,2.3688,0.000469,1.036,0.8,2026-09-20T07:19:08.053799+00:00
4093,1073217536,2.3191,0.000469,1.689,0.8,2026-09-20T07:19:08.851585+00:00
4094,1073479680,2.4064,0.000469,0.67,0.8,2026-09-20T07:19:09.647863+00:00
4095,1073741824,2.3569,0.000469,0.769,0.8,2026-09-20T07:19:10.445533+00:00
4096,1074003968,2.3617,0.000469,1.609,0.8,2026-09-20T07:19:11.234989+00:00
4097,1074266112,2.3941,0.000469,0.992,0.8,2026-09-20T07:19:12.023984+00:00
4098,1074528256,2.4353,0.000469,1.077,0.8,2026-09-20T07:19:12.817544+00:00
4099,1074790400,2.3925,0.000469,1.374,0.8,2026-09-20T07:19:13.608152+00:00
4100,1075052544,2.256,0.000468,0.903,0.8,2026-09-20T07:19:14.392304+00:00
4101,1075314688,2.3498,0.000468,0.929,0.8,2026-09-20T07:19:15.180940+00:00
4102,1075576832,2.3565,0.000468,1.152,0.8,2026-09-20T07:19:15.970744+00:00
4103,1075838976,2.3662,0.000468,0.661,0.8,2026-09-20T07:19:16.762477+00:00
4104,1076101120,2.3658,0.000468,1.046,0.8,2026-09-20T07:19:17.551481+00:00
4105,1076363264,2.3465,0.000468,1.048,0.8,2026-09-20T07:19:18.343231+00:00
4106,1076625408,2.3851,0.000468,0.854,0.8,2026-09-20T07:19:19.127859+00:00
4107,1076887552,2.3282,0.000468,1.05,0.8,2026-09-20T07:19:19.921751+00:00
4108,1077149696,2.3012,0.000468,0.871,0.8,2026-09-20T07:19:20.707629+00:00
4109,1077411840,2.3443,0.000468,0.814,0.8,2026-09-20T07:19:21.494797+00:00
4110,1077673984,2.3334,0.000468,0.967,0.8,2026-09-20T07:19:22.284315+00:00
4111,1077936128,2.3865,0.000468,0.898,0.8,2026-09-20T07:19:23.080479+00:00
4112,1078198272,2.3329,0.000468,0.74,0.8,2026-09-20T07:19:23.874482+00:00
4113,1078460416,2.3916,0.000468,0.956,0.8,2026-09-20T07:19:24.671590+00:00
4114,1078722560,2.3385,0.000467,0.751,0.8,2026-09-20T07:19:25.463641+00:00
4115,1078984704,2.4291,0.000467,0.832,0.8,2026-09-20T07:19:26.250292+00:00
4116,1079246848,2.374,0.000467,0.638,0.8,2026-09-20T07:19:27.056273+00:00
4117,1079508992,2.2786,0.000467,1.359,0.8,2026-09-20T07:19:27.849320+00:00
4118,1079771136,2.2982,0.000467,0.753,0.8,2026-09-20T07:19:28.646939+00:00
4119,1080033280,2.3405,0.000467,0.999,0.8,2026-09-20T07:19:29.444942+00:00
4120,1080295424,2.3385,0.000467,0.589,0.8,2026-09-20T07:19:30.237952+00:00
4121,1080557568,2.3378,0.000467,0.759,0.8,2026-09-20T07:19:31.028816+00:00
4122,1080819712,2.3408,0.000467,0.92,0.8,2026-09-20T07:19:31.815303+00:00
4123,1081081856,2.3793,0.000467,1.485,0.8,2026-09-20T07:19:32.615997+00:00
4124,1081344000,2.3331,0.000467,0.571,0.8,2026-09-20T07:19:33.407555+00:00
4125,1081606144,2.324,0.000467,0.718,0.8,2026-09-20T07:19:34.195864+00:00
4126,1081868288,2.3504,0.000467,1.026,0.8,2026-09-20T07:19:34.984279+00:00
4127,1082130432,2.3251,0.000467,1.342,0.8,2026-09-20T07:19:35.776987+00:00
4128,1082392576,2.3739,0.000467,0.91,0.8,2026-09-20T07:19:36.568066+00:00
4129,1082654720,2.3906,0.000466,1.148,0.8,2026-09-20T07:19:37.346696+00:00
4130,1082916864,2.4025,0.000466,1.261,0.8,2026-09-20T07:19:38.137263+00:00
4131,1083179008,2.3827,0.000466,0.722,0.8,2026-09-20T07:19:38.928042+00:00
4132,1083441152,2.3396,0.000466,0.847,0.8,2026-09-20T07:19:39.717312+00:00
4133,1083703296,2.3796,0.000466,0.656,0.8,2026-09-20T07:19:40.501189+00:00
4134,1083965440,2.3282,0.000466,0.727,0.8,2026-09-20T07:19:41.293816+00:00
4135,1084227584,2.4046,0.000466,0.835,0.8,2026-09-20T07:19:42.089851+00:00
4136,1084489728,2.3678,0.000466,1.861,0.8,2026-09-20T07:19:42.873934+00:00
4137,1084751872,2.3661,0.000466,0.92,0.8,2026-09-20T07:19:43.657987+00:00
4138,1085014016,2.3015,0.000466,1.217,0.8,2026-09-20T07:19:44.448951+00:00
4139,1085276160,2.3709,0.000466,1.042,0.8,2026-09-20T07:19:45.235965+00:00
4140,1085538304,2.2655,0.000466,0.628,0.8,2026-09-20T07:19:46.026484+00:00
4141,1085800448,2.3357,0.000466,0.987,0.8,2026-09-20T07:19:46.810659+00:00
4142,1086062592,2.3443,0.000466,0.929,0.8,2026-09-20T07:19:47.596218+00:00
4143,1086324736,2.3794,0.000466,0.906,0.8,2026-09-20T07:19:48.382689+00:00
4144,1086586880,2.3667,0.000465,0.817,0.8,2026-09-20T07:19:49.163784+00:00
4145,1086849024,2.3628,0.000465,0.79,0.8,2026-09-20T07:19:49.952327+00:00
4146,1087111168,2.2806,0.000465,0.621,0.8,2026-09-20T07:19:50.746374+00:00
4147,1087373312,2.3467,0.000465,0.777,0.8,2026-09-20T07:19:51.528544+00:00
4148,1087635456,2.3632,0.000465,0.783,0.8,2026-09-20T07:19:52.315290+00:00
4149,1087897600,2.3354,0.000465,0.657,0.8,2026-09-20T07:19:53.113030+00:00
4150,1088159744,2.355,0.000465,1.309,0.8,2026-09-20T07:19:53.907676+00:00
4151,1088421888,2.3868,0.000465,1.42,0.8,2026-09-20T07:19:54.706375+00:00
4152,1088684032,2.3791,0.000465,1.047,0.8,2026-09-20T07:19:55.494031+00:00
4153,1088946176,2.3391,0.000465,0.794,0.8,2026-09-20T07:19:56.299403+00:00
4154,1089208320,2.334,0.000465,0.824,0.8,2026-09-20T07:19:57.085418+00:00
4155,1089470464,2.3755,0.000465,1.254,0.8,2026-09-20T07:19:57.874216+00:00
4156,1089732608,2.3255,0.000465,0.85,0.8,2026-09-20T07:19:58.668625+00:00
4157,1089994752,2.3623,0.000465,1.038,0.8,2026-09-20T07:19:59.464824+00:00
4158,1090256896,2.3464,0.000464,0.87,0.8,2026-09-20T07:20:00.266389+00:00
4159,1090519040,2.3448,0.000464,0.906,0.8,2026-09-20T07:20:01.059177+00:00
4160,1090781184,2.3935,0.000464,1.063,0.8,2026-09-20T07:20:01.852221+00:00
4161,1091043328,2.3203,0.000464,0.71,0.8,2026-09-20T07:20:02.637733+00:00
4162,1091305472,2.294,0.000464,1.211,0.8,2026-09-20T07:20:03.436811+00:00
4163,1091567616,2.3469,0.000464,0.742,0.8,2026-09-20T07:20:04.224868+00:00
4164,1091829760,2.3207,0.000464,0.643,0.8,2026-09-20T07:20:05.017312+00:00
4165,1092091904,2.3909,0.000464,0.718,0.8,2026-09-20T07:20:05.809870+00:00
4166,1092354048,2.31,0.000464,0.823,0.8,2026-09-20T07:20:06.602070+00:00
4167,1092616192,2.3775,0.000464,1.218,0.8,2026-09-20T07:20:07.392953+00:00
4168,1092878336,2.3468,0.000464,0.837,0.8,2026-09-20T07:20:08.187091+00:00
4169,1093140480,2.3419,0.000464,1.134,0.8,2026-09-20T07:20:08.984944+00:00
4170,1093402624,2.3808,0.000464,0.702,0.8,2026-09-20T07:20:09.778091+00:00
4171,1093664768,2.3458,0.000464,0.724,0.8,2026-09-20T07:20:10.563338+00:00
4172,1093926912,2.3123,0.000464,0.958,0.8,2026-09-20T07:20:11.350385+00:00
4173,1094189056,2.3444,0.000463,0.746,0.8,2026-09-20T07:20:12.137702+00:00
4174,1094451200,2.4139,0.000463,0.889,0.8,2026-09-20T07:20:12.923308+00:00
4175,1094713344,2.3506,0.000463,0.807,0.8,2026-09-20T07:20:13.715852+00:00
4176,1094975488,2.4013,0.000463,2.053,0.8,2026-09-20T07:20:14.507042+00:00
4177,1095237632,2.3882,0.000463,1.036,0.8,2026-09-20T07:20:15.298392+00:00
4178,1095499776,2.3923,0.000463,0.882,0.8,2026-09-20T07:20:16.093930+00:00
4179,1095761920,2.3589,0.000463,1.152,0.8,2026-09-20T07:20:16.882798+00:00
4180,1096024064,2.339,0.000463,1.564,0.8,2026-09-20T07:20:17.679948+00:00
4181,1096286208,2.3137,0.000463,1.318,0.8,2026-09-20T07:20:18.474330+00:00
4182,1096548352,2.3459,0.000463,1.085,0.8,2026-09-20T07:20:19.269795+00:00
4183,1096810496,2.3834,0.000463,1.1,0.8,2026-09-20T07:20:20.064301+00:00
4184,1097072640,2.3827,0.000463,0.781,0.8,2026-09-20T07:20:20.851362+00:00
4185,1097334784,2.3941,0.000463,0.924,0.8,2026-09-20T07:20:21.643399+00:00
4186,1097596928,2.3059,0.000463,1.091,0.8,2026-09-20T07:20:22.430637+00:00
4187,1097859072,2.4186,0.000463,1.196,0.8,2026-09-20T07:20:23.220575+00:00
4188,1098121216,2.3016,0.000462,0.715,0.8,2026-09-20T07:20:24.011170+00:00
4189,1098383360,2.36,0.000462,0.766,0.8,2026-09-20T07:20:24.803708+00:00
4190,1098645504,2.3649,0.000462,0.864,0.8,2026-09-20T07:20:25.588487+00:00
4191,1098907648,2.4177,0.000462,0.818,0.8,2026-09-20T07:20:26.382319+00:00
4192,1099169792,2.3692,0.000462,0.68,0.8,2026-09-20T07:20:27.175194+00:00
4193,1099431936,2.3635,0.000462,1.578,0.8,2026-09-20T07:20:27.963342+00:00
4194,1099694080,2.385,0.000462,0.659,0.8,2026-09-20T07:20:28.749046+00:00
4195,1099956224,2.3525,0.000462,1.048,0.8,2026-09-20T07:20:29.547835+00:00
4196,1100218368,2.3366,0.000462,0.965,0.8,2026-09-20T07:20:30.341270+00:00
4197,1100480512,2.3952,0.000462,1.211,0.8,2026-09-20T07:20:31.131006+00:00
4198,1100742656,2.3888,0.000462,0.716,0.8,2026-09-20T07:20:31.914488+00:00
4199,1101004800,2.3408,0.000462,0.776,0.8,2026-09-20T07:20:32.702248+00:00
4200,1101266944,2.3672,0.000462,0.73,0.8,2026-09-20T07:20:33.495139+00:00
4201,1101529088,2.378,0.000462,1.406,0.8,2026-09-20T07:20:34.283532+00:00
4202,1101791232,2.3625,0.000461,0.903,0.8,2026-09-20T07:20:35.073702+00:00
4203,1102053376,2.3605,0.000461,0.878,0.8,2026-09-20T07:20:35.863675+00:00
4204,1102315520,2.3297,0.000461,1.238,0.8,2026-09-20T07:20:36.652985+00:00
4205,1102577664,2.3989,0.000461,0.653,0.8,2026-09-20T07:20:37.442779+00:00
4206,1102839808,2.3307,0.000461,0.835,0.8,2026-09-20T07:20:38.231515+00:00
4207,1103101952,2.3544,0.000461,1.044,0.8,2026-09-20T07:20:39.017734+00:00
4208,1103364096,2.3448,0.000461,0.732,0.8,2026-09-20T07:20:39.811025+00:00
4209,1103626240,2.3158,0.000461,0.66,0.8,2026-09-20T07:20:40.597653+00:00
4210,1103888384,2.3696,0.000461,0.794,0.8,2026-09-20T07:20:41.389265+00:00
4211,1104150528,2.3916,0.000461,1.137,0.8,2026-09-20T07:20:42.183490+00:00
4212,1104412672,2.4067,0.000461,1.74,0.8,2026-09-20T07:20:42.981388+00:00
4213,1104674816,2.2833,0.000461,1.011,0.8,2026-09-20T07:20:43.766583+00:00
4214,1104936960,2.3424,0.000461,1.175,0.8,2026-09-20T07:20:44.565029+00:00
4215,1105199104,2.2917,0.000461,0.761,0.8,2026-09-20T07:20:45.358639+00:00
4216,1105461248,2.3751,0.000461,1.144,0.8,2026-09-20T07:20:46.162513+00:00
4217,1105723392,2.3958,0.00046,0.801,0.8,2026-09-20T07:20:46.963325+00:00
4218,1105985536,2.3204,0.00046,0.744,0.8,2026-09-20T07:20:47.762212+00:00
4219,1106247680,2.3461,0.00046,1.027,0.8,2026-09-20T07:20:48.563306+00:00
4220,1106509824,2.2908,0.00046,1.262,0.8,2026-09-20T07:20:49.358235+00:00
4221,1106771968,2.3542,0.00046,1.113,0.8,2026-09-20T07:20:50.164706+00:00
4222,1107034112,2.3193,0.00046,0.937,0.8,2026-09-20T07:20:50.968840+00:00
4223,1107296256,2.3179,0.00046,0.667,0.8,2026-09-20T07:20:51.773472+00:00
4224,1107558400,2.3361,0.00046,0.864,0.8,2026-09-20T07:20:52.578624+00:00
4225,1107820544,2.3274,0.00046,0.671,0.8,2026-09-20T07:20:53.378854+00:00
4226,1108082688,2.3551,0.00046,0.79,0.8,2026-09-20T07:20:54.182501+00:00
4227,1108344832,2.3891,0.00046,0.788,0.8,2026-09-20T07:20:54.979542+00:00
4228,1108606976,2.3904,0.00046,0.935,0.8,2026-09-20T07:20:55.777281+00:00
4229,1108869120,2.3608,0.00046,0.777,0.8,2026-09-20T07:20:56.581888+00:00
4230,1109131264,2.363,0.00046,0.568,0.8,2026-09-20T07:20:57.380343+00:00
4231,1109393408,2.3274,0.000459,0.69,0.8,2026-09-20T07:20:58.184283+00:00
4232,1109655552,2.42,0.000459,0.83,0.8,2026-09-20T07:20:58.992446+00:00
4233,1109917696,2.3314,0.000459,0.8,0.8,2026-09-20T07:20:59.794442+00:00
4234,1110179840,2.4119,0.000459,0.882,0.8,2026-09-20T07:21:00.584673+00:00
4235,1110441984,2.3938,0.000459,1.579,0.8,2026-09-20T07:21:01.380176+00:00
4236,1110704128,2.3709,0.000459,0.792,0.8,2026-09-20T07:21:02.180179+00:00
4237,1110966272,2.3524,0.000459,1.219,0.8,2026-09-20T07:21:02.970320+00:00
4238,1111228416,2.3325,0.000459,1.531,0.8,2026-09-20T07:21:03.761917+00:00
4239,1111490560,2.3585,0.000459,0.716,0.8,2026-09-20T07:21:04.551297+00:00
4240,1111752704,2.3774,0.000459,0.814,0.8,2026-09-20T07:21:05.338571+00:00
4241,1112014848,2.3687,0.000459,0.662,0.8,2026-09-20T07:21:06.127511+00:00
4242,1112276992,2.368,0.000459,0.798,0.8,2026-09-20T07:21:06.920039+00:00
4243,1112539136,2.3486,0.000459,0.959,0.8,2026-09-20T07:21:07.708153+00:00
4244,1112801280,2.4172,0.000459,1.036,0.8,2026-09-20T07:21:08.521385+00:00
4245,1113063424,2.2724,0.000459,1.136,0.8,2026-09-20T07:21:09.313930+00:00
4246,1113325568,2.3479,0.000458,1.078,0.8,2026-09-20T07:21:10.108669+00:00
4247,1113587712,2.3553,0.000458,0.834,0.8,2026-09-20T07:21:10.898689+00:00
4248,1113849856,2.2777,0.000458,1.307,0.8,2026-09-20T07:21:11.693032+00:00
4249,1114112000,2.3703,0.000458,0.836,0.8,2026-09-20T07:21:12.488885+00:00
4250,1114374144,2.3095,0.000458,1.394,0.8,2026-09-20T07:21:38.431961+00:00
4251,1114636288,2.3621,0.000458,1.111,0.8,2026-09-20T07:21:39.228201+00:00
4252,1114898432,2.33,0.000458,1.986,0.8,2026-09-20T07:21:40.018737+00:00
4253,1115160576,2.356,0.000458,1.261,0.8,2026-09-20T07:21:40.818849+00:00
4254,1115422720,2.4294,0.000458,0.997,0.8,2026-09-20T07:21:41.618496+00:00
4255,1115684864,2.3364,0.000458,1.033,0.8,2026-09-20T07:21:42.418824+00:00
4256,1115947008,2.3521,0.000458,1.545,0.8,2026-09-20T07:21:43.225977+00:00
4257,1116209152,2.3532,0.000458,1.42,0.8,2026-09-20T07:21:44.023748+00:00
4258,1116471296,2.348,0.000458,1.168,0.8,2026-09-20T07:21:44.821805+00:00
4259,1116733440,2.4131,0.000458,0.835,0.8,2026-09-20T07:21:45.613272+00:00
4260,1116995584,2.3225,0.000457,1.345,0.8,2026-09-20T07:21:46.409750+00:00
4261,1117257728,2.3337,0.000457,0.932,0.8,2026-09-20T07:21:47.211555+00:00
4262,1117519872,2.3597,0.000457,1.163,0.8,2026-09-20T07:21:48.014226+00:00
4263,1117782016,2.4298,0.000457,0.927,0.8,2026-09-20T07:21:48.818839+00:00
4264,1118044160,2.3307,0.000457,1.201,0.8,2026-09-20T07:21:49.607247+00:00
4265,1118306304,2.3331,0.000457,0.867,0.8,2026-09-20T07:21:50.400479+00:00
4266,1118568448,2.3915,0.000457,1.14,0.8,2026-09-20T07:21:51.209116+00:00
4267,1118830592,2.3453,0.000457,0.821,0.8,2026-09-20T07:21:52.002017+00:00
4268,1119092736,2.2628,0.000457,1.018,0.8,2026-09-20T07:21:52.800703+00:00
4269,1119354880,2.4093,0.000457,0.678,0.8,2026-09-20T07:21:53.595443+00:00
4270,1119617024,2.2948,0.000457,0.759,0.8,2026-09-20T07:21:54.389066+00:00
4271,1119879168,2.389,0.000457,0.819,0.8,2026-09-20T07:21:55.192141+00:00
4272,1120141312,2.3772,0.000457,0.745,0.8,2026-09-20T07:21:55.995962+00:00
4273,1120403456,2.3335,0.000457,0.731,0.8,2026-09-20T07:21:56.794679+00:00
4274,1120665600,2.3576,0.000456,0.833,0.8,2026-09-20T07:21:57.592309+00:00
4275,1120927744,2.3754,0.000456,1.08,0.8,2026-09-20T07:21:58.394221+00:00
4276,1121189888,2.342,0.000456,0.692,0.8,2026-09-20T07:21:59.195772+00:00
4277,1121452032,2.3661,0.000456,1.043,0.8,2026-09-20T07:22:00.000864+00:00
4278,1121714176,2.3768,0.000456,0.823,0.8,2026-09-20T07:22:00.799931+00:00
4279,1121976320,2.3406,0.000456,1.152,0.8,2026-09-20T07:22:01.592477+00:00
4280,1122238464,2.3255,0.000456,1.166,0.8,2026-09-20T07:22:02.390414+00:00
4281,1122500608,2.3713,0.000456,0.666,0.8,2026-09-20T07:22:03.192196+00:00
4282,1122762752,2.3681,0.000456,0.759,0.8,2026-09-20T07:22:03.981705+00:00
4283,1123024896,2.3379,0.000456,1.048,0.8,2026-09-20T07:22:04.784199+00:00
4284,1123287040,2.3335,0.000456,1.09,0.8,2026-09-20T07:22:05.577123+00:00
4285,1123549184,2.3373,0.000456,0.778,0.8,2026-09-20T07:22:06.375571+00:00
4286,1123811328,2.3616,0.000456,2.935,0.8,2026-09-20T07:22:07.166740+00:00
4287,1124073472,2.2803,0.000456,1.147,0.8,2026-09-20T07:22:07.971009+00:00
4288,1124335616,2.3993,0.000456,1.012,0.8,2026-09-20T07:22:08.766326+00:00
4289,1124597760,2.3093,0.000455,0.938,0.8,2026-09-20T07:22:09.553319+00:00
4290,1124859904,2.3815,0.000455,0.863,0.8,2026-09-20T07:22:10.346514+00:00
4291,1125122048,2.329,0.000455,1.344,0.8,2026-09-20T07:22:11.134237+00:00
4292,1125384192,2.3744,0.000455,1.334,0.8,2026-09-20T07:22:11.920696+00:00
4293,1125646336,2.3491,0.000455,0.867,0.8,2026-09-20T07:22:12.724523+00:00
4294,1125908480,2.3002,0.000455,0.93,0.8,2026-09-20T07:22:13.517343+00:00
4295,1126170624,2.3369,0.000455,0.787,0.8,2026-09-20T07:22:14.313024+00:00
4296,1126432768,2.4007,0.000455,1.403,0.8,2026-09-20T07:22:15.109268+00:00
4297,1126694912,2.3779,0.000455,1.03,0.8,2026-09-20T07:22:15.900510+00:00
4298,1126957056,2.3138,0.000455,1.122,0.8,2026-09-20T07:22:16.695715+00:00
4299,1127219200,2.367,0.000455,1.596,0.8,2026-09-20T07:22:17.478390+00:00
4300,1127481344,2.3718,0.000455,1.218,0.8,2026-09-20T07:22:18.267846+00:00
4301,1127743488,2.3134,0.000455,0.942,0.8,2026-09-20T07:22:19.060687+00:00
4302,1128005632,2.3279,0.000455,1.282,0.8,2026-09-20T07:22:19.849474+00:00
4303,1128267776,2.3267,0.000454,0.844,0.8,2026-09-20T07:22:20.637313+00:00
4304,1128529920,2.3835,0.000454,0.963,0.8,2026-09-20T07:22:21.433420+00:00
4305,1128792064,2.3705,0.000454,0.932,0.8,2026-09-20T07:22:22.224579+00:00
4306,1129054208,2.3521,0.000454,0.972,0.8,2026-09-20T07:22:23.013593+00:00
4307,1129316352,2.3481,0.000454,0.747,0.8,2026-09-20T07:22:23.805735+00:00
4308,1129578496,2.3812,0.000454,1.421,0.8,2026-09-20T07:22:24.599721+00:00
4309,1129840640,2.3829,0.000454,0.857,0.8,2026-09-20T07:22:25.387774+00:00
4310,1130102784,2.2801,0.000454,1.543,0.8,2026-09-20T07:22:26.178384+00:00
4311,1130364928,2.3605,0.000454,0.747,0.8,2026-09-20T07:22:26.962022+00:00
4312,1130627072,2.344,0.000454,0.867,0.8,2026-09-20T07:22:27.753378+00:00
4313,1130889216,2.3463,0.000454,0.841,0.8,2026-09-20T07:22:28.546389+00:00
4314,1131151360,2.3919,0.000454,0.834,0.8,2026-09-20T07:22:29.336960+00:00
4315,1131413504,2.346,0.000454,0.859,0.8,2026-09-20T07:22:30.119295+00:00
4316,1131675648,2.3656,0.000454,0.979,0.8,2026-09-20T07:22:30.914583+00:00
4317,1131937792,2.3179,0.000453,1.096,0.8,2026-09-20T07:22:31.702735+00:00
4318,1132199936,2.3584,0.000453,1.095,0.8,2026-09-20T07:22:32.497849+00:00
4319,1132462080,2.3494,0.000453,0.873,0.8,2026-09-20T07:22:33.285074+00:00
4320,1132724224,2.335,0.000453,0.933,0.8,2026-09-20T07:22:34.078941+00:00
4321,1132986368,2.3851,0.000453,1.466,0.8,2026-09-20T07:22:34.874460+00:00
4322,1133248512,2.3627,0.000453,1.515,0.8,2026-09-20T07:22:35.660554+00:00
4323,1133510656,2.3621,0.000453,0.72,0.8,2026-09-20T07:22:36.451636+00:00
4324,1133772800,2.3795,0.000453,1.396,0.8,2026-09-20T07:22:37.237593+00:00
4325,1134034944,2.4192,0.000453,0.818,0.8,2026-09-20T07:22:38.024864+00:00
4326,1134297088,2.3708,0.000453,1.112,0.8,2026-09-20T07:22:38.810895+00:00
4327,1134559232,2.3256,0.000453,1.53,0.8,2026-09-20T07:22:39.600148+00:00
4328,1134821376,2.3829,0.000453,2.52,0.8,2026-09-20T07:22:40.384928+00:00
4329,1135083520,2.3815,0.000453,4.992,0.8,2026-09-20T07:22:41.174494+00:00
4330,1135345664,2.3926,0.000453,1.612,0.8,2026-09-20T07:22:41.965671+00:00
4331,1135607808,2.3922,0.000453,8.644,0.8,2026-09-20T07:22:42.754600+00:00
4332,1135869952,2.4034,0.000452,6.682,0.8,2026-09-20T07:22:43.546487+00:00
4333,1136132096,2.4515,0.000452,8.131,0.8,2026-09-20T07:22:44.337187+00:00
4334,1136394240,2.4269,0.000452,12.044,0.8,2026-09-20T07:22:45.123725+00:00
4335,1136656384,2.4423,0.000452,3.102,0.8,2026-09-20T07:22:45.913171+00:00
4336,1136918528,2.4189,0.000452,3.532,0.8,2026-09-20T07:22:46.695297+00:00
4337,1137180672,2.3875,0.000452,1.527,0.8,2026-09-20T07:22:47.480100+00:00
4338,1137442816,2.398,0.000452,1.648,0.8,2026-09-20T07:22:48.258418+00:00
4339,1137704960,2.3447,0.000452,1.193,0.8,2026-09-20T07:22:49.041461+00:00
4340,1137967104,2.4426,0.000452,1.126,0.8,2026-09-20T07:22:49.827775+00:00
4341,1138229248,2.3996,0.000452,1.243,0.8,2026-09-20T07:22:50.608971+00:00
4342,1138491392,2.3656,0.000452,1.141,0.8,2026-09-20T07:22:51.388789+00:00
4343,1138753536,2.4085,0.000452,1.097,0.8,2026-09-20T07:22:52.174922+00:00
4344,1139015680,2.3822,0.000452,1.453,0.8,2026-09-20T07:22:52.957471+00:00
4345,1139277824,2.3971,0.000452,0.859,0.8,2026-09-20T07:22:53.744597+00:00
4346,1139539968,2.4036,0.000451,0.97,0.8,2026-09-20T07:22:54.527131+00:00
4347,1139802112,2.3186,0.000451,1.094,0.8,2026-09-20T07:22:55.309577+00:00
4348,1140064256,2.3521,0.000451,1.275,0.8,2026-09-20T07:22:56.116580+00:00
4349,1140326400,2.3702,0.000451,0.715,0.8,2026-09-20T07:22:56.900396+00:00
4350,1140588544,2.368,0.000451,1.661,0.8,2026-09-20T07:22:57.685217+00:00
4351,1140850688,2.336,0.000451,1.334,0.8,2026-09-20T07:22:58.464214+00:00
4352,1141112832,2.3857,0.000451,1.342,0.8,2026-09-20T07:22:59.251134+00:00
4353,1141374976,2.3513,0.000451,2.793,0.8,2026-09-20T07:23:00.033089+00:00
4354,1141637120,2.3428,0.000451,1.021,0.8,2026-09-20T07:23:00.816121+00:00
4355,1141899264,2.3667,0.000451,0.921,0.8,2026-09-20T07:23:01.596489+00:00
4356,1142161408,2.2875,0.000451,1.002,0.8,2026-09-20T07:23:02.381298+00:00
4357,1142423552,2.3549,0.000451,0.849,0.8,2026-09-20T07:23:03.165823+00:00
4358,1142685696,2.3128,0.000451,1.901,0.8,2026-09-20T07:23:03.951988+00:00
4359,1142947840,2.3769,0.000451,1.12,0.8,2026-09-20T07:23:04.736300+00:00
4360,1143209984,2.364,0.00045,1.531,0.8,2026-09-20T07:23:05.518666+00:00
4361,1143472128,2.3606,0.00045,1.032,0.8,2026-09-20T07:23:06.304629+00:00
4362,1143734272,2.4188,0.00045,1.176,0.8,2026-09-20T07:23:07.086639+00:00
4363,1143996416,2.3114,0.00045,1.107,0.8,2026-09-20T07:23:07.866991+00:00
4364,1144258560,2.433,0.00045,0.764,0.8,2026-09-20T07:23:08.647718+00:00
4365,1144520704,2.3362,0.00045,1.181,0.8,2026-09-20T07:23:09.432827+00:00
4366,1144782848,2.3184,0.00045,1.353,0.8,2026-09-20T07:23:10.222537+00:00
4367,1145044992,2.3837,0.00045,0.881,0.8,2026-09-20T07:23:11.006447+00:00
4368,1145307136,2.3721,0.00045,1.198,0.8,2026-09-20T07:23:11.786283+00:00
4369,1145569280,2.3205,0.00045,0.932,0.8,2026-09-20T07:23:12.574444+00:00
4370,1145831424,2.3884,0.00045,1.175,0.8,2026-09-20T07:23:13.358857+00:00
4371,1146093568,2.3792,0.00045,1.292,0.8,2026-09-20T07:23:14.145866+00:00
4372,1146355712,2.3696,0.00045,0.921,0.8,2026-09-20T07:23:14.932442+00:00
4373,1146617856,2.3444,0.00045,0.746,0.8,2026-09-20T07:23:15.713846+00:00
4374,1146880000,2.3542,0.000449,0.712,0.8,2026-09-20T07:23:16.498098+00:00
4375,1147142144,2.3012,0.000449,0.857,0.8,2026-09-20T07:23:17.292579+00:00
4376,1147404288,2.3686,0.000449,1.112,0.8,2026-09-20T07:23:18.076391+00:00
4377,1147666432,2.2951,0.000449,0.744,0.8,2026-09-20T07:23:18.860016+00:00
4378,1147928576,2.3922,0.000449,1.275,0.8,2026-09-20T07:23:19.647618+00:00
4379,1148190720,2.2719,0.000449,0.816,0.8,2026-09-20T07:23:20.432712+00:00
4380,1148452864,2.3774,0.000449,0.732,0.8,2026-09-20T07:23:21.222823+00:00
4381,1148715008,2.4239,0.000449,0.994,0.8,2026-09-20T07:23:22.007398+00:00
4382,1148977152,2.3002,0.000449,1.468,0.8,2026-09-20T07:23:22.790847+00:00
4383,1149239296,2.3309,0.000449,1.435,0.8,2026-09-20T07:23:23.575835+00:00
4384,1149501440,2.326,0.000449,0.872,0.8,2026-09-20T07:23:24.363604+00:00
4385,1149763584,2.2577,0.000449,1.014,0.8,2026-09-20T07:23:25.151119+00:00
4386,1150025728,2.3256,0.000449,1.027,0.8,2026-09-20T07:23:25.936650+00:00
4387,1150287872,2.3458,0.000449,1.513,0.8,2026-09-20T07:23:26.720416+00:00
4388,1150550016,2.3162,0.000448,1.215,0.8,2026-09-20T07:23:27.504798+00:00
4389,1150812160,2.3726,0.000448,0.983,0.8,2026-09-20T07:23:28.296303+00:00
4390,1151074304,2.3868,0.000448,0.946,0.8,2026-09-20T07:23:29.078115+00:00
4391,1151336448,2.3367,0.000448,2.156,0.8,2026-09-20T07:23:29.862453+00:00
4392,1151598592,2.3434,0.000448,1.432,0.8,2026-09-20T07:23:30.649704+00:00
4393,1151860736,2.3681,0.000448,1.68,0.8,2026-09-20T07:23:31.429939+00:00
4394,1152122880,2.3803,0.000448,1.134,0.8,2026-09-20T07:23:32.214099+00:00
4395,1152385024,2.2981,0.000448,0.896,0.8,2026-09-20T07:23:33.002675+00:00
4396,1152647168,2.3642,0.000448,2.039,0.8,2026-09-20T07:23:33.787552+00:00
4397,1152909312,2.3362,0.000448,1.537,0.8,2026-09-20T07:23:34.578943+00:00
4398,1153171456,2.3925,0.000448,0.784,0.8,2026-09-20T07:23:35.374357+00:00
4399,1153433600,2.3091,0.000448,1.174,0.8,2026-09-20T07:23:36.160280+00:00
4400,1153695744,2.343,0.000448,0.775,0.8,2026-09-20T07:23:36.951880+00:00
4401,1153957888,2.3078,0.000448,1.302,0.8,2026-09-20T07:23:37.737669+00:00
4402,1154220032,2.3574,0.000447,0.94,0.8,2026-09-20T07:23:38.529726+00:00
4403,1154482176,2.3133,0.000447,1.209,0.8,2026-09-20T07:23:39.320420+00:00
4404,1154744320,2.3997,0.000447,0.934,0.8,2026-09-20T07:23:40.105102+00:00
4405,1155006464,2.3206,0.000447,2.254,0.8,2026-09-20T07:23:40.899847+00:00
4406,1155268608,2.3747,0.000447,1.226,0.8,2026-09-20T07:23:41.686174+00:00
4407,1155530752,2.3101,0.000447,0.844,0.8,2026-09-20T07:23:42.473986+00:00
4408,1155792896,2.3647,0.000447,0.745,0.8,2026-09-20T07:23:43.254487+00:00
4409,1156055040,2.3196,0.000447,0.927,0.8,2026-09-20T07:23:44.042166+00:00
4410,1156317184,2.3506,0.000447,1.222,0.8,2026-09-20T07:23:44.831195+00:00
4411,1156579328,2.3704,0.000447,0.956,0.8,2026-09-20T07:23:45.620671+00:00
4412,1156841472,2.3204,0.000447,0.967,0.8,2026-09-20T07:23:46.415717+00:00
4413,1157103616,2.4141,0.000447,1.101,0.8,2026-09-20T07:23:47.199701+00:00
4414,1157365760,2.3933,0.000447,1.162,0.8,2026-09-20T07:23:47.991310+00:00
4415,1157627904,2.3602,0.000447,0.889,0.8,2026-09-20T07:23:48.780599+00:00
4416,1157890048,2.3656,0.000446,0.884,0.8,2026-09-20T07:23:49.572026+00:00
4417,1158152192,2.3411,0.000446,0.777,0.8,2026-09-20T07:23:50.357344+00:00
4418,1158414336,2.3689,0.000446,0.851,0.8,2026-09-20T07:23:51.148919+00:00
4419,1158676480,2.3533,0.000446,0.721,0.8,2026-09-20T07:23:51.939360+00:00
4420,1158938624,2.312,0.000446,0.96,0.8,2026-09-20T07:23:52.734424+00:00
4421,1159200768,2.327,0.000446,1.302,0.8,2026-09-20T07:23:53.517486+00:00
4422,1159462912,2.3138,0.000446,0.914,0.8,2026-09-20T07:23:54.306761+00:00
4423,1159725056,2.3886,0.000446,1.008,0.8,2026-09-20T07:23:55.098204+00:00
4424,1159987200,2.3022,0.000446,2.191,0.8,2026-09-20T07:23:55.893554+00:00
4425,1160249344,2.4129,0.000446,1.014,0.8,2026-09-20T07:23:56.688190+00:00
4426,1160511488,2.3601,0.000446,1.34,0.8,2026-09-20T07:23:57.480573+00:00
4427,1160773632,2.266,0.000446,0.995,0.8,2026-09-20T07:23:58.273520+00:00
4428,1161035776,2.2875,0.000446,1.598,0.8,2026-09-20T07:23:59.064214+00:00
4429,1161297920,2.3576,0.000446,1.328,0.8,2026-09-20T07:23:59.854586+00:00
4430,1161560064,2.378,0.000445,1.202,0.8,2026-09-20T07:24:00.647301+00:00
4431,1161822208,2.3451,0.000445,1.479,0.8,2026-09-20T07:24:01.441515+00:00
4432,1162084352,2.3774,0.000445,1.549,0.8,2026-09-20T07:24:02.238588+00:00
4433,1162346496,2.4353,0.000445,1.175,0.8,2026-09-20T07:24:03.038840+00:00
4434,1162608640,2.35,0.000445,0.806,0.8,2026-09-20T07:24:03.841160+00:00
4435,1162870784,2.4026,0.000445,1.373,0.8,2026-09-20T07:24:04.634947+00:00
4436,1163132928,2.39,0.000445,1.161,0.8,2026-09-20T07:24:05.419317+00:00
4437,1163395072,2.3564,0.000445,1.017,0.8,2026-09-20T07:24:06.211144+00:00
4438,1163657216,2.345,0.000445,0.941,0.8,2026-09-20T07:24:07.006489+00:00
4439,1163919360,2.4389,0.000445,0.872,0.8,2026-09-20T07:24:07.797422+00:00
4440,1164181504,2.3268,0.000445,0.817,0.8,2026-09-20T07:24:08.610153+00:00
4441,1164443648,2.4611,0.000445,1.001,0.8,2026-09-20T07:24:09.403635+00:00
4442,1164705792,2.3464,0.000445,0.746,0.8,2026-09-20T07:24:10.196138+00:00
4443,1164967936,2.3073,0.000445,1.031,0.8,2026-09-20T07:24:10.993740+00:00
4444,1165230080,2.3179,0.000444,0.988,0.8,2026-09-20T07:24:11.788670+00:00
4445,1165492224,2.4239,0.000444,1.273,0.8,2026-09-20T07:24:12.588269+00:00
4446,1165754368,2.3112,0.000444,0.639,0.8,2026-09-20T07:24:13.386548+00:00
4447,1166016512,2.3227,0.000444,0.836,0.8,2026-09-20T07:24:14.188028+00:00
4448,1166278656,2.3775,0.000444,0.79,0.8,2026-09-20T07:24:14.990250+00:00
4449,1166540800,2.301,0.000444,0.963,0.8,2026-09-20T07:24:15.788375+00:00
4450,1166802944,2.3545,0.000444,0.813,0.8,2026-09-20T07:24:16.576759+00:00
4451,1167065088,2.3259,0.000444,0.675,0.8,2026-09-20T07:24:17.377009+00:00
4452,1167327232,2.3683,0.000444,1.185,0.8,2026-09-20T07:24:18.172225+00:00
4453,1167589376,2.3645,0.000444,0.92,0.8,2026-09-20T07:24:18.967531+00:00
4454,1167851520,2.4122,0.000444,1.136,0.8,2026-09-20T07:24:19.767928+00:00
4455,1168113664,2.3415,0.000444,0.938,0.8,2026-09-20T07:24:20.559968+00:00
4456,1168375808,2.339,0.000444,2.495,0.8,2026-09-20T07:24:21.346191+00:00
4457,1168637952,2.3563,0.000444,1.306,0.8,2026-09-20T07:24:22.133146+00:00
4458,1168900096,2.3273,0.000443,1.773,0.8,2026-09-20T07:24:22.932958+00:00
4459,1169162240,2.3006,0.000443,1.322,0.8,2026-09-20T07:24:23.728418+00:00
4460,1169424384,2.3745,0.000443,1.649,0.8,2026-09-20T07:24:24.523649+00:00
4461,1169686528,2.3925,0.000443,1.709,0.8,2026-09-20T07:24:25.311001+00:00
4462,1169948672,2.3664,0.000443,1.771,0.8,2026-09-20T07:24:26.097873+00:00
4463,1170210816,2.2884,0.000443,4.21,0.8,2026-09-20T07:24:26.894724+00:00
4464,1170472960,2.375,0.000443,1.225,0.8,2026-09-20T07:24:27.690876+00:00
4465,1170735104,2.3732,0.000443,3.124,0.8,2026-09-20T07:24:28.476865+00:00
4466,1170997248,2.3906,0.000443,1.869,0.8,2026-09-20T07:24:29.266428+00:00
4467,1171259392,2.3434,0.000443,1.198,0.8,2026-09-20T07:24:30.053829+00:00
4468,1171521536,2.3538,0.000443,1.364,0.8,2026-09-20T07:24:30.841183+00:00
4469,1171783680,2.3287,0.000443,1.582,0.8,2026-09-20T07:24:31.626972+00:00
4470,1172045824,2.3659,0.000443,0.934,0.8,2026-09-20T07:24:32.419291+00:00
4471,1172307968,2.4184,0.000443,1.364,0.8,2026-09-20T07:24:33.209577+00:00
4472,1172570112,2.3384,0.000442,2.512,0.8,2026-09-20T07:24:34.006896+00:00
4473,1172832256,2.4261,0.000442,2.313,0.8,2026-09-20T07:24:34.789752+00:00
4474,1173094400,2.3427,0.000442,2.656,0.8,2026-09-20T07:24:35.577989+00:00
4475,1173356544,2.3866,0.000442,1.775,0.8,2026-09-20T07:24:36.370107+00:00
4476,1173618688,2.3766,0.000442,0.981,0.8,2026-09-20T07:24:37.161541+00:00
4477,1173880832,2.3524,0.000442,1.39,0.8,2026-09-20T07:24:37.952867+00:00
4478,1174142976,2.2953,0.000442,2.422,0.8,2026-09-20T07:24:38.741092+00:00
4479,1174405120,2.4086,0.000442,1.334,0.8,2026-09-20T07:24:39.533137+00:00
4480,1174667264,2.3814,0.000442,1.453,0.8,2026-09-20T07:24:40.315566+00:00
4481,1174929408,2.3679,0.000442,1.408,0.8,2026-09-20T07:24:41.116893+00:00
4482,1175191552,2.3682,0.000442,1.738,0.8,2026-09-20T07:24:41.907262+00:00
4483,1175453696,2.3133,0.000442,0.901,0.8,2026-09-20T07:24:42.696839+00:00
4484,1175715840,2.3322,0.000442,2.089,0.8,2026-09-20T07:24:43.483884+00:00
4485,1175977984,2.3833,0.000442,1.674,0.8,2026-09-20T07:24:44.275748+00:00
4486,1176240128,2.3227,0.000441,2.238,0.8,2026-09-20T07:24:45.065322+00:00
4487,1176502272,2.3794,0.000441,1.475,0.8,2026-09-20T07:24:45.849601+00:00
4488,1176764416,2.367,0.000441,1.106,0.8,2026-09-20T07:24:46.636105+00:00
4489,1177026560,2.2926,0.000441,1.906,0.8,2026-09-20T07:24:47.422590+00:00
4490,1177288704,2.3419,0.000441,1.861,0.8,2026-09-20T07:24:48.209420+00:00
4491,1177550848,2.3438,0.000441,1.245,0.8,2026-09-20T07:24:49.008176+00:00
4492,1177812992,2.3342,0.000441,3.504,0.8,2026-09-20T07:24:49.810892+00:00
4493,1178075136,2.4278,0.000441,1.848,0.8,2026-09-20T07:24:50.623559+00:00
4494,1178337280,2.382,0.000441,1.542,0.8,2026-09-20T07:24:51.427804+00:00
4495,1178599424,2.3914,0.000441,1.05,0.8,2026-09-20T07:24:52.252536+00:00
4496,1178861568,2.3274,0.000441,1.685,0.8,2026-09-20T07:24:53.067583+00:00
4497,1179123712,2.3988,0.000441,1.095,0.8,2026-09-20T07:24:53.882229+00:00
4498,1179385856,2.3373,0.000441,2.78,0.8,2026-09-20T07:24:54.679962+00:00
4499,1179648000,2.348,0.000441,2.358,0.8,2026-09-20T07:24:55.483557+00:00
4500,1179910144,2.3285,0.00044,2.176,0.8,2026-09-20T07:25:19.442848+00:00
4501,1180172288,2.3643,0.00044,7.667,0.8,2026-09-20T07:25:20.244359+00:00
4502,1180434432,2.3673,0.00044,2.128,0.8,2026-09-20T07:25:21.038397+00:00
4503,1180696576,2.395,0.00044,2.08,0.8,2026-09-20T07:25:21.837942+00:00
4504,1180958720,2.2579,0.00044,3.835,0.8,2026-09-20T07:25:22.638058+00:00
4505,1181220864,2.3613,0.00044,2.412,0.8,2026-09-20T07:25:23.424973+00:00
4506,1181483008,2.3176,0.00044,1.296,0.8,2026-09-20T07:25:24.219514+00:00
4507,1181745152,2.4414,0.00044,1.216,0.8,2026-09-20T07:25:25.023504+00:00
4508,1182007296,2.4637,0.00044,1.379,0.8,2026-09-20T07:25:25.823340+00:00
4509,1182269440,2.3312,0.00044,1.301,0.8,2026-09-20T07:25:26.627615+00:00
4510,1182531584,2.3979,0.00044,1.745,0.8,2026-09-20T07:25:27.423154+00:00
4511,1182793728,2.3976,0.00044,2.716,0.8,2026-09-20T07:25:28.224536+00:00
4512,1183055872,2.3171,0.00044,1.878,0.8,2026-09-20T07:25:29.016959+00:00
4513,1183318016,2.306,0.00044,1.651,0.8,2026-09-20T07:25:29.808822+00:00
4514,1183580160,2.3814,0.000439,1.46,0.8,2026-09-20T07:25:30.599262+00:00
4515,1183842304,2.3761,0.000439,1.351,0.8,2026-09-20T07:25:31.398220+00:00
4516,1184104448,2.2911,0.000439,2.552,0.8,2026-09-20T07:25:32.191664+00:00
4517,1184366592,2.32,0.000439,2.457,0.8,2026-09-20T07:25:32.986968+00:00
4518,1184628736,2.2743,0.000439,2.208,0.8,2026-09-20T07:25:33.777530+00:00
4519,1184890880,2.3616,0.000439,1.561,0.8,2026-09-20T07:25:34.575366+00:00
4520,1185153024,2.3597,0.000439,5.532,0.8,2026-09-20T07:25:35.374163+00:00
4521,1185415168,2.4124,0.000439,2.266,0.8,2026-09-20T07:25:36.177242+00:00
4522,1185677312,2.3695,0.000439,1.468,0.8,2026-09-20T07:25:36.980266+00:00
4523,1185939456,2.3568,0.000439,0.959,0.8,2026-09-20T07:25:37.776796+00:00
4524,1186201600,2.3926,0.000439,2.565,0.8,2026-09-20T07:25:38.581155+00:00
4525,1186463744,2.3686,0.000439,1.663,0.8,2026-09-20T07:25:39.376339+00:00
4526,1186725888,2.3053,0.000439,2.286,0.8,2026-09-20T07:25:40.170112+00:00
4527,1186988032,2.37,0.000439,2.699,0.8,2026-09-20T07:25:40.954774+00:00
4528,1187250176,2.3866,0.000438,1.437,0.8,2026-09-20T07:25:41.759726+00:00
4529,1187512320,2.3552,0.000438,1.401,0.8,2026-09-20T07:25:42.548551+00:00
4530,1187774464,2.3273,0.000438,1.671,0.8,2026-09-20T07:25:43.343556+00:00
4531,1188036608,2.3358,0.000438,2.161,0.8,2026-09-20T07:25:44.137760+00:00
4532,1188298752,2.2802,0.000438,2.691,0.8,2026-09-20T07:25:44.943582+00:00
4533,1188560896,2.3794,0.000438,1.397,0.8,2026-09-20T07:25:45.739698+00:00
4534,1188823040,2.3051,0.000438,1.045,0.8,2026-09-20T07:25:46.531817+00:00
4535,1189085184,2.3764,0.000438,2.047,0.8,2026-09-20T07:25:47.323575+00:00
4536,1189347328,2.3059,0.000438,1.324,0.8,2026-09-20T07:25:48.119651+00:00
4537,1189609472,2.3315,0.000438,1.74,0.8,2026-09-20T07:25:48.913239+00:00
4538,1189871616,2.2952,0.000438,1.854,0.8,2026-09-20T07:25:49.703641+00:00
4539,1190133760,2.3341,0.000438,1.578,0.8,2026-09-20T07:25:50.494165+00:00
4540,1190395904,2.3415,0.000438,2.926,0.8,2026-09-20T07:25:51.278241+00:00
4541,1190658048,2.3881,0.000438,2.424,0.8,2026-09-20T07:25:52.068456+00:00
4542,1190920192,2.3942,0.000437,1.499,0.8,2026-09-20T07:25:52.861483+00:00
4543,1191182336,2.3632,0.000437,20.148,0.8,2026-09-20T07:25:53.672461+00:00
4544,1191444480,2.3902,0.000437,1.704,0.8,2026-09-20T07:25:54.463837+00:00
4545,1191706624,2.3387,0.000437,4.592,0.8,2026-09-20T07:25:55.252517+00:00
4546,1191968768,2.3628,0.000437,1.372,0.8,2026-09-20T07:25:56.043403+00:00
4547,1192230912,2.3833,0.000437,1.299,0.8,2026-09-20T07:25:56.837991+00:00
4548,1192493056,2.3412,0.000437,2.488,0.8,2026-09-20T07:25:57.629811+00:00
4549,1192755200,2.3476,0.000437,1.78,0.8,2026-09-20T07:25:58.421566+00:00
4550,1193017344,2.3004,0.000437,1.749,0.8,2026-09-20T07:25:59.217227+00:00
4551,1193279488,2.3887,0.000437,2.146,0.8,2026-09-20T07:26:00.003244+00:00
4552,1193541632,2.3419,0.000437,1.849,0.8,2026-09-20T07:26:00.795613+00:00
4553,1193803776,2.3726,0.000437,2.897,0.8,2026-09-20T07:26:01.580400+00:00
4554,1194065920,2.3021,0.000437,1.84,0.8,2026-09-20T07:26:02.375631+00:00
4555,1194328064,2.3621,0.000437,2.062,0.8,2026-09-20T07:26:03.164150+00:00
4556,1194590208,2.387,0.000436,1.707,0.8,2026-09-20T07:26:03.960119+00:00
4557,1194852352,2.3853,0.000436,1.1,0.8,2026-09-20T07:26:04.751461+00:00
4558,1195114496,2.36,0.000436,2.376,0.8,2026-09-20T07:26:05.539544+00:00
4559,1195376640,2.3551,0.000436,2.675,0.8,2026-09-20T07:26:06.331928+00:00
4560,1195638784,2.3513,0.000436,1.144,0.8,2026-09-20T07:26:07.121063+00:00
4561,1195900928,2.3674,0.000436,1.498,0.8,2026-09-20T07:26:07.908404+00:00
4562,1196163072,2.3136,0.000436,1.997,0.8,2026-09-20T07:26:08.701685+00:00
4563,1196425216,2.3107,0.000436,0.965,0.8,2026-09-20T07:26:09.495609+00:00
4564,1196687360,2.3712,0.000436,1.093,0.8,2026-09-20T07:26:10.286686+00:00
4565,1196949504,2.3408,0.000436,0.889,0.8,2026-09-20T07:26:11.081882+00:00
4566,1197211648,2.3534,0.000436,1.848,0.8,2026-09-20T07:26:11.877898+00:00
4567,1197473792,2.3826,0.000436,3.487,0.8,2026-09-20T07:26:12.670680+00:00
4568,1197735936,2.3645,0.000436,3.788,0.8,2026-09-20T07:26:13.465626+00:00
4569,1197998080,2.3231,0.000435,1.995,0.8,2026-09-20T07:26:14.258641+00:00
4570,1198260224,2.3572,0.000435,1.32,0.8,2026-09-20T07:26:15.046278+00:00
4571,1198522368,2.4093,0.000435,1.942,0.8,2026-09-20T07:26:15.830033+00:00
4572,1198784512,2.3212,0.000435,2.949,0.8,2026-09-20T07:26:16.618376+00:00
4573,1199046656,2.3003,0.000435,1.812,0.8,2026-09-20T07:26:17.411486+00:00
4574,1199308800,2.3598,0.000435,1.811,0.8,2026-09-20T07:26:18.205176+00:00
4575,1199570944,2.2741,0.000435,1.785,0.8,2026-09-20T07:26:18.991226+00:00
4576,1199833088,2.287,0.000435,1.46,0.8,2026-09-20T07:26:19.775659+00:00
4577,1200095232,2.4405,0.000435,1.833,0.8,2026-09-20T07:26:20.567798+00:00
4578,1200357376,2.3636,0.000435,3.693,0.8,2026-09-20T07:26:21.355190+00:00
4579,1200619520,2.3689,0.000435,3.065,0.8,2026-09-20T07:26:22.143020+00:00
4580,1200881664,2.306,0.000435,2.265,0.8,2026-09-20T07:26:22.935429+00:00
4581,1201143808,2.3552,0.000435,1.378,0.8,2026-09-20T07:26:23.722451+00:00
4582,1201405952,2.3493,0.000435,3.806,0.8,2026-09-20T07:26:24.520189+00:00
4583,1201668096,2.3815,0.000434,2.926,0.8,2026-09-20T07:26:25.310886+00:00
4584,1201930240,2.316,0.000434,1.332,0.8,2026-09-20T07:26:26.118029+00:00
4585,1202192384,2.3961,0.000434,2.184,0.8,2026-09-20T07:26:26.905354+00:00
4586,1202454528,2.3529,0.000434,1.068,0.8,2026-09-20T07:26:27.695302+00:00
4587,1202716672,2.3315,0.000434,1.204,0.8,2026-09-20T07:26:28.488871+00:00
4588,1202978816,2.2888,0.000434,2.449,0.8,2026-09-20T07:26:29.276654+00:00
4589,1203240960,2.3735,0.000434,1.492,0.8,2026-09-20T07:26:30.071574+00:00
4590,1203503104,2.3598,0.000434,3.075,0.8,2026-09-20T07:26:30.862895+00:00
4591,1203765248,2.3707,0.000434,3.729,0.8,2026-09-20T07:26:31.649379+00:00
4592,1204027392,2.3561,0.000434,2.032,0.8,2026-09-20T07:26:32.437647+00:00
4593,1204289536,2.3147,0.000434,1.106,0.8,2026-09-20T07:26:33.225201+00:00
4594,1204551680,2.3625,0.000434,1.662,0.8,2026-09-20T07:26:34.015623+00:00
4595,1204813824,2.3278,0.000434,2.782,0.8,2026-09-20T07:26:34.810957+00:00
4596,1205075968,2.3578,0.000434,1.315,0.8,2026-09-20T07:26:35.604047+00:00
4597,1205338112,2.364,0.000433,1.17,0.8,2026-09-20T07:26:36.390144+00:00
4598,1205600256,2.3311,0.000433,1.417,0.8,2026-09-20T07:26:37.182844+00:00
4599,1205862400,2.3173,0.000433,1.361,0.8,2026-09-20T07:26:37.974396+00:00
4600,1206124544,2.3586,0.000433,1.372,0.8,2026-09-20T07:26:38.768310+00:00
4601,1206386688,2.3657,0.000433,1.661,0.8,2026-09-20T07:26:39.560560+00:00
4602,1206648832,2.3305,0.000433,1.219,0.8,2026-09-20T07:26:40.356641+00:00
4603,1206910976,2.3223,0.000433,1.114,0.8,2026-09-20T07:26:41.165199+00:00
4604,1207173120,2.3384,0.000433,3.003,0.8,2026-09-20T07:26:41.955190+00:00
4605,1207435264,2.3484,0.000433,1.423,0.8,2026-09-20T07:26:42.748774+00:00
4606,1207697408,2.3531,0.000433,1.351,0.8,2026-09-20T07:26:43.551107+00:00
4607,1207959552,2.382,0.000433,1.932,0.8,2026-09-20T07:26:44.335943+00:00
4608,1208221696,2.3577,0.000433,1.647,0.8,2026-09-20T07:26:45.131937+00:00
4609,1208483840,2.3825,0.000433,1.931,0.8,2026-09-20T07:26:45.926937+00:00
4610,1208745984,2.3001,0.000433,1.543,0.8,2026-09-20T07:26:46.712389+00:00
4611,1209008128,2.382,0.000432,1.451,0.8,2026-09-20T07:26:47.508141+00:00
4612,1209270272,2.4126,0.000432,2.11,0.8,2026-09-20T07:26:48.297806+00:00
4613,1209532416,2.3562,0.000432,6.072,0.8,2026-09-20T07:26:49.085199+00:00
4614,1209794560,2.3709,0.000432,3.221,0.8,2026-09-20T07:26:49.877876+00:00
4615,1210056704,2.3689,0.000432,3.272,0.8,2026-09-20T07:26:50.680954+00:00
4616,1210318848,2.3886,0.000432,1.315,0.8,2026-09-20T07:26:51.476878+00:00
4617,1210580992,2.388,0.000432,1.517,0.8,2026-09-20T07:26:52.269423+00:00
4618,1210843136,2.418,0.000432,5.281,0.8,2026-09-20T07:26:53.076667+00:00
4619,1211105280,2.4271,0.000432,2.595,0.8,2026-09-20T07:26:53.872301+00:00
4620,1211367424,2.3708,0.000432,1.717,0.8,2026-09-20T07:26:54.666714+00:00
4621,1211629568,2.3723,0.000432,2.39,0.8,2026-09-20T07:26:55.456470+00:00
4622,1211891712,2.3916,0.000432,2.142,0.8,2026-09-20T07:26:56.261726+00:00
4623,1212153856,2.3768,0.000432,1.061,0.8,2026-09-20T07:26:57.053202+00:00
4624,1212416000,2.3679,0.000431,1.685,0.8,2026-09-20T07:26:57.842352+00:00
4625,1212678144,2.3393,0.000431,4.089,0.8,2026-09-20T07:26:58.642364+00:00
4626,1212940288,2.3247,0.000431,1.209,0.8,2026-09-20T07:26:59.430789+00:00
4627,1213202432,2.3941,0.000431,2.601,0.8,2026-09-20T07:27:00.224417+00:00
4628,1213464576,2.3393,0.000431,13.565,0.8,2026-09-20T07:27:01.014825+00:00
4629,1213726720,2.3667,0.000431,2.386,0.8,2026-09-20T07:27:01.815858+00:00
4630,1213988864,2.309,0.000431,1.136,0.8,2026-09-20T07:27:02.606119+00:00
4631,1214251008,2.382,0.000431,1.587,0.8,2026-09-20T07:27:03.384871+00:00
4632,1214513152,2.3743,0.000431,2.258,0.8,2026-09-20T07:27:04.172668+00:00
4633,1214775296,2.3899,0.000431,1.281,0.8,2026-09-20T07:27:04.964127+00:00
4634,1215037440,2.3886,0.000431,1.437,0.8,2026-09-20T07:27:05.753616+00:00
4635,1215299584,2.3764,0.000431,1.662,0.8,2026-09-20T07:27:06.548830+00:00
4636,1215561728,2.233,0.000431,1.798,0.8,2026-09-20T07:27:07.337079+00:00
4637,1215823872,2.3625,0.000431,2.397,0.8,2026-09-20T07:27:08.125840+00:00
4638,1216086016,2.3575,0.00043,1.096,0.8,2026-09-20T07:27:08.924963+00:00
4639,1216348160,2.3212,0.00043,1.391,0.8,2026-09-20T07:27:09.721541+00:00
4640,1216610304,2.338,0.00043,1.518,0.8,2026-09-20T07:27:10.513190+00:00
4641,1216872448,2.4554,0.00043,3.117,0.8,2026-09-20T07:27:11.308972+00:00
4642,1217134592,2.3712,0.00043,1.482,0.8,2026-09-20T07:27:12.100521+00:00
4643,1217396736,2.3495,0.00043,1.608,0.8,2026-09-20T07:27:12.892998+00:00
4644,1217658880,2.3961,0.00043,1.144,0.8,2026-09-20T07:27:13.679819+00:00
4645,1217921024,2.3735,0.00043,2.019,0.8,2026-09-20T07:27:14.469171+00:00
4646,1218183168,2.3617,0.00043,1.867,0.8,2026-09-20T07:27:15.266393+00:00
4647,1218445312,2.3631,0.00043,1.944,0.8,2026-09-20T07:27:16.062499+00:00
4648,1218707456,2.4104,0.00043,1.936,0.8,2026-09-20T07:27:16.856004+00:00
4649,1218969600,2.2974,0.00043,1.267,0.8,2026-09-20T07:27:17.644355+00:00
4650,1219231744,2.3396,0.00043,7.112,0.8,2026-09-20T07:27:18.441487+00:00
4651,1219493888,2.3668,0.00043,5.049,0.8,2026-09-20T07:27:19.232287+00:00
4652,1219756032,2.3097,0.000429,4.532,0.8,2026-09-20T07:27:20.019581+00:00
4653,1220018176,2.3827,0.000429,3.295,0.8,2026-09-20T07:27:20.810575+00:00
4654,1220280320,2.4838,0.000429,7.423,0.8,2026-09-20T07:27:21.601304+00:00
4655,1220542464,2.3993,0.000429,6.36,0.8,2026-09-20T07:27:22.398208+00:00
4656,1220804608,2.3573,0.000429,6.721,0.8,2026-09-20T07:27:23.186152+00:00
4657,1221066752,2.3328,0.000429,22.903,0.8,2026-09-20T07:27:23.976993+00:00
4658,1221328896,2.4495,0.000429,6.466,0.8,2026-09-20T07:27:24.766692+00:00
4659,1221591040,2.3434,0.000429,1.672,0.8,2026-09-20T07:27:25.560882+00:00
4660,1221853184,2.336,0.000429,2.175,0.8,2026-09-20T07:27:26.352175+00:00
4661,1222115328,2.3362,0.000429,3.364,0.8,2026-09-20T07:27:27.138695+00:00
4662,1222377472,2.4049,0.000429,2.413,0.8,2026-09-20T07:27:27.930716+00:00
4663,1222639616,2.4124,0.000429,5.914,0.8,2026-09-20T07:27:28.721950+00:00
4664,1222901760,2.3252,0.000429,1.734,0.8,2026-09-20T07:27:29.517174+00:00
4665,1223163904,2.3372,0.000428,2.864,0.8,2026-09-20T07:27:30.308484+00:00
4666,1223426048,2.3795,0.000428,2.164,0.8,2026-09-20T07:27:31.102343+00:00
4667,1223688192,2.3802,0.000428,26.38,0.8,2026-09-20T07:27:31.888546+00:00
4668,1223950336,2.3099,0.000428,1.622,0.8,2026-09-20T07:27:32.676215+00:00
4669,1224212480,2.365,0.000428,1.711,0.8,2026-09-20T07:27:33.468990+00:00
4670,1224474624,2.3672,0.000428,3.229,0.8,2026-09-20T07:27:34.258948+00:00
4671,1224736768,2.375,0.000428,1.873,0.8,2026-09-20T07:27:35.045118+00:00
4672,1224998912,2.3808,0.000428,2.846,0.8,2026-09-20T07:27:35.836802+00:00
4673,1225261056,2.3702,0.000428,3.089,0.8,2026-09-20T07:27:36.625402+00:00
4674,1225523200,2.3387,0.000428,1.006,0.8,2026-09-20T07:27:37.413408+00:00
4675,1225785344,2.3962,0.000428,1.467,0.8,2026-09-20T07:27:38.201343+00:00
4676,1226047488,2.3628,0.000428,1.031,0.8,2026-09-20T07:27:38.987208+00:00
4677,1226309632,2.2545,0.000428,1.456,0.8,2026-09-20T07:27:39.774899+00:00
4678,1226571776,2.2962,0.000428,13.069,0.8,2026-09-20T07:27:40.559863+00:00
4679,1226833920,2.3346,0.000427,3.651,0.8,2026-09-20T07:27:41.345443+00:00
4680,1227096064,2.3803,0.000427,1.454,0.8,2026-09-20T07:27:42.127251+00:00
4681,1227358208,2.3338,0.000427,3.982,0.8,2026-09-20T07:27:42.909308+00:00
4682,1227620352,2.3841,0.000427,2.576,0.8,2026-09-20T07:27:43.694057+00:00
4683,1227882496,2.3483,0.000427,1.235,0.8,2026-09-20T07:27:44.483226+00:00
4684,1228144640,2.3496,0.000427,2.698,0.8,2026-09-20T07:27:45.267399+00:00
4685,1228406784,2.3742,0.000427,2.134,0.8,2026-09-20T07:27:46.052896+00:00
4686,1228668928,2.4013,0.000427,3.119,0.8,2026-09-20T07:27:46.834113+00:00
4687,1228931072,2.3761,0.000427,2.598,0.8,2026-09-20T07:27:47.613387+00:00
4688,1229193216,2.3355,0.000427,2.449,0.8,2026-09-20T07:27:48.393601+00:00
4689,1229455360,2.3809,0.000427,1.914,0.8,2026-09-20T07:27:49.184820+00:00
4690,1229717504,2.4007,0.000427,2.333,0.8,2026-09-20T07:27:49.968102+00:00
4691,1229979648,2.3966,0.000427,1.678,0.8,2026-09-20T07:27:50.756699+00:00
4692,1230241792,2.2936,0.000426,1.068,0.8,2026-09-20T07:27:51.542153+00:00
4693,1230503936,2.4044,0.000426,1.991,0.8,2026-09-20T07:27:52.322794+00:00
4694,1230766080,2.3419,0.000426,1.889,0.8,2026-09-20T07:27:53.110137+00:00
4695,1231028224,2.3228,0.000426,2.132,0.8,2026-09-20T07:27:53.894304+00:00
4696,1231290368,2.3764,0.000426,3.03,0.8,2026-09-20T07:27:54.680017+00:00
4697,1231552512,2.3743,0.000426,2.057,0.8,2026-09-20T07:27:55.460589+00:00
4698,1231814656,2.3059,0.000426,3.554,0.8,2026-09-20T07:27:56.248038+00:00
4699,1232076800,2.3515,0.000426,1.059,0.8,2026-09-20T07:27:57.031861+00:00
4700,1232338944,2.3364,0.000426,1.304,0.8,2026-09-20T07:27:57.822130+00:00
4701,1232601088,2.358,0.000426,1.576,0.8,2026-09-20T07:27:58.607361+00:00
4702,1232863232,2.3424,0.000426,7.514,0.8,2026-09-20T07:27:59.392664+00:00
4703,1233125376,2.3359,0.000426,2.186,0.8,2026-09-20T07:28:00.176800+00:00
4704,1233387520,2.3823,0.000426,3.809,0.8,2026-09-20T07:28:00.968041+00:00
4705,1233649664,2.3927,0.000426,2.378,0.8,2026-09-20T07:28:01.748698+00:00
4706,1233911808,2.2845,0.000425,1.95,0.8,2026-09-20T07:28:02.528346+00:00
4707,1234173952,2.3687,0.000425,3.582,0.8,2026-09-20T07:28:03.314356+00:00
4708,1234436096,2.3588,0.000425,2.904,0.8,2026-09-20T07:28:04.097180+00:00
4709,1234698240,2.3771,0.000425,2.065,0.8,2026-09-20T07:28:04.885087+00:00
4710,1234960384,2.3962,0.000425,1.472,0.8,2026-09-20T07:28:05.675805+00:00
4711,1235222528,2.4421,0.000425,1.134,0.8,2026-09-20T07:28:06.461270+00:00
4712,1235484672,2.2483,0.000425,2.153,0.8,2026-09-20T07:28:07.250497+00:00
4713,1235746816,2.3821,0.000425,1.182,0.8,2026-09-20T07:28:08.037935+00:00
4714,1236008960,2.36,0.000425,4.197,0.8,2026-09-20T07:28:08.829707+00:00
4715,1236271104,2.3231,0.000425,2.975,0.8,2026-09-20T07:28:09.615356+00:00
4716,1236533248,2.403,0.000425,2.257,0.8,2026-09-20T07:28:10.405463+00:00
4717,1236795392,2.3481,0.000425,2.964,0.8,2026-09-20T07:28:11.192601+00:00
4718,1237057536,2.3292,0.000425,1.232,0.8,2026-09-20T07:28:11.976575+00:00
4719,1237319680,2.3265,0.000424,3.691,0.8,2026-09-20T07:28:12.761484+00:00
4720,1237581824,2.386,0.000424,1.355,0.8,2026-09-20T07:28:13.548456+00:00
4721,1237843968,2.3776,0.000424,2.076,0.8,2026-09-20T07:28:14.337489+00:00
4722,1238106112,2.3986,0.000424,2.645,0.8,2026-09-20T07:28:15.124471+00:00
4723,1238368256,2.3407,0.000424,1.293,0.8,2026-09-20T07:28:15.912377+00:00
4724,1238630400,2.4096,0.000424,1.549,0.8,2026-09-20T07:28:16.700262+00:00
4725,1238892544,2.3709,0.000424,1.276,0.8,2026-09-20T07:28:17.499146+00:00
4726,1239154688,2.3028,0.000424,1.848,0.8,2026-09-20T07:28:18.285273+00:00
4727,1239416832,2.3723,0.000424,2.555,0.8,2026-09-20T07:28:19.076339+00:00
4728,1239678976,2.3768,0.000424,1.693,0.8,2026-09-20T07:28:19.864611+00:00
4729,1239941120,2.3649,0.000424,1.206,0.8,2026-09-20T07:28:20.657818+00:00
4730,1240203264,2.3546,0.000424,1.173,0.8,2026-09-20T07:28:21.445756+00:00
4731,1240465408,2.3618,0.000424,1.764,0.8,2026-09-20T07:28:22.237177+00:00
4732,1240727552,2.3582,0.000424,2.423,0.8,2026-09-20T07:28:23.033166+00:00
4733,1240989696,2.3104,0.000423,1.637,0.8,2026-09-20T07:28:23.831649+00:00
4734,1241251840,2.3419,0.000423,2.523,0.8,2026-09-20T07:28:24.626564+00:00
4735,1241513984,2.3042,0.000423,2.621,0.8,2026-09-20T07:28:25.420542+00:00
4736,1241776128,2.3664,0.000423,2.549,0.8,2026-09-20T07:28:26.212399+00:00
4737,1242038272,2.4066,0.000423,2.191,0.8,2026-09-20T07:28:27.004174+00:00
4738,1242300416,2.3888,0.000423,1.552,0.8,2026-09-20T07:28:27.793370+00:00
4739,1242562560,2.3648,0.000423,1.491,0.8,2026-09-20T07:28:28.581131+00:00
4740,1242824704,2.3101,0.000423,1.564,0.8,2026-09-20T07:28:29.367864+00:00
4741,1243086848,2.2839,0.000423,1.523,0.8,2026-09-20T07:28:30.154674+00:00
4742,1243348992,2.3448,0.000423,1.901,0.8,2026-09-20T07:28:30.950446+00:00
4743,1243611136,2.3608,0.000423,2.632,0.8,2026-09-20T07:28:31.743451+00:00
4744,1243873280,2.3756,0.000423,2.533,0.8,2026-09-20T07:28:32.537665+00:00
4745,1244135424,2.3199,0.000423,2.249,0.8,2026-09-20T07:28:33.324764+00:00
4746,1244397568,2.3466,0.000423,1.706,0.8,2026-09-20T07:28:34.109314+00:00
4747,1244659712,2.3735,0.000422,1.143,0.8,2026-09-20T07:28:34.898935+00:00
4748,1244921856,2.3739,0.000422,1.39,0.8,2026-09-20T07:28:35.689717+00:00
4749,1245184000,2.3776,0.000422,1.744,0.8,2026-09-20T07:28:36.475137+00:00
4750,1245446144,2.3685,0.000422,1.706,0.8,2026-09-20T07:29:01.777802+00:00
4751,1245708288,2.3494,0.000422,1.651,0.8,2026-09-20T07:29:02.568635+00:00
4752,1245970432,2.35,0.000422,1.668,0.8,2026-09-20T07:29:03.369102+00:00
4753,1246232576,2.3587,0.000422,2.585,0.8,2026-09-20T07:29:04.154939+00:00
4754,1246494720,2.3294,0.000422,2.252,0.8,2026-09-20T07:29:04.948596+00:00
4755,1246756864,2.3397,0.000422,1.54,0.8,2026-09-20T07:29:05.734545+00:00
4756,1247019008,2.3936,0.000422,1.007,0.8,2026-09-20T07:29:06.521919+00:00
4757,1247281152,2.3255,0.000422,2.708,0.8,2026-09-20T07:29:07.316497+00:00
4758,1247543296,2.3852,0.000422,1.847,0.8,2026-09-20T07:29:08.106477+00:00
4759,1247805440,2.3631,0.000422,1.638,0.8,2026-09-20T07:29:08.896136+00:00
4760,1248067584,2.3081,0.000421,1.274,0.8,2026-09-20T07:29:09.692997+00:00
4761,1248329728,2.3223,0.000421,4.099,0.8,2026-09-20T07:29:10.490142+00:00
4762,1248591872,2.3724,0.000421,1.741,0.8,2026-09-20T07:29:11.284043+00:00
4763,1248854016,2.376,0.000421,2.887,0.8,2026-09-20T07:29:12.088854+00:00
4764,1249116160,2.3411,0.000421,2.913,0.8,2026-09-20T07:29:12.884565+00:00
4765,1249378304,2.3587,0.000421,1.322,0.8,2026-09-20T07:29:13.675588+00:00
4766,1249640448,2.3966,0.000421,3.49,0.8,2026-09-20T07:29:14.472605+00:00
4767,1249902592,2.3558,0.000421,2.953,0.8,2026-09-20T07:29:15.275714+00:00
4768,1250164736,2.3644,0.000421,2.218,0.8,2026-09-20T07:29:16.074749+00:00
4769,1250426880,2.3326,0.000421,2.814,0.8,2026-09-20T07:29:16.867023+00:00
4770,1250689024,2.3567,0.000421,5.452,0.8,2026-09-20T07:29:17.662837+00:00
4771,1250951168,2.3907,0.000421,1.643,0.8,2026-09-20T07:29:18.458102+00:00
4772,1251213312,2.339,0.000421,2.202,0.8,2026-09-20T07:29:19.246416+00:00
4773,1251475456,2.4073,0.00042,3.499,0.8,2026-09-20T07:29:20.041700+00:00
4774,1251737600,2.369,0.00042,1.795,0.8,2026-09-20T07:29:20.832391+00:00
4775,1251999744,2.3998,0.00042,1.77,0.8,2026-09-20T07:29:21.634484+00:00
4776,1252261888,2.3127,0.00042,3.532,0.8,2026-09-20T07:29:22.422371+00:00
4777,1252524032,2.3096,0.00042,5.012,0.8,2026-09-20T07:29:23.215697+00:00
4778,1252786176,2.3482,0.00042,2.602,0.8,2026-09-20T07:29:24.009058+00:00
4779,1253048320,2.343,0.00042,1.251,0.8,2026-09-20T07:29:24.805324+00:00
4780,1253310464,2.3473,0.00042,4.261,0.8,2026-09-20T07:29:25.595669+00:00
4781,1253572608,2.393,0.00042,1.728,0.8,2026-09-20T07:29:26.390745+00:00
4782,1253834752,2.3941,0.00042,1.675,0.8,2026-09-20T07:29:27.183199+00:00
4783,1254096896,2.2818,0.00042,1.138,0.8,2026-09-20T07:29:27.975781+00:00
4784,1254359040,2.3829,0.00042,2.952,0.8,2026-09-20T07:29:28.762720+00:00
4785,1254621184,2.3732,0.00042,1.536,0.8,2026-09-20T07:29:29.560213+00:00
4786,1254883328,2.3634,0.00042,1.895,0.8,2026-09-20T07:29:30.354035+00:00
4787,1255145472,2.3704,0.000419,3.572,0.8,2026-09-20T07:29:31.157358+00:00
4788,1255407616,2.3808,0.000419,2.683,0.8,2026-09-20T07:29:31.951032+00:00
4789,1255669760,2.3747,0.000419,1.735,0.8,2026-09-20T07:29:32.752349+00:00
4790,1255931904,2.3342,0.000419,3.363,0.8,2026-09-20T07:29:33.552844+00:00
4791,1256194048,2.3762,0.000419,1.595,0.8,2026-09-20T07:29:34.347019+00:00
4792,1256456192,2.2984,0.000419,0.955,0.8,2026-09-20T07:29:35.151126+00:00
4793,1256718336,2.3035,0.000419,1.462,0.8,2026-09-20T07:29:35.948325+00:00
4794,1256980480,2.2864,0.000419,1.214,0.8,2026-09-20T07:29:36.735133+00:00
4795,1257242624,2.3511,0.000419,2.889,0.8,2026-09-20T07:29:37.522951+00:00
4796,1257504768,2.364,0.000419,3.468,0.8,2026-09-20T07:29:38.317338+00:00
4797,1257766912,2.2863,0.000419,1.314,0.8,2026-09-20T07:29:39.103462+00:00
4798,1258029056,2.337,0.000419,1.522,0.8,2026-09-20T07:29:39.903585+00:00
4799,1258291200,2.3253,0.000419,1.78,0.8,2026-09-20T07:29:40.702037+00:00
4800,1258553344,2.3291,0.000418,2.584,0.8,2026-09-20T07:29:41.503405+00:00
4801,1258815488,2.3624,0.000418,3.531,0.8,2026-09-20T07:29:42.293176+00:00
4802,1259077632,2.4474,0.000418,2.078,0.8,2026-09-20T07:29:43.090732+00:00
4803,1259339776,2.3182,0.000418,3.532,0.8,2026-09-20T07:29:43.891209+00:00
4804,1259601920,2.3692,0.000418,2.967,0.8,2026-09-20T07:29:44.686979+00:00
4805,1259864064,2.335,0.000418,1.896,0.8,2026-09-20T07:29:45.479486+00:00
4806,1260126208,2.3678,0.000418,2.505,0.8,2026-09-20T07:29:46.276934+00:00
4807,1260388352,2.2966,0.000418,2.382,0.8,2026-09-20T07:29:47.065405+00:00
4808,1260650496,2.3391,0.000418,6.023,0.8,2026-09-20T07:29:47.858465+00:00
4809,1260912640,2.453,0.000418,3.761,0.8,2026-09-20T07:29:48.650279+00:00
4810,1261174784,2.3387,0.000418,1.987,0.8,2026-09-20T07:29:49.443256+00:00
4811,1261436928,2.3761,0.000418,2.325,0.8,2026-09-20T07:29:50.231830+00:00
4812,1261699072,2.2753,0.000418,1.429,0.8,2026-09-20T07:29:51.017724+00:00
4813,1261961216,2.3617,0.000418,1.19,0.8,2026-09-20T07:29:51.798880+00:00
4814,1262223360,2.3378,0.000417,1.511,0.8,2026-09-20T07:29:52.586535+00:00
4815,1262485504,2.3683,0.000417,1.362,0.8,2026-09-20T07:29:53.373761+00:00
4816,1262747648,2.3681,0.000417,1.763,0.8,2026-09-20T07:29:54.162652+00:00
4817,1263009792,2.3432,0.000417,1.489,0.8,2026-09-20T07:29:54.949715+00:00
4818,1263271936,2.4294,0.000417,1.983,0.8,2026-09-20T07:29:55.735673+00:00
4819,1263534080,2.4655,0.000417,2.3,0.8,2026-09-20T07:29:56.532845+00:00
4820,1263796224,2.3526,0.000417,2.553,0.8,2026-09-20T07:29:57.317564+00:00
4821,1264058368,2.3356,0.000417,1.667,0.8,2026-09-20T07:29:58.104526+00:00
4822,1264320512,2.3466,0.000417,2.802,0.8,2026-09-20T07:29:58.896158+00:00
4823,1264582656,2.3586,0.000417,3.874,0.8,2026-09-20T07:29:59.688011+00:00
4824,1264844800,2.3686,0.000417,4.799,0.8,2026-09-20T07:30:00.471769+00:00
4825,1265106944,2.3699,0.000417,3.025,0.8,2026-09-20T07:30:01.264333+00:00
4826,1265369088,2.3454,0.000417,2.798,0.8,2026-09-20T07:30:02.055984+00:00
4827,1265631232,2.3562,0.000416,2.543,0.8,2026-09-20T07:30:02.841202+00:00
4828,1265893376,2.3423,0.000416,1.675,0.8,2026-09-20T07:30:03.636662+00:00
4829,1266155520,2.3778,0.000416,1.807,0.8,2026-09-20T07:30:04.428777+00:00
4830,1266417664,2.3767,0.000416,4.157,0.8,2026-09-20T07:30:05.224218+00:00
4831,1266679808,2.2741,0.000416,2.557,0.8,2026-09-20T07:30:06.009738+00:00
4832,1266941952,2.3148,0.000416,2.069,0.8,2026-09-20T07:30:06.797940+00:00
4833,1267204096,2.3877,0.000416,1.741,0.8,2026-09-20T07:30:07.594965+00:00
4834,1267466240,2.3929,0.000416,2.465,0.8,2026-09-20T07:30:08.389479+00:00
4835,1267728384,2.3505,0.000416,2.039,0.8,2026-09-20T07:30:09.179262+00:00
4836,1267990528,2.3326,0.000416,1.88,0.8,2026-09-20T07:30:09.964511+00:00
4837,1268252672,2.3473,0.000416,2.662,0.8,2026-09-20T07:30:10.752538+00:00
4838,1268514816,2.2642,0.000416,3.901,0.8,2026-09-20T07:30:11.555874+00:00
4839,1268776960,2.3504,0.000416,1.345,0.8,2026-09-20T07:30:12.346135+00:00
4840,1269039104,2.3557,0.000416,3.115,0.8,2026-09-20T07:30:13.132973+00:00
4841,1269301248,2.4059,0.000415,3.112,0.8,2026-09-20T07:30:13.918291+00:00
4842,1269563392,2.3792,0.000415,2.058,0.8,2026-09-20T07:30:14.712128+00:00
4843,1269825536,2.3985,0.000415,1.937,0.8,2026-09-20T07:30:15.510947+00:00
4844,1270087680,2.3567,0.000415,3.033,0.8,2026-09-20T07:30:16.297022+00:00
4845,1270349824,2.4043,0.000415,5.129,0.8,2026-09-20T07:30:17.092266+00:00
4846,1270611968,2.404,0.000415,1.982,0.8,2026-09-20T07:30:17.875534+00:00
4847,1270874112,2.3323,0.000415,3.151,0.8,2026-09-20T07:30:18.658934+00:00
4848,1271136256,2.3233,0.000415,3.642,0.8,2026-09-20T07:30:19.456584+00:00
4849,1271398400,2.3894,0.000415,2.486,0.8,2026-09-20T07:30:20.246546+00:00
4850,1271660544,2.406,0.000415,4.518,0.8,2026-09-20T07:30:21.034714+00:00
4851,1271922688,2.383,0.000415,5.858,0.8,2026-09-20T07:30:21.826741+00:00
4852,1272184832,2.3588,0.000415,3.54,0.8,2026-09-20T07:30:22.615400+00:00
4853,1272446976,2.3161,0.000415,1.996,0.8,2026-09-20T07:30:23.418263+00:00
4854,1272709120,2.3615,0.000414,3.116,0.8,2026-09-20T07:30:24.206702+00:00
4855,1272971264,2.2713,0.000414,4.128,0.8,2026-09-20T07:30:24.991930+00:00
4856,1273233408,2.3145,0.000414,1.969,0.8,2026-09-20T07:30:25.779568+00:00
4857,1273495552,2.3377,0.000414,2.668,0.8,2026-09-20T07:30:26.566664+00:00
4858,1273757696,2.3803,0.000414,3.44,0.8,2026-09-20T07:30:27.358220+00:00
4859,1274019840,2.3758,0.000414,3.447,0.8,2026-09-20T07:30:28.150086+00:00
4860,1274281984,2.3385,0.000414,3.046,0.8,2026-09-20T07:30:28.930402+00:00
4861,1274544128,2.3041,0.000414,2.126,0.8,2026-09-20T07:30:29.721483+00:00
4862,1274806272,2.3828,0.000414,4.758,0.8,2026-09-20T07:30:30.507150+00:00
4863,1275068416,2.3014,0.000414,3.549,0.8,2026-09-20T07:30:31.302611+00:00
4864,1275330560,2.3554,0.000414,2.724,0.8,2026-09-20T07:30:32.089267+00:00
4865,1275592704,2.3991,0.000414,3.91,0.8,2026-09-20T07:30:32.893928+00:00
4866,1275854848,2.4095,0.000414,3.091,0.8,2026-09-20T07:30:33.687147+00:00
4867,1276116992,2.3579,0.000413,1.686,0.8,2026-09-20T07:30:34.477336+00:00
4868,1276379136,2.3446,0.000413,2.157,0.8,2026-09-20T07:30:35.265918+00:00
4869,1276641280,2.3069,0.000413,1.803,0.8,2026-09-20T07:30:36.059000+00:00
4870,1276903424,2.3322,0.000413,3.32,0.8,2026-09-20T07:30:36.845047+00:00
4871,1277165568,2.3509,0.000413,1.933,0.8,2026-09-20T07:30:37.632140+00:00
4872,1277427712,2.2837,0.000413,1.772,0.8,2026-09-20T07:30:38.424605+00:00
4873,1277689856,2.3451,0.000413,2.377,0.8,2026-09-20T07:30:39.220871+00:00
4874,1277952000,2.308,0.000413,2.116,0.8,2026-09-20T07:30:40.003092+00:00
4875,1278214144,2.3609,0.000413,1.634,0.8,2026-09-20T07:30:40.788999+00:00
4876,1278476288,2.441,0.000413,3.275,0.8,2026-09-20T07:30:41.583923+00:00
4877,1278738432,2.3111,0.000413,3.777,0.8,2026-09-20T07:30:42.377643+00:00
4878,1279000576,2.2929,0.000413,4.941,0.8,2026-09-20T07:30:43.166425+00:00
4879,1279262720,2.3504,0.000413,2.339,0.8,2026-09-20T07:30:43.960887+00:00
4880,1279524864,2.3461,0.000413,2.208,0.8,2026-09-20T07:30:44.751596+00:00
4881,1279787008,2.4091,0.000412,2.01,0.8,2026-09-20T07:30:45.536580+00:00
4882,1280049152,2.3181,0.000412,8.681,0.8,2026-09-20T07:30:46.328828+00:00
4883,1280311296,2.3862,0.000412,3.642,0.8,2026-09-20T07:30:47.123343+00:00
4884,1280573440,2.3279,0.000412,7.485,0.8,2026-09-20T07:30:47.912703+00:00
4885,1280835584,2.4072,0.000412,3.492,0.8,2026-09-20T07:30:48.700837+00:00
4886,1281097728,2.3854,0.000412,2.781,0.8,2026-09-20T07:30:49.487712+00:00
4887,1281359872,2.3587,0.000412,4.344,0.8,2026-09-20T07:30:50.281790+00:00
4888,1281622016,2.3473,0.000412,2.718,0.8,2026-09-20T07:30:51.073844+00:00
4889,1281884160,2.3743,0.000412,4.865,0.8,2026-09-20T07:30:51.863190+00:00
4890,1282146304,2.357,0.000412,3.755,0.8,2026-09-20T07:30:52.656747+00:00
4891,1282408448,2.3209,0.000412,2.525,0.8,2026-09-20T07:30:53.452573+00:00
4892,1282670592,2.3304,0.000412,2.552,0.8,2026-09-20T07:30:54.246750+00:00
4893,1282932736,2.268,0.000412,3.001,0.8,2026-09-20T07:30:55.032528+00:00
4894,1283194880,2.3176,0.000411,3.207,0.8,2026-09-20T07:30:55.824859+00:00
4895,1283457024,2.3965,0.000411,1.528,0.8,2026-09-20T07:30:56.614669+00:00
4896,1283719168,2.3239,0.000411,7.052,0.8,2026-09-20T07:30:57.402333+00:00
4897,1283981312,2.3766,0.000411,11.206,0.8,2026-09-20T07:30:58.195616+00:00
4898,1284243456,2.3617,0.000411,2.685,0.8,2026-09-20T07:30:58.993464+00:00
4899,1284505600,2.3304,0.000411,3.641,0.8,2026-09-20T07:30:59.783303+00:00
4900,1284767744,2.3838,0.000411,2.676,0.8,2026-09-20T07:31:00.566435+00:00
4901,1285029888,2.3201,0.000411,3.908,0.8,2026-09-20T07:31:01.355701+00:00
4902,1285292032,2.4249,0.000411,2.566,0.8,2026-09-20T07:31:02.147147+00:00
4903,1285554176,2.2593,0.000411,1.822,0.8,2026-09-20T07:31:02.940250+00:00
4904,1285816320,2.3307,0.000411,3.43,0.8,2026-09-20T07:31:03.734746+00:00
4905,1286078464,2.3816,0.000411,1.388,0.8,2026-09-20T07:31:04.522522+00:00
4906,1286340608,2.3697,0.000411,2.089,0.8,2026-09-20T07:31:05.312141+00:00
4907,1286602752,2.3847,0.00041,4.029,0.8,2026-09-20T07:31:06.107549+00:00
4908,1286864896,2.2961,0.00041,4.728,0.8,2026-09-20T07:31:06.899413+00:00
4909,1287127040,2.348,0.00041,2.539,0.8,2026-09-20T07:31:07.694673+00:00
4910,1287389184,2.3456,0.00041,2.977,0.8,2026-09-20T07:31:08.479554+00:00
4911,1287651328,2.3718,0.00041,4.338,0.8,2026-09-20T07:31:09.273132+00:00
4912,1287913472,2.3672,0.00041,2.573,0.8,2026-09-20T07:31:10.062860+00:00
4913,1288175616,2.3307,0.00041,3.52,0.8,2026-09-20T07:31:10.861207+00:00
4914,1288437760,2.2994,0.00041,2.938,0.8,2026-09-20T07:31:11.653856+00:00
4915,1288699904,2.3049,0.00041,3.051,0.8,2026-09-20T07:31:12.452368+00:00
4916,1288962048,2.3361,0.00041,2.814,0.8,2026-09-20T07:31:13.249056+00:00
4917,1289224192,2.3252,0.00041,2.494,0.8,2026-09-20T07:31:14.055469+00:00
4918,1289486336,2.2804,0.00041,1.65,0.8,2026-09-20T07:31:14.849503+00:00
4919,1289748480,2.309,0.00041,3.223,0.8,2026-09-20T07:31:15.648247+00:00
4920,1290010624,2.3816,0.000409,3.132,0.8,2026-09-20T07:31:16.445947+00:00
4921,1290272768,2.3262,0.000409,1.979,0.8,2026-09-20T07:31:17.235552+00:00
4922,1290534912,2.3708,0.000409,3.263,0.8,2026-09-20T07:31:18.036068+00:00
4923,1290797056,2.3193,0.000409,2.488,0.8,2026-09-20T07:31:18.828408+00:00
4924,1291059200,2.386,0.000409,4.388,0.8,2026-09-20T07:31:19.637056+00:00
4925,1291321344,2.341,0.000409,2.696,0.8,2026-09-20T07:31:20.430973+00:00
4926,1291583488,2.3595,0.000409,3.574,0.8,2026-09-20T07:31:21.237496+00:00
4927,1291845632,2.3888,0.000409,1.669,0.8,2026-09-20T07:31:22.028851+00:00
4928,1292107776,2.2822,0.000409,3.24,0.8,2026-09-20T07:31:22.830492+00:00
4929,1292369920,2.3912,0.000409,1.844,0.8,2026-09-20T07:31:23.638963+00:00
4930,1292632064,2.3236,0.000409,6.877,0.8,2026-09-20T07:31:24.436543+00:00
4931,1292894208,2.332,0.000409,8.785,0.8,2026-09-20T07:31:25.235102+00:00
4932,1293156352,2.3858,0.000409,4.591,0.8,2026-09-20T07:31:26.031494+00:00
4933,1293418496,2.3939,0.000409,1.942,0.8,2026-09-20T07:31:26.830657+00:00
4934,1293680640,2.3373,0.000408,5.521,0.8,2026-09-20T07:31:27.640669+00:00
4935,1293942784,2.3451,0.000408,4.39,0.8,2026-09-20T07:31:28.440780+00:00
4936,1294204928,2.3385,0.000408,2.053,0.8,2026-09-20T07:31:29.243804+00:00
4937,1294467072,2.3363,0.000408,2.576,0.8,2026-09-20T07:31:30.055589+00:00
4938,1294729216,2.3998,0.000408,3.241,0.8,2026-09-20T07:31:30.854583+00:00
4939,1294991360,2.3477,0.000408,3.693,0.8,2026-09-20T07:31:31.653720+00:00
4940,1295253504,2.2817,0.000408,1.305,0.8,2026-09-20T07:31:32.453152+00:00
4941,1295515648,2.3512,0.000408,4.588,0.8,2026-09-20T07:31:33.265441+00:00
4942,1295777792,2.4066,0.000408,7.039,0.8,2026-09-20T07:31:34.076508+00:00
4943,1296039936,2.35,0.000408,14.875,0.8,2026-09-20T07:31:34.878945+00:00
4944,1296302080,2.4223,0.000408,4.078,0.8,2026-09-20T07:31:35.690669+00:00
4945,1296564224,2.3906,0.000408,4.101,0.8,2026-09-20T07:31:36.500184+00:00
4946,1296826368,2.3598,0.000408,5.177,0.8,2026-09-20T07:31:37.305989+00:00
4947,1297088512,2.3573,0.000407,13.745,0.8,2026-09-20T07:31:38.124226+00:00
4948,1297350656,2.2795,0.000407,3.812,0.8,2026-09-20T07:31:38.931664+00:00
4949,1297612800,2.4009,0.000407,4.885,0.8,2026-09-20T07:31:39.734202+00:00
4950,1297874944,2.4008,0.000407,4.921,0.8,2026-09-20T07:31:40.545854+00:00
4951,1298137088,2.3428,0.000407,3.276,0.8,2026-09-20T07:31:41.345163+00:00
4952,1298399232,2.3569,0.000407,2.748,0.8,2026-09-20T07:31:42.141841+00:00
4953,1298661376,2.3688,0.000407,4.474,0.8,2026-09-20T07:31:42.941426+00:00
4954,1298923520,2.2751,0.000407,4.212,0.8,2026-09-20T07:31:43.741274+00:00
4955,1299185664,2.3698,0.000407,24.701,0.8,2026-09-20T07:31:44.544596+00:00
4956,1299447808,2.372,0.000407,4.217,0.8,2026-09-20T07:31:45.340797+00:00
4957,1299709952,2.2833,0.000407,2.55,0.8,2026-09-20T07:31:46.154709+00:00
4958,1299972096,2.3243,0.000407,3.236,0.8,2026-09-20T07:31:46.957090+00:00
4959,1300234240,2.3669,0.000407,3.693,0.8,2026-09-20T07:31:47.754069+00:00
4960,1300496384,2.387,0.000406,2.648,0.8,2026-09-20T07:31:48.546947+00:00
4961,1300758528,2.3281,0.000406,10.584,0.8,2026-09-20T07:31:49.347168+00:00
4962,1301020672,2.3652,0.000406,2.889,0.8,2026-09-20T07:31:50.140736+00:00
4963,1301282816,2.3582,0.000406,8.595,0.8,2026-09-20T07:31:50.928255+00:00
4964,1301544960,2.3485,0.000406,5.927,0.8,2026-09-20T07:31:51.716395+00:00
4965,1301807104,2.3485,0.000406,2.453,0.8,2026-09-20T07:31:52.506500+00:00
4966,1302069248,2.245,0.000406,3.356,0.8,2026-09-20T07:31:53.294817+00:00
4967,1302331392,2.279,0.000406,2.416,0.8,2026-09-20T07:31:54.092734+00:00
4968,1302593536,2.3599,0.000406,3.725,0.8,2026-09-20T07:31:54.888892+00:00
4969,1302855680,2.2918,0.000406,3.923,0.8,2026-09-20T07:31:55.684499+00:00
4970,1303117824,2.3158,0.000406,7.547,0.8,2026-09-20T07:31:56.476792+00:00
4971,1303379968,2.3074,0.000406,6.997,0.8,2026-09-20T07:31:57.260880+00:00
4972,1303642112,2.3554,0.000406,5.64,0.8,2026-09-20T07:31:58.047766+00:00
4973,1303904256,2.3618,0.000405,2.601,0.8,2026-09-20T07:31:58.841851+00:00
4974,1304166400,2.3879,0.000405,2.528,0.8,2026-09-20T07:31:59.642159+00:00
4975,1304428544,2.3543,0.000405,3.435,0.8,2026-09-20T07:32:00.429455+00:00
4976,1304690688,2.3355,0.000405,8.732,0.8,2026-09-20T07:32:01.227895+00:00
4977,1304952832,2.4112,0.000405,7.13,0.8,2026-09-20T07:32:02.022104+00:00
4978,1305214976,2.3916,0.000405,6.081,0.8,2026-09-20T07:32:02.808919+00:00
4979,1305477120,2.3158,0.000405,9.514,0.8,2026-09-20T07:32:03.607457+00:00
4980,1305739264,2.4204,0.000405,3.045,0.8,2026-09-20T07:32:04.400972+00:00
4981,1306001408,2.3885,0.000405,3.684,0.8,2026-09-20T07:32:05.202912+00:00
4982,1306263552,2.2936,0.000405,6.626,0.8,2026-09-20T07:32:05.999147+00:00
4983,1306525696,2.3322,0.000405,6.043,0.8,2026-09-20T07:32:06.799568+00:00
4984,1306787840,2.3729,0.000405,5.08,0.8,2026-09-20T07:32:07.601145+00:00
4985,1307049984,2.3119,0.000405,3.275,0.8,2026-09-20T07:32:08.397091+00:00
4986,1307312128,2.3291,0.000405,3.877,0.8,2026-09-20T07:32:09.188457+00:00
4987,1307574272,2.3812,0.000404,8.18,0.8,2026-09-20T07:32:09.991463+00:00
4988,1307836416,2.4253,0.000404,8.918,0.8,2026-09-20T07:32:10.783149+00:00
4989,1308098560,2.4197,0.000404,9.855,0.8,2026-09-20T07:32:11.584047+00:00
4990,1308360704,2.3335,0.000404,9.528,0.8,2026-09-20T07:32:12.377819+00:00
4991,1308622848,2.3592,0.000404,7.906,0.8,2026-09-20T07:32:13.175983+00:00
4992,1308884992,2.3795,0.000404,21.84,0.8,2026-09-20T07:32:13.988961+00:00
4993,1309147136,2.3972,0.000404,24.752,0.8,2026-09-20T07:32:14.784306+00:00
4994,1309409280,2.4138,0.000404,63.687,0.8,2026-09-20T07:32:15.582972+00:00
4995,1309671424,2.4358,0.000404,26.345,0.8,2026-09-20T07:32:16.378839+00:00
4996,1309933568,2.3613,0.000404,53.275,0.8,2026-09-20T07:32:17.174929+00:00
4997,1310195712,2.3472,0.000404,23.385,0.8,2026-09-20T07:32:17.977777+00:00
4998,1310457856,2.4467,0.000404,186.348,0.8,2026-09-20T07:32:18.768304+00:00
4999,1310720000,2.5214,0.000404,277.344,0.8,2026-09-20T07:32:19.558828+00:00
5000,1310982144,2.598,0.000403,145.549,0.8,2026-09-20T07:32:42.751799+00:00
5001,1311244288,2.7356,0.000403,784.854,0.8,2026-09-20T07:32:43.567321+00:00
5002,1311506432,2.7644,0.000403,253.729,0.8,2026-09-20T07:32:44.373954+00:00
5003,1311768576,2.8071,0.000403,206.575,0.8,2026-09-20T07:32:45.192528+00:00
5004,1312030720,2.6925,0.000403,240.226,0.8,2026-09-20T07:32:46.005765+00:00
5005,1312292864,2.6808,0.000403,439.992,0.8,2026-09-20T07:32:46.817856+00:00
5006,1312555008,2.5795,0.000403,281.324,0.8,2026-09-20T07:32:47.642047+00:00
5007,1312817152,2.7075,0.000403,156.489,0.8,2026-09-20T07:32:48.460241+00:00
5008,1313079296,2.7536,0.000403,180.577,0.8,2026-09-20T07:32:49.276359+00:00
5009,1313341440,2.8565,0.000403,273.536,0.8,2026-09-20T07:32:50.076801+00:00
5010,1313603584,2.84,0.000403,497.042,0.8,2026-09-20T07:32:50.892246+00:00
5011,1313865728,2.9468,0.000403,383.834,0.8,2026-09-20T07:32:51.710735+00:00
5012,1314127872,3.0996,0.000403,958.013,0.8,2026-09-20T07:32:52.526648+00:00
5013,1314390016,3.2111,0.000402,855.449,0.8,2026-09-20T07:32:53.333004+00:00
5014,1314652160,3.2903,0.000402,772.363,0.8,2026-09-20T07:32:54.137886+00:00
5015,1314914304,3.2906,0.000402,1835.13,0.8,2026-09-20T07:32:54.953168+00:00
5016,1315176448,3.2248,0.000402,1024.99,0.8,2026-09-20T07:32:55.755049+00:00
5017,1315438592,3.2363,0.000402,2219.911,0.8,2026-09-20T07:32:56.557040+00:00
5018,1315700736,3.4,0.000402,1225.968,0.8,2026-09-20T07:32:57.378360+00:00
5019,1315962880,3.4373,0.000402,1163.026,0.8,2026-09-20T07:32:58.195134+00:00
5020,1316225024,3.3683,0.000402,816.68,0.8,2026-09-20T07:32:59.003389+00:00
5021,1316487168,3.3512,0.000402,933.332,0.8,2026-09-20T07:32:59.808217+00:00
5022,1316749312,3.5454,0.000402,638.553,0.8,2026-09-20T07:33:00.606960+00:00
5023,1317011456,3.3444,0.000402,856.143,0.8,2026-09-20T07:33:01.410788+00:00
5024,1317273600,3.456,0.000402,605.613,0.8,2026-09-20T07:33:02.211541+00:00
5025,1317535744,3.3241,0.000402,566.929,0.8,2026-09-20T07:33:03.019867+00:00
5026,1317797888,3.2774,0.000401,697.821,0.8,2026-09-20T07:33:03.824951+00:00
5027,1318060032,3.2435,0.000401,1133.664,0.8,2026-09-20T07:33:04.631530+00:00
5028,1318322176,3.2597,0.000401,1947.048,0.8,2026-09-20T07:33:05.434011+00:00
5029,1318584320,3.3181,0.000401,828.46,0.8,2026-09-20T07:33:06.231892+00:00
5030,1318846464,3.4352,0.000401,1010.073,0.8,2026-09-20T07:33:07.032093+00:00
5031,1319108608,3.3606,0.000401,843.033,0.8,2026-09-20T07:33:07.826972+00:00
5032,1319370752,3.5678,0.000401,751.581,0.8,2026-09-20T07:33:08.623754+00:00
5033,1319632896,3.7094,0.000401,1773.557,0.8,2026-09-20T07:33:09.428971+00:00
5034,1319895040,3.7316,0.000401,985.021,0.8,2026-09-20T07:33:10.234145+00:00
5035,1320157184,3.6898,0.000401,1255.696,0.8,2026-09-20T07:33:11.039169+00:00
5036,1320419328,3.6184,0.000401,1054.681,0.8,2026-09-20T07:33:11.834207+00:00
5037,1320681472,3.5041,0.000401,952.854,0.8,2026-09-20T07:33:12.633309+00:00
5038,1320943616,3.3961,0.000401,1348.362,0.8,2026-09-20T07:33:13.439014+00:00
5039,1321205760,3.3178,0.0004,1524.781,0.8,2026-09-20T07:33:14.234736+00:00
5040,1321467904,3.2555,0.0004,916.784,0.8,2026-09-20T07:33:15.041783+00:00
5041,1321730048,3.2576,0.0004,458.521,0.8,2026-09-20T07:33:15.846208+00:00
5042,1321992192,3.1802,0.0004,422.484,0.8,2026-09-20T07:33:16.640519+00:00
5043,1322254336,3.1519,0.0004,367.816,0.8,2026-09-20T07:33:17.443406+00:00
5044,1322516480,2.9873,0.0004,566.254,0.8,2026-09-20T07:33:18.257438+00:00
5045,1322778624,3.0337,0.0004,259.527,0.8,2026-09-20T07:33:19.064913+00:00
5046,1323040768,2.9432,0.0004,264.48,0.8,2026-09-20T07:33:19.879309+00:00
5047,1323302912,2.9476,0.0004,349.775,0.8,2026-09-20T07:33:20.679338+00:00
5048,1323565056,2.8317,0.0004,366.874,0.8,2026-09-20T07:33:21.486922+00:00
5049,1323827200,2.8477,0.0004,284.165,0.8,2026-09-20T07:33:22.295377+00:00
5050,1324089344,2.8617,0.0004,547.658,0.8,2026-09-20T07:33:23.094945+00:00
5051,1324351488,2.9514,0.0004,442.514,0.8,2026-09-20T07:33:23.903143+00:00
5052,1324613632,3.0117,0.000399,589.835,0.8,2026-09-20T07:33:24.712931+00:00
5053,1324875776,2.9347,0.000399,956.874,0.8,2026-09-20T07:33:25.542130+00:00
5054,1325137920,2.981,0.000399,701.213,0.8,2026-09-20T07:33:26.387151+00:00
5055,1325400064,3.0476,0.000399,651.008,0.8,2026-09-20T07:33:27.192063+00:00
5056,1325662208,3.0446,0.000399,802.347,0.8,2026-09-20T07:33:28.011390+00:00
5057,1325924352,3.0693,0.000399,702.914,0.8,2026-09-20T07:33:28.825460+00:00
5058,1326186496,3.0537,0.000399,948.434,0.8,2026-09-20T07:33:29.633981+00:00
5059,1326448640,3.0094,0.000399,676.574,0.8,2026-09-20T07:33:30.453487+00:00
5060,1326710784,3.0847,0.000399,842.18,0.8,2026-09-20T07:33:31.263725+00:00
5061,1326972928,3.0742,0.000399,829.307,0.8,2026-09-20T07:33:32.068637+00:00
5062,1327235072,3.0269,0.000399,789.975,0.8,2026-09-20T07:33:32.877247+00:00
5063,1327497216,3.0723,0.000399,601.931,0.8,2026-09-20T07:33:33.684006+00:00
5064,1327759360,2.9621,0.000399,962.69,0.8,2026-09-20T07:33:34.491636+00:00
5065,1328021504,3.0328,0.000398,1191.162,0.8,2026-09-20T07:33:35.304386+00:00
5066,1328283648,3.1318,0.000398,909.72,0.8,2026-09-20T07:33:36.117412+00:00
5067,1328545792,3.0178,0.000398,560.941,0.8,2026-09-20T07:33:36.935458+00:00
5068,1328807936,3.0471,0.000398,1098.108,0.8,2026-09-20T07:33:37.756202+00:00
5069,1329070080,3.0323,0.000398,637.013,0.8,2026-09-20T07:33:38.585623+00:00
5070,1329332224,2.9851,0.000398,1561.7,0.8,2026-09-20T07:33:39.401243+00:00
5071,1329594368,2.9711,0.000398,826.741,0.8,2026-09-20T07:33:40.215057+00:00
5072,1329856512,2.9823,0.000398,779.956,0.8,2026-09-20T07:33:41.027628+00:00
5073,1330118656,2.9405,0.000398,633.204,0.8,2026-09-20T07:33:41.836873+00:00
5074,1330380800,2.9243,0.000398,677.521,0.8,2026-09-20T07:33:42.653963+00:00
5075,1330642944,2.9695,0.000398,515.825,0.8,2026-09-20T07:33:43.470604+00:00
5076,1330905088,2.9678,0.000398,519.236,0.8,2026-09-20T07:33:44.271648+00:00
5077,1331167232,2.8381,0.000398,671.456,0.8,2026-09-20T07:33:45.073007+00:00
5078,1331429376,2.7953,0.000398,807.819,0.8,2026-09-20T07:33:45.890858+00:00
5079,1331691520,2.8825,0.000397,498.169,0.8,2026-09-20T07:33:46.702377+00:00
5080,1331953664,2.8973,0.000397,354.167,0.8,2026-09-20T07:33:47.511762+00:00
5081,1332215808,2.8005,0.000397,387.622,0.8,2026-09-20T07:33:48.329661+00:00
5082,1332477952,2.8517,0.000397,527.07,0.8,2026-09-20T07:33:49.148324+00:00
5083,1332740096,2.8963,0.000397,413.528,0.8,2026-09-20T07:33:49.964519+00:00
5084,1333002240,2.8302,0.000397,606.958,0.8,2026-09-20T07:33:50.771716+00:00
5085,1333264384,2.8674,0.000397,453.064,0.8,2026-09-20T07:33:51.586000+00:00
5086,1333526528,2.8622,0.000397,355.751,0.8,2026-09-20T07:33:52.394965+00:00
5087,1333788672,2.8685,0.000397,905.279,0.8,2026-09-20T07:33:53.239543+00:00
5088,1334050816,2.8694,0.000397,467.834,0.8,2026-09-20T07:33:54.037775+00:00
5089,1334312960,2.8726,0.000397,903.694,0.8,2026-09-20T07:33:54.839622+00:00
5090,1334575104,2.8526,0.000397,560.843,0.8,2026-09-20T07:33:55.637894+00:00
5091,1334837248,2.7815,0.000397,539.884,0.8,2026-09-20T07:33:56.478927+00:00
5092,1335099392,2.7117,0.000396,1024.495,0.8,2026-09-20T07:33:57.282138+00:00
5093,1335361536,2.8645,0.000396,562.324,0.8,2026-09-20T07:33:58.081817+00:00
5094,1335623680,2.7997,0.000396,690.538,0.8,2026-09-20T07:33:58.888783+00:00
5095,1335885824,2.8266,0.000396,1245.964,0.8,2026-09-20T07:33:59.692937+00:00
5096,1336147968,2.7719,0.000396,1000.335,0.8,2026-09-20T07:34:00.493367+00:00
5097,1336410112,2.8229,0.000396,1506.697,0.8,2026-09-20T07:34:01.293818+00:00
5098,1336672256,2.832,0.000396,1004.547,0.8,2026-09-20T07:34:02.085289+00:00
5099,1336934400,2.8213,0.000396,907.338,0.8,2026-09-20T07:34:02.884549+00:00
5100,1337196544,2.7993,0.000396,1608.054,0.8,2026-09-20T07:34:03.688501+00:00
5101,1337458688,2.7683,0.000396,1630.836,0.8,2026-09-20T07:34:04.485945+00:00
5102,1337720832,2.7386,0.000396,4996.895,0.8,2026-09-20T07:34:05.281632+00:00
5103,1337982976,2.7186,0.000396,993.129,0.8,2026-09-20T07:34:06.081988+00:00
5104,1338245120,2.7175,0.000396,1430.719,0.8,2026-09-20T07:34:06.873766+00:00
5105,1338507264,2.848,0.000395,1674.176,0.8,2026-09-20T07:34:07.660832+00:00
5106,1338769408,2.7013,0.000395,841.549,0.8,2026-09-20T07:34:08.454301+00:00
5107,1339031552,2.7591,0.000395,1110.232,0.8,2026-09-20T07:34:09.244493+00:00
5108,1339293696,2.7633,0.000395,1197.305,0.8,2026-09-20T07:34:10.042270+00:00
5109,1339555840,2.7019,0.000395,1247.474,0.8,2026-09-20T07:34:10.833833+00:00
5110,1339817984,2.647,0.000395,1320.487,0.8,2026-09-20T07:34:11.622473+00:00
5111,1340080128,2.6427,0.000395,1053.552,0.8,2026-09-20T07:34:12.410945+00:00
5112,1340342272,2.6511,0.000395,1026.363,0.8,2026-09-20T07:34:13.201939+00:00
5113,1340604416,2.7322,0.000395,967.651,0.8,2026-09-20T07:34:13.990168+00:00
5114,1340866560,2.7328,0.000395,506.812,0.8,2026-09-20T07:34:14.777028+00:00
5115,1341128704,2.7193,0.000395,650.215,0.8,2026-09-20T07:34:15.569737+00:00
5116,1341390848,2.7187,0.000395,554.393,0.8,2026-09-20T07:34:16.360754+00:00
5117,1341652992,2.6049,0.000395,763.23,0.8,2026-09-20T07:34:17.151194+00:00
5118,1341915136,2.7097,0.000394,613.031,0.8,2026-09-20T07:34:17.942474+00:00
5119,1342177280,2.7187,0.000394,908.548,0.8,2026-09-20T07:34:18.735003+00:00
5120,1342439424,2.6855,0.000394,1135.269,0.8,2026-09-20T07:34:19.531893+00:00
5121,1342701568,2.7191,0.000394,2502.691,0.8,2026-09-20T07:34:20.320299+00:00
5122,1342963712,2.6783,0.000394,1402.952,0.8,2026-09-20T07:34:21.115400+00:00
5123,1343225856,2.6295,0.000394,1197.706,0.8,2026-09-20T07:34:21.914647+00:00
5124,1343488000,2.6728,0.000394,1808.538,0.8,2026-09-20T07:34:22.699033+00:00
5125,1343750144,2.6857,0.000394,1107.501,0.8,2026-09-20T07:34:23.491456+00:00
5126,1344012288,2.6178,0.000394,744.752,0.8,2026-09-20T07:34:24.280344+00:00
5127,1344274432,2.6594,0.000394,1964.003,0.8,2026-09-20T07:34:25.076154+00:00
5128,1344536576,2.6099,0.000394,2069.0,0.8,2026-09-20T07:34:25.868574+00:00
5129,1344798720,2.666,0.000394,902.482,0.8,2026-09-20T07:34:26.667649+00:00
5130,1345060864,2.5491,0.000394,1353.831,0.8,2026-09-20T07:34:27.458501+00:00
5131,1345323008,2.6203,0.000393,786.647,0.8,2026-09-20T07:34:28.249004+00:00
5132,1345585152,2.6385,0.000393,597.041,0.8,2026-09-20T07:34:29.043401+00:00
5133,1345847296,2.5327,0.000393,665.028,0.8,2026-09-20T07:34:29.830566+00:00
5134,1346109440,2.6149,0.000393,1559.713,0.8,2026-09-20T07:34:30.623718+00:00
5135,1346371584,2.6739,0.000393,977.016,0.8,2026-09-20T07:34:31.413583+00:00
5136,1346633728,2.5931,0.000393,719.625,0.8,2026-09-20T07:34:32.204117+00:00
5137,1346895872,2.5147,0.000393,1359.571,0.8,2026-09-20T07:34:33.001565+00:00
5138,1347158016,2.5688,0.000393,680.102,0.8,2026-09-20T07:34:33.798462+00:00
5139,1347420160,2.5894,0.000393,955.511,0.8,2026-09-20T07:34:34.585827+00:00
5140,1347682304,2.587,0.000393,760.917,0.8,2026-09-20T07:34:35.392402+00:00
5141,1347944448,2.5393,0.000393,592.711,0.8,2026-09-20T07:34:36.194050+00:00
5142,1348206592,2.5568,0.000393,1029.571,0.8,2026-09-20T07:34:36.980867+00:00
5143,1348468736,2.5897,0.000393,907.069,0.8,2026-09-20T07:34:37.772572+00:00
5144,1348730880,2.6015,0.000392,627.519,0.8,2026-09-20T07:34:38.568244+00:00
5145,1348993024,2.6827,0.000392,1031.821,0.8,2026-09-20T07:34:39.356140+00:00
5146,1349255168,2.6541,0.000392,2239.41,0.8,2026-09-20T07:34:40.156496+00:00
5147,1349517312,2.6518,0.000392,890.946,0.8,2026-09-20T07:34:40.952234+00:00
5148,1349779456,2.6613,0.000392,972.396,0.8,2026-09-20T07:34:41.747323+00:00
5149,1350041600,2.5648,0.000392,1003.574,0.8,2026-09-20T07:34:42.545529+00:00
5150,1350303744,2.5363,0.000392,921.631,0.8,2026-09-20T07:34:43.335562+00:00
5151,1350565888,2.6261,0.000392,1079.306,0.8,2026-09-20T07:34:44.139441+00:00
5152,1350828032,2.5738,0.000392,1468.352,0.8,2026-09-20T07:34:44.931771+00:00
5153,1351090176,2.6069,0.000392,2294.801,0.8,2026-09-20T07:34:45.719790+00:00
5154,1351352320,2.687,0.000392,1073.791,0.8,2026-09-20T07:34:46.519117+00:00
5155,1351614464,2.6198,0.000392,1269.36,0.8,2026-09-20T07:34:47.311710+00:00
5156,1351876608,2.5973,0.000392,2006.144,0.8,2026-09-20T07:34:48.111638+00:00
5157,1352138752,2.6541,0.000391,1752.68,0.8,2026-09-20T07:34:48.915696+00:00
5158,1352400896,2.5551,0.000391,1383.521,0.8,2026-09-20T07:34:49.708964+00:00
5159,1352663040,2.5861,0.000391,949.19,0.8,2026-09-20T07:34:50.493544+00:00
5160,1352925184,2.6246,0.000391,1009.109,0.8,2026-09-20T07:34:51.282896+00:00
5161,1353187328,2.5912,0.000391,830.677,0.8,2026-09-20T07:34:52.071796+00:00
5162,1353449472,2.6394,0.000391,1015.662,0.8,2026-09-20T07:34:52.862683+00:00
5163,1353711616,2.6417,0.000391,1274.637,0.8,2026-09-20T07:34:53.655953+00:00
5164,1353973760,2.6457,0.000391,961.278,0.8,2026-09-20T07:34:54.449106+00:00
5165,1354235904,2.6175,0.000391,437.999,0.8,2026-09-20T07:34:55.239531+00:00
5166,1354498048,2.6091,0.000391,421.465,0.8,2026-09-20T07:34:56.025248+00:00
5167,1354760192,2.66,0.000391,243.011,0.8,2026-09-20T07:34:56.815002+00:00
5168,1355022336,3.0854,0.000391,161.076,0.8,2026-09-20T07:34:57.602311+00:00
5169,1355284480,4.1866,0.000391,85.247,0.8,2026-09-20T07:34:58.393214+00:00
5170,1355546624,4.9186,0.00039,80.28,0.8,2026-09-20T07:34:59.180873+00:00
5171,1355808768,4.6407,0.00039,50.788,0.8,2026-09-20T07:34:59.966138+00:00
5172,1356070912,4.5154,0.00039,53.223,0.8,2026-09-20T07:35:00.758470+00:00
5173,1356333056,5.3231,0.00039,65.235,0.8,2026-09-20T07:35:01.545148+00:00
5174,1356595200,6.6785,0.00039,94.52,0.8,2026-09-20T07:35:02.333849+00:00
5175,1356857344,5.9798,0.00039,32.774,0.8,2026-09-20T07:35:03.118258+00:00
5176,1357119488,5.7772,0.00039,37.195,0.8,2026-09-20T07:35:03.905432+00:00
5177,1357381632,5.2368,0.00039,26.855,0.8,2026-09-20T07:35:04.694536+00:00
5178,1357643776,4.3791,0.00039,17.175,0.8,2026-09-20T07:35:05.481022+00:00
5179,1357905920,3.9755,0.00039,16.254,0.8,2026-09-20T07:35:06.272997+00:00
5180,1358168064,3.5124,0.00039,12.3,0.8,2026-09-20T07:35:07.060963+00:00
5181,1358430208,3.2169,0.00039,15.649,0.8,2026-09-20T07:35:07.843116+00:00
5182,1358692352,2.9596,0.00039,10.871,0.8,2026-09-20T07:35:08.639326+00:00
5183,1358954496,2.8545,0.000389,11.123,0.8,2026-09-20T07:35:09.426496+00:00
5184,1359216640,2.785,0.000389,16.216,0.8,2026-09-20T07:35:10.218571+00:00
5185,1359478784,2.8097,0.000389,13.683,0.8,2026-09-20T07:35:11.012915+00:00
5186,1359740928,2.6696,0.000389,11.035,0.8,2026-09-20T07:35:11.799081+00:00
5187,1360003072,2.5358,0.000389,26.59,0.8,2026-09-20T07:35:12.593047+00:00
5188,1360265216,2.6779,0.000389,102.234,0.8,2026-09-20T07:35:13.377495+00:00
5189,1360527360,2.661,0.000389,26.244,0.8,2026-09-20T07:35:14.165008+00:00
5190,1360789504,2.6334,0.000389,10.971,0.8,2026-09-20T07:35:14.953152+00:00
5191,1361051648,2.5286,0.000389,65.789,0.8,2026-09-20T07:35:15.746205+00:00
5192,1361313792,2.6738,0.000389,9.351,0.8,2026-09-20T07:35:16.535981+00:00
5193,1361575936,2.647,0.000389,15.877,0.8,2026-09-20T07:35:17.330878+00:00
5194,1361838080,2.5583,0.000389,15.517,0.8,2026-09-20T07:35:18.118016+00:00
5195,1362100224,2.5641,0.000389,7.307,0.8,2026-09-20T07:35:18.906186+00:00
5196,1362362368,2.5724,0.000388,12.661,0.8,2026-09-20T07:35:19.695782+00:00
5197,1362624512,2.5411,0.000388,13.284,0.8,2026-09-20T07:35:20.495621+00:00
5198,1362886656,2.4937,0.000388,10.171,0.8,2026-09-20T07:35:21.279257+00:00
5199,1363148800,2.4895,0.000388,18.075,0.8,2026-09-20T07:35:22.069701+00:00
5200,1363410944,2.5215,0.000388,4.753,0.8,2026-09-20T07:35:22.857226+00:00
5201,1363673088,2.5209,0.000388,10.041,0.8,2026-09-20T07:35:23.651982+00:00
5202,1363935232,2.5838,0.000388,15.835,0.8,2026-09-20T07:35:24.445597+00:00
5203,1364197376,2.5859,0.000388,13.998,0.8,2026-09-20T07:35:25.241397+00:00
5204,1364459520,2.5452,0.000388,23.175,0.8,2026-09-20T07:35:26.024617+00:00
5205,1364721664,2.5213,0.000388,12.588,0.8,2026-09-20T07:35:26.804402+00:00
5206,1364983808,2.592,0.000388,18.697,0.8,2026-09-20T07:35:27.589665+00:00
5207,1365245952,2.5554,0.000388,15.714,0.8,2026-09-20T07:35:28.374512+00:00
5208,1365508096,2.5192,0.000388,7.237,0.8,2026-09-20T07:35:29.159287+00:00
5209,1365770240,2.5047,0.000387,24.51,0.8,2026-09-20T07:35:29.949365+00:00
5210,1366032384,2.4857,0.000387,19.11,0.8,2026-09-20T07:35:30.742499+00:00
5211,1366294528,2.4221,0.000387,11.839,0.8,2026-09-20T07:35:31.522392+00:00
5212,1366556672,2.5328,0.000387,9.709,0.8,2026-09-20T07:35:32.313763+00:00
5213,1366818816,2.5061,0.000387,18.925,0.8,2026-09-20T07:35:33.102707+00:00
5214,1367080960,2.4984,0.000387,19.154,0.8,2026-09-20T07:35:33.893228+00:00
5215,1367343104,2.5413,0.000387,9.492,0.8,2026-09-20T07:35:34.676035+00:00
5216,1367605248,2.5111,0.000387,25.965,0.8,2026-09-20T07:35:35.463929+00:00
5217,1367867392,2.4955,0.000387,16.172,0.8,2026-09-20T07:35:36.247827+00:00
5218,1368129536,2.5097,0.000387,26.416,0.8,2026-09-20T07:35:37.029875+00:00
5219,1368391680,2.56,0.000387,32.413,0.8,2026-09-20T07:35:37.819068+00:00
5220,1368653824,2.4779,0.000387,11.977,0.8,2026-09-20T07:35:38.610095+00:00
5221,1368915968,2.4978,0.000387,15.282,0.8,2026-09-20T07:35:39.398754+00:00
5222,1369178112,2.5254,0.000386,9.924,0.8,2026-09-20T07:35:40.191316+00:00
5223,1369440256,2.4768,0.000386,9.055,0.8,2026-09-20T07:35:40.972474+00:00
5224,1369702400,2.5801,0.000386,47.817,0.8,2026-09-20T07:35:41.767231+00:00
5225,1369964544,2.4637,0.000386,7.809,0.8,2026-09-20T07:35:42.556754+00:00
5226,1370226688,2.5415,0.000386,13.025,0.8,2026-09-20T07:35:43.341400+00:00
5227,1370488832,2.5385,0.000386,13.12,0.8,2026-09-20T07:35:44.125535+00:00
5228,1370750976,2.5205,0.000386,23.204,0.8,2026-09-20T07:35:44.909795+00:00
5229,1371013120,2.517,0.000386,4.412,0.8,2026-09-20T07:35:45.705363+00:00
5230,1371275264,2.4954,0.000386,9.503,0.8,2026-09-20T07:35:46.504317+00:00
5231,1371537408,2.5375,0.000386,10.447,0.8,2026-09-20T07:35:47.294619+00:00
5232,1371799552,2.4506,0.000386,22.213,0.8,2026-09-20T07:35:48.088500+00:00
5233,1372061696,2.4994,0.000386,15.928,0.8,2026-09-20T07:35:48.872796+00:00
5234,1372323840,2.5386,0.000386,18.8,0.8,2026-09-20T07:35:49.656342+00:00
5235,1372585984,2.474,0.000385,22.738,0.8,2026-09-20T07:35:50.439695+00:00
5236,1372848128,2.4936,0.000385,18.408,0.8,2026-09-20T07:35:51.226383+00:00
5237,1373110272,2.5526,0.000385,30.298,0.8,2026-09-20T07:35:52.015702+00:00
5238,1373372416,2.5383,0.000385,38.302,0.8,2026-09-20T07:35:52.798380+00:00
5239,1373634560,2.5849,0.000385,15.279,0.8,2026-09-20T07:35:53.593190+00:00
5240,1373896704,2.5848,0.000385,24.019,0.8,2026-09-20T07:35:54.384930+00:00
5241,1374158848,2.565,0.000385,32.724,0.8,2026-09-20T07:35:55.178657+00:00
5242,1374420992,2.5694,0.000385,26.022,0.8,2026-09-20T07:35:55.970916+00:00
5243,1374683136,2.5153,0.000385,22.61,0.8,2026-09-20T07:35:56.758723+00:00
5244,1374945280,2.5857,0.000385,18.97,0.8,2026-09-20T07:35:57.571950+00:00
5245,1375207424,2.5767,0.000385,19.863,0.8,2026-09-20T07:35:58.372470+00:00
5246,1375469568,2.5979,0.000385,54.087,0.8,2026-09-20T07:35:59.171465+00:00
5247,1375731712,2.6244,0.000385,28.37,0.8,2026-09-20T07:35:59.976103+00:00
5248,1375993856,2.4453,0.000384,52.205,0.8,2026-09-20T07:36:00.773242+00:00
5249,1376256000,2.6123,0.000384,76.33,0.8,2026-09-20T07:36:01.580244+00:00
5250,1376518144,2.5436,0.000384,27.175,0.8,2026-09-20T07:36:18.326741+00:00
5251,1376780288,2.5371,0.000384,60.38,0.8,2026-09-20T07:36:19.123787+00:00
5252,1377042432,2.6139,0.000384,24.798,0.8,2026-09-20T07:36:19.923575+00:00
5253,1377304576,2.5794,0.000384,25.102,0.8,2026-09-20T07:36:20.723525+00:00
5254,1377566720,2.4772,0.000384,69.985,0.8,2026-09-20T07:36:21.521850+00:00
5255,1377828864,2.5223,0.000384,18.753,0.8,2026-09-20T07:36:22.315660+00:00
5256,1378091008,2.5038,0.000384,16.332,0.8,2026-09-20T07:36:23.110426+00:00
5257,1378353152,2.4743,0.000384,27.304,0.8,2026-09-20T07:36:23.899346+00:00
5258,1378615296,2.4542,0.000384,23.48,0.8,2026-09-20T07:36:24.688629+00:00
5259,1378877440,2.3802,0.000384,10.896,0.8,2026-09-20T07:36:25.481161+00:00
5260,1379139584,2.5845,0.000384,22.267,0.8,2026-09-20T07:36:26.277987+00:00
5261,1379401728,2.4913,0.000383,16.611,0.8,2026-09-20T07:36:27.074191+00:00
5262,1379663872,2.4026,0.000383,22.156,0.8,2026-09-20T07:36:27.861186+00:00
5263,1379926016,2.42,0.000383,32.968,0.8,2026-09-20T07:36:28.657941+00:00
5264,1380188160,2.4888,0.000383,57.985,0.8,2026-09-20T07:36:29.463318+00:00
5265,1380450304,2.5596,0.000383,29.636,0.8,2026-09-20T07:36:30.259165+00:00
5266,1380712448,2.4447,0.000383,21.352,0.8,2026-09-20T07:36:31.057691+00:00
5267,1380974592,2.4448,0.000383,19.753,0.8,2026-09-20T07:36:31.859280+00:00
5268,1381236736,2.5137,0.000383,22.988,0.8,2026-09-20T07:36:32.663974+00:00
5269,1381498880,2.4916,0.000383,37.165,0.8,2026-09-20T07:36:33.466212+00:00
5270,1381761024,2.5221,0.000383,32.663,0.8,2026-09-20T07:36:34.276543+00:00
5271,1382023168,2.4829,0.000383,67.199,0.8,2026-09-20T07:36:35.081315+00:00
5272,1382285312,2.4527,0.000383,250.958,0.8,2026-09-20T07:36:35.881118+00:00
5273,1382547456,2.4713,0.000383,228.708,0.8,2026-09-20T07:36:36.675688+00:00
5274,1382809600,2.5628,0.000382,28.947,0.8,2026-09-20T07:36:37.473952+00:00
5275,1383071744,2.4465,0.000382,53.813,0.8,2026-09-20T07:36:38.269053+00:00
5276,1383333888,2.5079,0.000382,42.899,0.8,2026-09-20T07:36:39.062437+00:00
5277,1383596032,2.473,0.000382,262.492,0.8,2026-09-20T07:36:39.869888+00:00
5278,1383858176,2.4786,0.000382,58.729,0.8,2026-09-20T07:36:40.675180+00:00
5279,1384120320,2.4634,0.000382,31.761,0.8,2026-09-20T07:36:41.470805+00:00
5280,1384382464,2.502,0.000382,17.105,0.8,2026-09-20T07:36:42.262795+00:00
5281,1384644608,2.5054,0.000382,28.072,0.8,2026-09-20T07:36:43.063530+00:00
5282,1384906752,2.4968,0.000382,34.588,0.8,2026-09-20T07:36:43.868641+00:00
5283,1385168896,2.5338,0.000382,16.626,0.8,2026-09-20T07:36:44.669012+00:00
5284,1385431040,2.4582,0.000382,41.474,0.8,2026-09-20T07:36:45.461443+00:00
5285,1385693184,2.4578,0.000382,119.714,0.8,2026-09-20T07:36:46.260680+00:00
5286,1385955328,2.5332,0.000382,29.202,0.8,2026-09-20T07:36:47.049582+00:00
5287,1386217472,2.4711,0.000381,25.756,0.8,2026-09-20T07:36:47.839567+00:00
5288,1386479616,2.4958,0.000381,38.145,0.8,2026-09-20T07:36:48.631737+00:00
5289,1386741760,2.5461,0.000381,85.981,0.8,2026-09-20T07:36:49.429179+00:00
5290,1387003904,2.4924,0.000381,81.507,0.8,2026-09-20T07:36:50.220033+00:00
5291,1387266048,2.5411,0.000381,95.145,0.8,2026-09-20T07:36:51.007781+00:00
5292,1387528192,2.643,0.000381,145.351,0.8,2026-09-20T07:36:51.794301+00:00
5293,1387790336,2.5708,0.000381,874.629,0.8,2026-09-20T07:36:52.587140+00:00
5294,1388052480,2.5903,0.000381,761.744,0.8,2026-09-20T07:36:53.375247+00:00
5295,1388314624,2.6301,0.000381,415.573,0.8,2026-09-20T07:36:54.161245+00:00
5296,1388576768,2.6312,0.000381,1159.466,0.8,2026-09-20T07:36:54.951159+00:00
5297,1388838912,2.6627,0.000381,116.339,0.8,2026-09-20T07:36:55.739789+00:00
5298,1389101056,2.6,0.000381,79.273,0.8,2026-09-20T07:36:56.530295+00:00
5299,1389363200,2.5331,0.00038,74.647,0.8,2026-09-20T07:36:57.316899+00:00
5300,1389625344,2.4567,0.00038,39.093,0.8,2026-09-20T07:36:58.100490+00:00
5301,1389887488,2.4739,0.00038,69.362,0.8,2026-09-20T07:36:58.887742+00:00
5302,1390149632,2.5448,0.00038,43.753,0.8,2026-09-20T07:36:59.673952+00:00
5303,1390411776,2.4617,0.00038,144.293,0.8,2026-09-20T07:37:00.460292+00:00
5304,1390673920,2.5337,0.00038,75.159,0.8,2026-09-20T07:37:01.245522+00:00
5305,1390936064,2.5315,0.00038,112.005,0.8,2026-09-20T07:37:02.032032+00:00
5306,1391198208,2.4596,0.00038,46.696,0.8,2026-09-20T07:37:02.817339+00:00
5307,1391460352,2.5549,0.00038,49.926,0.8,2026-09-20T07:37:03.610835+00:00
5308,1391722496,2.4928,0.00038,82.294,0.8,2026-09-20T07:37:04.404217+00:00
5309,1391984640,2.4504,0.00038,93.364,0.8,2026-09-20T07:37:05.196980+00:00
5310,1392246784,2.4914,0.00038,23.039,0.8,2026-09-20T07:37:05.993722+00:00
5311,1392508928,2.4612,0.00038,23.851,0.8,2026-09-20T07:37:06.779753+00:00
5312,1392771072,2.4384,0.000379,19.345,0.8,2026-09-20T07:37:07.561625+00:00
5313,1393033216,2.5387,0.000379,18.303,0.8,2026-09-20T07:37:08.353589+00:00
5314,1393295360,2.6057,0.000379,179.766,0.8,2026-09-20T07:37:09.151826+00:00
5315,1393557504,2.9375,0.000379,101.334,0.8,2026-09-20T07:37:09.938443+00:00
5316,1393819648,2.6869,0.000379,68.939,0.8,2026-09-20T07:37:10.725726+00:00
5317,1394081792,2.6083,0.000379,63.704,0.8,2026-09-20T07:37:11.523315+00:00
5318,1394343936,2.4523,0.000379,28.119,0.8,2026-09-20T07:37:12.309560+00:00
5319,1394606080,2.5317,0.000379,54.013,0.8,2026-09-20T07:37:13.101502+00:00
5320,1394868224,2.5202,0.000379,17.7,0.8,2026-09-20T07:37:13.901239+00:00
5321,1395130368,2.5165,0.000379,12.761,0.8,2026-09-20T07:37:14.687093+00:00
5322,1395392512,2.4752,0.000379,17.373,0.8,2026-09-20T07:37:15.469791+00:00
5323,1395654656,2.5615,0.000379,68.685,0.8,2026-09-20T07:37:16.253213+00:00
5324,1395916800,2.5416,0.000379,68.361,0.8,2026-09-20T07:37:17.033719+00:00
5325,1396178944,2.5353,0.000378,74.401,0.8,2026-09-20T07:37:17.819870+00:00
5326,1396441088,2.5662,0.000378,145.862,0.8,2026-09-20T07:37:18.607488+00:00
5327,1396703232,2.6071,0.000378,133.066,0.8,2026-09-20T07:37:19.386532+00:00
5328,1396965376,2.5593,0.000378,54.159,0.8,2026-09-20T07:37:20.169639+00:00
5329,1397227520,2.4592,0.000378,40.762,0.8,2026-09-20T07:37:20.955489+00:00
5330,1397489664,2.4963,0.000378,229.941,0.8,2026-09-20T07:37:21.741645+00:00
5331,1397751808,2.5216,0.000378,43.215,0.8,2026-09-20T07:37:22.523995+00:00
5332,1398013952,2.4486,0.000378,89.15,0.8,2026-09-20T07:37:23.308251+00:00
5333,1398276096,2.5243,0.000378,27.463,0.8,2026-09-20T07:37:24.095155+00:00
5334,1398538240,2.5235,0.000378,107.982,0.8,2026-09-20T07:37:24.881796+00:00
5335,1398800384,2.5866,0.000378,86.828,0.8,2026-09-20T07:37:25.662418+00:00
5336,1399062528,2.5304,0.000378,61.817,0.8,2026-09-20T07:37:26.445072+00:00
5337,1399324672,2.4953,0.000378,90.303,0.8,2026-09-20T07:37:27.230958+00:00
5338,1399586816,2.4938,0.000377,80.275,0.8,2026-09-20T07:37:28.015095+00:00
5339,1399848960,2.5285,0.000377,69.343,0.8,2026-09-20T07:37:28.811884+00:00
5340,1400111104,2.5446,0.000377,140.664,0.8,2026-09-20T07:37:29.606994+00:00
5341,1400373248,2.5134,0.000377,1011.109,0.8,2026-09-20T07:37:30.414891+00:00
5342,1400635392,2.5195,0.000377,100.796,0.8,2026-09-20T07:37:31.207247+00:00
5343,1400897536,2.5508,0.000377,778.612,0.8,2026-09-20T07:37:32.003228+00:00
5344,1401159680,2.5585,0.000377,172.012,0.8,2026-09-20T07:37:32.795815+00:00
5345,1401421824,2.5473,0.000377,265.596,0.8,2026-09-20T07:37:33.586101+00:00
5346,1401683968,2.5414,0.000377,181.948,0.8,2026-09-20T07:37:34.374126+00:00
5347,1401946112,2.4944,0.000377,210.017,0.8,2026-09-20T07:37:35.173395+00:00
5348,1402208256,2.5604,0.000377,179.025,0.8,2026-09-20T07:37:35.972878+00:00
5349,1402470400,2.5948,0.000377,223.158,0.8,2026-09-20T07:37:36.770787+00:00
5350,1402732544,2.5062,0.000377,273.694,0.8,2026-09-20T07:37:37.564004+00:00
5351,1402994688,2.4484,0.000376,464.486,0.8,2026-09-20T07:37:38.359471+00:00
5352,1403256832,2.5001,0.000376,169.298,0.8,2026-09-20T07:37:39.156219+00:00
5353,1403518976,2.4848,0.000376,152.598,0.8,2026-09-20T07:37:39.950651+00:00
5354,1403781120,2.5323,0.000376,172.563,0.8,2026-09-20T07:37:40.740726+00:00
5355,1404043264,2.5072,0.000376,165.449,0.8,2026-09-20T07:37:41.530436+00:00
5356,1404305408,2.5291,0.000376,205.187,0.8,2026-09-20T07:37:42.320918+00:00
5357,1404567552,2.5513,0.000376,274.486,0.8,2026-09-20T07:37:43.110424+00:00
5358,1404829696,2.5006,0.000376,202.703,0.8,2026-09-20T07:37:43.905497+00:00
5359,1405091840,2.5114,0.000376,175.51,0.8,2026-09-20T07:37:44.689437+00:00
5360,1405353984,2.4831,0.000376,199.23,0.8,2026-09-20T07:37:45.479591+00:00
5361,1405616128,2.4843,0.000376,145.613,0.8,2026-09-20T07:37:46.265145+00:00
5362,1405878272,2.5235,0.000376,393.671,0.8,2026-09-20T07:37:47.047474+00:00
5363,1406140416,2.4798,0.000376,291.783,0.8,2026-09-20T07:37:47.828710+00:00
5364,1406402560,2.51,0.000375,211.28,0.8,2026-09-20T07:37:48.611074+00:00
5365,1406664704,2.501,0.000375,205.36,0.8,2026-09-20T07:37:49.392488+00:00
5366,1406926848,2.4214,0.000375,291.838,0.8,2026-09-20T07:37:50.175845+00:00
5367,1407188992,2.4698,0.000375,358.22,0.8,2026-09-20T07:37:50.956891+00:00
5368,1407451136,2.4285,0.000375,264.926,0.8,2026-09-20T07:37:51.744137+00:00
5369,1407713280,2.4611,0.000375,379.522,0.8,2026-09-20T07:37:52.525352+00:00
5370,1407975424,2.4108,0.000375,487.488,0.8,2026-09-20T07:37:53.309133+00:00
5371,1408237568,2.46,0.000375,505.904,0.8,2026-09-20T07:37:54.095135+00:00
5372,1408499712,2.4362,0.000375,702.288,0.8,2026-09-20T07:37:54.877513+00:00
5373,1408761856,2.444,0.000375,561.812,0.8,2026-09-20T07:37:55.660127+00:00
5374,1409024000,2.3923,0.000375,13410.938,0.8,2026-09-20T07:37:56.445391+00:00
5375,1409286144,2.5019,0.000375,1558.194,0.8,2026-09-20T07:37:57.228960+00:00
5376,1409548288,2.5375,0.000375,476.614,0.8,2026-09-20T07:37:58.012744+00:00
5377,1409810432,2.5146,0.000374,830.546,0.8,2026-09-20T07:37:58.793920+00:00
5378,1410072576,2.4961,0.000374,556.723,0.8,2026-09-20T07:37:59.571430+00:00
5379,1410334720,2.4969,0.000374,951.416,0.8,2026-09-20T07:38:00.354486+00:00
5380,1410596864,2.4999,0.000374,2587.54,0.8,2026-09-20T07:38:01.138257+00:00
5381,1410859008,2.5214,0.000374,773.823,0.8,2026-09-20T07:38:01.920657+00:00
5382,1411121152,2.5314,0.000374,4184.779,0.8,2026-09-20T07:38:02.704594+00:00
5383,1411383296,2.5244,0.000374,10390.506,0.8,2026-09-20T07:38:03.508845+00:00
5384,1411645440,2.5293,0.000374,2583.258,0.8,2026-09-20T07:38:04.309551+00:00
5385,1411907584,2.5585,0.000374,635.505,0.8,2026-09-20T07:38:05.110540+00:00
5386,1412169728,2.5824,0.000374,502.024,0.8,2026-09-20T07:38:05.908438+00:00
5387,1412431872,2.5285,0.000374,3143.251,0.8,2026-09-20T07:38:06.707003+00:00
5388,1412694016,2.6083,0.000374,611.33,0.8,2026-09-20T07:38:07.505208+00:00
5389,1412956160,2.542,0.000374,505.756,0.8,2026-09-20T07:38:08.310833+00:00
5390,1413218304,2.565,0.000373,908.254,0.8,2026-09-20T07:38:09.097702+00:00
5391,1413480448,2.5232,0.000373,806.784,0.8,2026-09-20T07:38:09.884230+00:00
5392,1413742592,2.5207,0.000373,1092.108,0.8,2026-09-20T07:38:10.670188+00:00
5393,1414004736,2.5487,0.000373,1550.365,0.8,2026-09-20T07:38:11.458023+00:00
5394,1414266880,2.54,0.000373,613.073,0.8,2026-09-20T07:38:12.243941+00:00
5395,1414529024,2.5331,0.000373,2304.629,0.8,2026-09-20T07:38:13.025883+00:00
5396,1414791168,2.5624,0.000373,458.176,0.8,2026-09-20T07:38:13.803412+00:00
5397,1415053312,2.5028,0.000373,1265.641,0.8,2026-09-20T07:38:14.586811+00:00
5398,1415315456,2.4624,0.000373,545.867,0.8,2026-09-20T07:38:15.375246+00:00
5399,1415577600,2.4422,0.000373,343.459,0.8,2026-09-20T07:38:16.157511+00:00
5400,1415839744,2.4976,0.000373,513.49,0.8,2026-09-20T07:38:16.942625+00:00
5401,1416101888,2.5281,0.000373,482.016,0.8,2026-09-20T07:38:17.739956+00:00
5402,1416364032,2.4351,0.000372,464.595,0.8,2026-09-20T07:38:18.540522+00:00
5403,1416626176,2.4832,0.000372,575.915,0.8,2026-09-20T07:38:19.335541+00:00
5404,1416888320,2.5165,0.000372,337.631,0.8,2026-09-20T07:38:20.143079+00:00
5405,1417150464,2.4368,0.000372,373.909,0.8,2026-09-20T07:38:20.942461+00:00
5406,1417412608,2.385,0.000372,1856.318,0.8,2026-09-20T07:38:21.740860+00:00
5407,1417674752,2.4149,0.000372,364.073,0.8,2026-09-20T07:38:22.540866+00:00
5408,1417936896,2.4827,0.000372,495.84,0.8,2026-09-20T07:38:23.338938+00:00
5409,1418199040,2.4737,0.000372,300.115,0.8,2026-09-20T07:38:24.131533+00:00
5410,1418461184,2.4217,0.000372,199.658,0.8,2026-09-20T07:38:24.919092+00:00
5411,1418723328,2.3939,0.000372,284.082,0.8,2026-09-20T07:38:25.702559+00:00
5412,1418985472,2.4137,0.000372,663.221,0.8,2026-09-20T07:38:26.492493+00:00
5413,1419247616,2.4501,0.000372,181.092,0.8,2026-09-20T07:38:27.274464+00:00
5414,1419509760,2.3919,0.000372,161.599,0.8,2026-09-20T07:38:28.057127+00:00
5415,1419771904,2.5452,0.000371,166.732,0.8,2026-09-20T07:38:28.841670+00:00
5416,1420034048,2.5884,0.000371,635.089,0.8,2026-09-20T07:38:29.624241+00:00
5417,1420296192,2.7266,0.000371,4823.554,0.8,2026-09-20T07:38:30.409326+00:00
5418,1420558336,2.9152,0.000371,1200.133,0.8,2026-09-20T07:38:31.194876+00:00
5419,1420820480,2.8189,0.000371,88.729,0.8,2026-09-20T07:38:31.976404+00:00
5420,1421082624,3.1938,0.000371,246.221,0.8,2026-09-20T07:38:32.755232+00:00
5421,1421344768,3.3103,0.000371,64.221,0.8,2026-09-20T07:38:33.536741+00:00
5422,1421606912,3.1601,0.000371,64.165,0.8,2026-09-20T07:38:34.317433+00:00
5423,1421869056,3.546,0.000371,42.412,0.8,2026-09-20T07:38:35.108264+00:00
5424,1422131200,3.8778,0.000371,113.814,0.8,2026-09-20T07:38:35.896699+00:00
5425,1422393344,3.817,0.000371,46.804,0.8,2026-09-20T07:38:36.682793+00:00
5426,1422655488,4.3453,0.000371,48.023,0.8,2026-09-20T07:38:37.463142+00:00
5427,1422917632,3.9989,0.000371,53.321,0.8,2026-09-20T07:38:38.249006+00:00
5428,1423179776,3.8401,0.00037,27.667,0.8,2026-09-20T07:38:39.037322+00:00
